filename,categorie,year,name,pdf_path,txt_path,path_local,url,href,http last-modified,pdf creation-date
8005-presidentielle-elabe-notice-publiable.pdf,Pres,2016.0,8005 Presidentielle ELABE NOTICE PUBLIABLE,archives/2016/avril/8005-presidentielle-elabe-notice-publiable.pdf,,archives/2016/avril/,http://www.commission-des-sondages.fr/notices/files/notices/2016/avril/8005-presidentielle-elabe-notice-publiable.pdf,/notices/medias/fichiers/add/18,2022-07-08 15:52:55,2016-04-28 14:47:00+02:00
113744-notice-pour-publication.pdf,Pres,2016.0,8009 pres TPE Ifop fiducial 12-05,archives/2016/mai/113744-notice-pour-publication.pdf,,archives/2016/mai/,http://www.commission-des-sondages.fr/notices/files/notices/2016/mai/113744-notice-pour-publication.pdf,/notices/medias/fichiers/add/26,2022-07-08 15:53:00,2016-05-11 11:37:50+02:00
113879-notice-pour-publication.pdf,Pres,2016.0,8008 pres ifop Sud radio 12-05,archives/2016/mai/113879-notice-pour-publication.pdf,,archives/2016/mai/,http://www.commission-des-sondages.fr/notices/files/notices/2016/mai/113879-notice-pour-publication.pdf,/notices/medias/fichiers/add/25,2022-07-08 15:53:00,2016-05-12 18:55:43+02:00
8006-prim-d-odoxa-le-parisien-bfm-3-05.pdf,Prim,2016.0,8006 Prim D Odoxa-Le Parisien-BFM 3-05,archives/2016/mai/8006-prim-d-odoxa-le-parisien-bfm-3-05.pdf,,archives/2016/mai/,http://www.commission-des-sondages.fr/notices/files/notices/2016/mai/8006-prim-d-odoxa-le-parisien-bfm-3-05.pdf,/notices/medias/fichiers/add/21,2022-07-08 15:53:00,2016-05-02 20:17:59+02:00
8007-pres-ifop-anacej-4-05.pdf,Pres,2016.0,8007 Pres Ifop Anacej 4-05,archives/2016/mai/8007-pres-ifop-anacej-4-05.pdf,,archives/2016/mai/,http://www.commission-des-sondages.fr/notices/files/notices/2016/mai/8007-pres-ifop-anacej-4-05.pdf,/notices/medias/fichiers/add/24,2022-07-08 15:53:01,2016-05-04 19:11:48+02:00
8010-pres-bva-pqr.pdf,Pres,2016.0,8010 pres BVA PQR 20-05,archives/2016/mai/8010-pres-bva-pqr.pdf,,archives/2016/mai/,http://www.commission-des-sondages.fr/notices/files/notices/2016/mai/8010-pres-bva-pqr.pdf,/notices/medias/fichiers/add/28,2022-07-08 15:53:01,2016-05-19 11:31:41+02:00
8011-prim-ifop-pour-publication.pdf,Prim,2016.0,8011 Prim ifop Paris Match 24 mai,archives/2016/mai/8011-prim-ifop-pour-publication.pdf,,archives/2016/mai/,http://www.commission-des-sondages.fr/notices/files/notices/2016/mai/8011-prim-ifop-pour-publication.pdf,/notices/medias/fichiers/add/29,2022-07-08 15:53:01,2016-05-24 16:36:51+02:00
8012-prim-d-ow-marianne-27-mai.pdf,Prim,2016.0,8012 Prim D OW Marianne 27 mai,archives/2016/mai/8012-prim-d-ow-marianne-27-mai.pdf,,archives/2016/mai/,http://www.commission-des-sondages.fr/notices/files/notices/2016/mai/8012-prim-d-ow-marianne-27-mai.pdf,/notices/medias/fichiers/add/30,2022-07-08 15:53:01,
8013-pres-ipsos-cevipof-v4.pdf,Pres,2016.0,8013 Pres IPSOS CEVIPOF V4,archives/2016/juin/8013-pres-ipsos-cevipof-v4.pdf,,archives/2016/juin/,http://www.commission-des-sondages.fr/notices/files/notices/2016/juin/8013-pres-ipsos-cevipof-v4.pdf,/notices/medias/fichiers/add/31,2022-07-08 15:52:59,2016-06-01 13:07:01+02:00
8014-pres-debelect-tns-tf1-12-juin-pub.pdf,Pres,2016.0,8014 Pres Débélect TNS TF1 12 juin pub,archives/2016/juin/8014-pres-debelect-tns-tf1-12-juin-pub.pdf,,archives/2016/juin/,http://www.commission-des-sondages.fr/notices/files/notices/2016/juin/8014-pres-debelect-tns-tf1-12-juin-pub.pdf,/notices/medias/fichiers/add/32,2022-07-08 15:52:58,2016-06-10 17:36:13+02:00
8016-prim-g-tns-17-juin-2016.pdf,Prim,2016.0,8016 Prim G TNS 17 Juin 2016,archives/2016/juin/8016-prim-g-tns-17-juin-2016.pdf,,archives/2016/juin/,http://www.commission-des-sondages.fr/notices/files/notices/2016/juin/8016-prim-g-tns-17-juin-2016.pdf,/notices/medias/fichiers/add/34,2022-07-08 15:52:58,2016-06-17 18:12:04+02:00
8017baro-pol-viavoice-libe-21-juin-2016.pdf,,2016.0,8017 Baro Pol Viavoice Libé 21 juin 2016 ,archives/2016/juin/8017baro-pol-viavoice-libe-21-juin-2016.pdf,,archives/2016/juin/,http://www.commission-des-sondages.fr/notices/files/notices/2016/juin/8017baro-pol-viavoice-libe-21-juin-2016.pdf,/notices/medias/fichiers/add/35,2022-07-08 15:52:59,2016-06-17 11:07:24+02:00
8018-pres-ifop-pm-21-juin.pdf,Pres,2016.0,8018 Pres ifop PM 21 juin,archives/2016/juin/8018-pres-ifop-pm-21-juin.pdf,,archives/2016/juin/,http://www.commission-des-sondages.fr/notices/files/notices/2016/juin/8018-pres-ifop-pm-21-juin.pdf,/notices/medias/fichiers/add/37,2022-07-08 15:52:59,2016-06-21 15:21:35+02:00
8019-prim-g-elabe-bfm-21-juin.pdf,Prim,2016.0,8019 prim G elabe bfm 21 juin,archives/2016/juin/8019-prim-g-elabe-bfm-21-juin.pdf,,archives/2016/juin/,http://www.commission-des-sondages.fr/notices/files/notices/2016/juin/8019-prim-g-elabe-bfm-21-juin.pdf,/notices/medias/fichiers/add/36,2022-07-08 15:53:00,2016-06-21 16:48:42+02:00
8020-prin-d-elabe-atlantico.pdf,Prim,2016.0,8020 Prim D Elabe Atlantico 22 Juin,archives/2016/juin/8020-prin-d-elabe-atlantico.pdf,,archives/2016/juin/,http://www.commission-des-sondages.fr/notices/files/notices/2016/juin/8020-prin-d-elabe-atlantico.pdf,/notices/medias/fichiers/add/38,2022-07-08 15:52:59,2016-06-21 13:01:19+02:00
8021-pres-elabe-les-echos-22-06.pdf,Pres,2016.0,8021 Pres Elabe Les échos 22-06,archives/2016/juin/8021-pres-elabe-les-echos-22-06.pdf,,archives/2016/juin/,http://www.commission-des-sondages.fr/notices/files/notices/2016/juin/8021-pres-elabe-les-echos-22-06.pdf,/notices/medias/fichiers/add/39,2022-07-08 15:53:00,2016-06-22 16:54:28+02:00
8022-prim-d-odoxa-le-parisien-26-juin-2016.pdf,Prim,2016.0,8022 Prim D Odoxa Le parisien 26 juin 2016,archives/2016/juin/8022-prim-d-odoxa-le-parisien-26-juin-2016.pdf,,archives/2016/juin/,http://www.commission-des-sondages.fr/notices/files/notices/2016/juin/8022-prim-d-odoxa-le-parisien-26-juin-2016.pdf,/notices/medias/fichiers/add/41,2022-07-08 15:53:00,2016-06-26 08:19:25+00:00
8023-elabe-lopinion-notice-30-06.pdf,Prim,2016.0,8023 Prim D – ELABE_LOPINION_NOTICE 30_06,archives/2016/juin/8023-elabe-lopinion-notice-30-06.pdf,,archives/2016/juin/,http://www.commission-des-sondages.fr/notices/files/notices/2016/juin/8023-elabe-lopinion-notice-30-06.pdf,/notices/medias/fichiers/add/42,2022-07-08 15:53:00,2016-06-30 11:48:34+02:00
notice-publiable-prim-g-tns-17-juin-2016.pdf,Prim,2016.0,8015 Notice publiable Prim G TNS 17 Juin,archives/2016/juin/notice-publiable-prim-g-tns-17-juin-2016.pdf,,archives/2016/juin/,http://www.commission-des-sondages.fr/notices/files/notices/2016/juin/notice-publiable-prim-g-tns-17-juin-2016.pdf,/notices/medias/fichiers/add/33,2022-07-08 15:53:00,2016-06-17 18:12:04+02:00
8024-viavoice-liberation.pdf,,2016.0,8024 Viavoice Libération,archives/2016/juillet/8024-viavoice-liberation.pdf,,archives/2016/juillet/,http://www.commission-des-sondages.fr/notices/files/notices/2016/juillet/8024-viavoice-liberation.pdf,/notices/medias/fichiers/add/43,2022-07-08 15:52:58,2016-07-01 15:03:29+02:00
8025-primd-tns-le-figaro.pdf,Prim,2016.0,8025 PrimD TNS  le figaro,archives/2016/juillet/8025-primd-tns-le-figaro.pdf,,archives/2016/juillet/,http://www.commission-des-sondages.fr/notices/files/notices/2016/juillet/8025-primd-tns-le-figaro.pdf,/notices/medias/fichiers/add/44,2022-07-08 15:52:57,2016-07-01 18:47:46+02:00
8026-primaire-d-ipsos-le-monde-v5.pdf,Prim,2016.0,8026 Primaire D Ipsos le monde V5,archives/2016/juillet/8026-primaire-d-ipsos-le-monde-v5.pdf,,archives/2016/juillet/,http://www.commission-des-sondages.fr/notices/files/notices/2016/juillet/8026-primaire-d-ipsos-le-monde-v5.pdf,/notices/medias/fichiers/add/45,2022-07-08 15:52:58,2016-07-05 18:38:21+02:00
8027-pres-hi-marianne-08-07.pdf,Pres,2016.0,8027 Pres HI Marianne 08:07,archives/2016/juillet/8027-pres-hi-marianne-08-07.pdf,,archives/2016/juillet/,http://www.commission-des-sondages.fr/notices/files/notices/2016/juillet/8027-pres-hi-marianne-08-07.pdf,/notices/medias/fichiers/add/47,2022-07-08 15:52:57,
8028-pres-emmanuele-macron-elabe-bmftv.pdf,Pres,2016.0,8028 Pres E Macron Elabe BMFTV,archives/2016/juillet/8028-pres-emmanuele-macron-elabe-bmftv.pdf,,archives/2016/juillet/,http://www.commission-des-sondages.fr/notices/files/notices/2016/juillet/8028-pres-emmanuele-macron-elabe-bmftv.pdf,/notices/medias/fichiers/add/49,2022-07-08 15:52:58,2016-07-12 15:18:48+02:00
8029-pres-bva-pqr.pdf,Pres,2016.0,8029 Pres BVA-PQR ,archives/2016/juillet/8029-pres-bva-pqr.pdf,,archives/2016/juillet/,http://www.commission-des-sondages.fr/notices/files/notices/2016/juillet/8029-pres-bva-pqr.pdf,/notices/medias/fichiers/add/50,2022-07-08 15:52:58,2016-07-12 16:18:42+02:00
8039-macron-elabe-bfm.pdf,,2016.0,8039 Macron Elabe BFM,archives/2016/aout/8039-macron-elabe-bfm.pdf,,archives/2016/aout/,http://www.commission-des-sondages.fr/notices/files/notices/2016/aout/8039-macron-elabe-bfm.pdf,/notices/medias/fichiers/add/59,2022-07-08 15:52:55,2016-09-01 11:23:34+02:00
8038-monarchie-bva.pdf,,2016.0,8038 Monarchie BVA,archives/2016/aout/8038-monarchie-bva.pdf,,archives/2016/aout/,http://www.commission-des-sondages.fr/notices/files/notices/2016/aout/8038-monarchie-bva.pdf,/notices/medias/fichiers/add/58,2022-07-08 15:52:55,2016-08-25 16:04:31+02:00
8037-prim-d-tns.pdf,Prim,2016.0,8037 prim D Tns ,archives/2016/aout/8037-prim-d-tns.pdf,,archives/2016/aout/,http://www.commission-des-sondages.fr/notices/files/notices/2016/aout/8037-prim-d-tns.pdf,/notices/medias/fichiers/add/56,2022-07-08 15:52:55,2016-08-29 10:19:32+02:00
8036-baro-viavoice.pdf,,2016.0,8036 Baro Viavoice,archives/2016/aout/8036-baro-viavoice.pdf,,archives/2016/aout/,http://www.commission-des-sondages.fr/notices/files/notices/2016/aout/8036-baro-viavoice.pdf,/notices/medias/fichiers/add/57,2022-07-08 15:52:55,2016-08-28 12:52:03+02:00
8035-prim-odoxa.pdf,Prim,2016.0,8035 Prim Odoxa,archives/2016/aout/8035-prim-odoxa.pdf,,archives/2016/aout/,http://www.commission-des-sondages.fr/notices/files/notices/2016/aout/8035-prim-odoxa.pdf,/notices/medias/fichiers/add/61,2022-07-08 15:52:55,
8034-agric-bva-terrenet.pdf,,2016.0,8034 Agric BVA TerreNet,archives/2016/aout/8034-agric-bva-terrenet.pdf,,archives/2016/aout/,http://www.commission-des-sondages.fr/notices/files/notices/2016/aout/8034-agric-bva-terrenet.pdf,/notices/medias/fichiers/add/54,2022-07-08 15:52:54,2016-08-25 11:58:46+02:00
8033-primg-ipsos.pdf,Prim,2016.0,8033 PrimG Ipsos,archives/2016/aout/8033-primg-ipsos.pdf,,archives/2016/aout/,http://www.commission-des-sondages.fr/notices/files/notices/2016/aout/8033-primg-ipsos.pdf,/notices/medias/fichiers/add/53,2022-07-08 15:52:54,2016-08-26 12:45:27+02:00
8032-montebourg-bva-l-obs.pdf,,2016.0,8032 Montebourg BVA l'obs,archives/2016/aout/8032-montebourg-bva-l-obs.pdf,,archives/2016/aout/,http://www.commission-des-sondages.fr/notices/files/notices/2016/aout/8032-montebourg-bva-l-obs.pdf,/notices/medias/fichiers/add/52,2022-07-08 15:52:54,2016-08-23 17:57:55+02:00
8031-primd-elabe-bfm.pdf,Prim,2016.0,8031 Primd elabe Bfm,archives/2016/aout/8031-primd-elabe-bfm.pdf,,archives/2016/aout/,http://www.commission-des-sondages.fr/notices/files/notices/2016/aout/8031-primd-elabe-bfm.pdf,/notices/medias/fichiers/add/51,2022-07-08 15:52:54,2016-08-23 16:16:05+02:00
114108-notice-pour-publication.pdf,Pres,2016.0,8030 Pres Ifop Atlantico,archives/2016/aout/114108-notice-pour-publication.pdf,,archives/2016/aout/,http://www.commission-des-sondages.fr/notices/files/notices/2016/aout/114108-notice-pour-publication.pdf,/notices/medias/fichiers/add/48,2022-07-08 15:52:54,2016-08-10 15:37:35+02:00
8040-prims-ifop-jdd.pdf,Prim,2016.0,8040 prims Ifop JDD,archives/2016/septembre/8040-prims-ifop-jdd.pdf,,archives/2016/septembre/,http://www.commission-des-sondages.fr/notices/files/notices/2016/septembre/8040-prims-ifop-jdd.pdf,/notices/medias/fichiers/add/62,2022-07-08 15:53:08,2016-09-05 17:47:03+02:00
8041-macron-odoxa.pdf,,2016.0,8041 Macron Odoxa,archives/2016/septembre/8041-macron-odoxa.pdf,,archives/2016/septembre/,http://www.commission-des-sondages.fr/notices/files/notices/2016/septembre/8041-macron-odoxa.pdf,/notices/medias/fichiers/add/64,2022-07-08 15:53:08,
8042-primd-baro-ifop.pdf,Prim,2016.0,8042 Primd Baro Ifop,archives/2016/septembre/8042-primd-baro-ifop.pdf,,archives/2016/septembre/,http://www.commission-des-sondages.fr/notices/files/notices/2016/septembre/8042-primd-baro-ifop.pdf,/notices/medias/fichiers/add/65,2022-07-08 15:53:08,2016-09-06 18:23:24+02:00
8043-pres-tns-sofres-sept-2016-vague-3.pdf,Pres,2016.0,8043 Pres TNS Sofres- sept 2016 (vague 3),archives/2016/septembre/8043-pres-tns-sofres-sept-2016-vague-3.pdf,,archives/2016/septembre/,http://www.commission-des-sondages.fr/notices/files/notices/2016/septembre/8043-pres-tns-sofres-sept-2016-vague-3.pdf,/notices/medias/fichiers/add/66,2022-07-08 15:53:08,2016-09-07 11:48:39+02:00
8044-hollande-elabe-bfmtv.pdf,,2016.0,8044 Hollande Elabe BFMtv,archives/2016/septembre/8044-hollande-elabe-bfmtv.pdf,,archives/2016/septembre/,http://www.commission-des-sondages.fr/notices/files/notices/2016/septembre/8044-hollande-elabe-bfmtv.pdf,/notices/medias/fichiers/add/67,2022-07-08 15:53:09,2016-09-07 19:22:43+02:00
8045-mlp-tns-tf1.pdf,,2016.0,8045 MLP TNS TF1,archives/2016/septembre/8045-mlp-tns-tf1.pdf,,archives/2016/septembre/,http://www.commission-des-sondages.fr/notices/files/notices/2016/septembre/8045-mlp-tns-tf1.pdf,/notices/medias/fichiers/add/68,2022-07-08 15:53:09,2016-09-09 18:00:36+02:00
8046-pres4-bva-pqr.pdf,Pres,2016.0,8046 Pres4 BVA PQR,archives/2016/septembre/8046-pres4-bva-pqr.pdf,,archives/2016/septembre/,http://www.commission-des-sondages.fr/notices/files/notices/2016/septembre/8046-pres4-bva-pqr.pdf,/notices/medias/fichiers/add/69,2022-07-08 15:53:09,2016-09-14 15:36:02+02:00
8047-primd-elabe-bfmtv.pdf,Prim,2016.0,8047 PrimD Elabe BFMtv ,archives/2016/septembre/8047-primd-elabe-bfmtv.pdf,,archives/2016/septembre/,http://www.commission-des-sondages.fr/notices/files/notices/2016/septembre/8047-primd-elabe-bfmtv.pdf,/notices/medias/fichiers/add/70,2022-07-08 15:53:09,2016-09-14 17:12:26+02:00
8048-primd-hi-france2.pdf,Prim,2016.0,8048 Primd  HI France2,archives/2016/septembre/8048-primd-hi-france2.pdf,,archives/2016/septembre/,http://www.commission-des-sondages.fr/notices/files/notices/2016/septembre/8048-primd-hi-france2.pdf,/notices/medias/fichiers/add/71,2022-07-08 15:53:09,
8049-primg-odoxa-france2-18-09.pdf,Prim,2016.0,8049 PrimG Odoxa France2 18-09,archives/2016/septembre/8049-primg-odoxa-france2-18-09.pdf,,archives/2016/septembre/,http://www.commission-des-sondages.fr/notices/files/notices/2016/septembre/8049-primg-odoxa-france2-18-09.pdf,/notices/medias/fichiers/add/72,2022-07-08 15:53:10,
8050-primg-montebourg-hi-franc-2.pdf,Prim,2016.0,8050 primG Montebourg Hi Franc 2,archives/2016/septembre/8050-primg-montebourg-hi-franc-2.pdf,,archives/2016/septembre/,http://www.commission-des-sondages.fr/notices/files/notices/2016/septembre/8050-primg-montebourg-hi-franc-2.pdf,/notices/medias/fichiers/add/74,2022-07-08 15:53:09,
8051-pres-elabe-les-echos.pdf,Pres,2016.0,"8051 Pres Elabe, les Échos",archives/2016/septembre/8051-pres-elabe-les-echos.pdf,,archives/2016/septembre/,http://www.commission-des-sondages.fr/notices/files/notices/2016/septembre/8051-pres-elabe-les-echos.pdf,/notices/medias/fichiers/add/75,2022-07-08 15:53:11,2016-09-22 18:06:09+02:00
8052-prim-d-bva-orange.pdf,Prim,2016.0,8052 Prim D Bva Orange,archives/2016/septembre/8052-prim-d-bva-orange.pdf,,archives/2016/septembre/,http://www.commission-des-sondages.fr/notices/files/notices/2016/septembre/8052-prim-d-bva-orange.pdf,/notices/medias/fichiers/add/76,2022-07-08 15:53:10,2016-09-23 16:59:06+02:00
8053-prims-ipsos-cevipof-26-09.pdf,Prim,2016.0,8053 Prims Ipsos Cévipof 26_09,archives/2016/septembre/8053-prims-ipsos-cevipof-26-09.pdf,,archives/2016/septembre/,http://www.commission-des-sondages.fr/notices/files/notices/2016/septembre/8053-prims-ipsos-cevipof-26-09.pdf,/notices/medias/fichiers/add/79,2022-07-08 15:53:10,2016-09-26 11:33:38+02:00
8054-primd-ifop-pm.pdf,Prim,2016.0,8054 PrimD Ifop PM,archives/2016/septembre/8054-primd-ifop-pm.pdf,,archives/2016/septembre/,http://www.commission-des-sondages.fr/notices/files/notices/2016/septembre/8054-primd-ifop-pm.pdf,/notices/medias/fichiers/add/80,2022-07-08 15:53:10,2016-09-27 16:17:28+02:00
8055-primd-tns-le-figaro.pdf,Prim,2016.0,8055 PrimD TNS le Figaro,archives/2016/septembre/8055-primd-tns-le-figaro.pdf,,archives/2016/septembre/,http://www.commission-des-sondages.fr/notices/files/notices/2016/septembre/8055-primd-tns-le-figaro.pdf,/notices/medias/fichiers/add/81,2022-07-08 15:53:11,2016-09-27 18:20:19+02:00
8056-prim-g-elabe-bfm-28-09.pdf,Prim,2016.0,8056 Prim G Elabe BFM 28:09,archives/2016/septembre/8056-prim-g-elabe-bfm-28-09.pdf,,archives/2016/septembre/,http://www.commission-des-sondages.fr/notices/files/notices/2016/septembre/8056-prim-g-elabe-bfm-28-09.pdf,/notices/medias/fichiers/add/82,2022-07-08 15:53:11,2016-09-28 15:59:07+02:00
8057-primg-bva-pqr.pdf,Prim,2016.0,8057 primG BVA PQR,archives/2016/septembre/8057-primg-bva-pqr.pdf,,archives/2016/septembre/,http://www.commission-des-sondages.fr/notices/files/notices/2016/septembre/8057-primg-bva-pqr.pdf,/notices/medias/fichiers/add/83,2022-07-08 15:53:11,2016-09-30 16:07:23+02:00
8082-prim-d-ifop-pm.pdf,Prim,2016.0,8082 Prim D Ifop PM,archives/2016/octobre/8082-prim-d-ifop-pm.pdf,,archives/2016/octobre/,http://www.commission-des-sondages.fr/notices/files/notices/2016/octobre/8082-prim-d-ifop-pm.pdf,/notices/medias/fichiers/add/109,2022-07-08 15:53:08,2016-10-26 11:29:49+02:00
8081-primg-kantar-le-figaro-mag.pdf,Prim,2016.0,8081 PrimG Kantar le Figaro Mag,archives/2016/octobre/8081-primg-kantar-le-figaro-mag.pdf,,archives/2016/octobre/,http://www.commission-des-sondages.fr/notices/files/notices/2016/octobre/8081-primg-kantar-le-figaro-mag.pdf,/notices/medias/fichiers/add/108,2022-07-08 15:53:08,2016-10-26 16:16:04+02:00
8080-pres-bva-orange.pdf,Pres,2016.0,8080 Pres BVA Orange,archives/2016/octobre/8080-pres-bva-orange.pdf,,archives/2016/octobre/,http://www.commission-des-sondages.fr/notices/files/notices/2016/octobre/8080-pres-bva-orange.pdf,/notices/medias/fichiers/add/107,2022-07-08 15:53:08,
8079-prim-d-hi-france2.pdf,Prim,2016.0,8079 Prim D HI France2,archives/2016/octobre/8079-prim-d-hi-france2.pdf,,archives/2016/octobre/,http://www.commission-des-sondages.fr/notices/files/notices/2016/octobre/8079-prim-d-hi-france2.pdf,/notices/medias/fichiers/add/106,2022-07-08 15:53:08,
8078-pres-kantar-le-figaro.pdf,Pres,2016.0,8078 Pres Kantar le Figaro,archives/2016/octobre/8078-pres-kantar-le-figaro.pdf,,archives/2016/octobre/,http://www.commission-des-sondages.fr/notices/files/notices/2016/octobre/8078-pres-kantar-le-figaro.pdf,/notices/medias/fichiers/add/102,2022-07-08 15:53:08,2016-10-25 18:13:39+02:00
8077-prim-g-elabe-l-express.pdf,Prim,2016.0,8077 Prim G Elabe l'Express,archives/2016/octobre/8077-prim-g-elabe-l-express.pdf,,archives/2016/octobre/,http://www.commission-des-sondages.fr/notices/files/notices/2016/octobre/8077-prim-g-elabe-l-express.pdf,/notices/medias/fichiers/add/101,2022-07-08 15:53:08,2016-10-24 18:40:51+02:00
8076-pres-ipsos-le-mone.pdf,Pres,2016.0,8076 Pres Ipsos le Mone ,archives/2016/octobre/8076-pres-ipsos-le-mone.pdf,,archives/2016/octobre/,http://www.commission-des-sondages.fr/notices/files/notices/2016/octobre/8076-pres-ipsos-le-mone.pdf,/notices/medias/fichiers/add/100,2022-07-08 15:53:08,2016-10-24 11:53:30+02:00
8075-pres-bva-pour-la-pqr.pdf,Pres,2016.0,8075 Pres BVA pour la PQR,archives/2016/octobre/8075-pres-bva-pour-la-pqr.pdf,,archives/2016/octobre/,http://www.commission-des-sondages.fr/notices/files/notices/2016/octobre/8075-pres-bva-pour-la-pqr.pdf,/notices/medias/fichiers/add/99,2022-07-08 15:53:07,2016-10-20 10:52:43+02:00
8074-prim-d-hi-france-2.pdf,Prim,2016.0,8074 Prim  D HI France 2,archives/2016/octobre/8074-prim-d-hi-france-2.pdf,,archives/2016/octobre/,http://www.commission-des-sondages.fr/notices/files/notices/2016/octobre/8074-prim-d-hi-france-2.pdf,/notices/medias/fichiers/add/98,2022-07-08 15:53:07,
8073-prim-g-elabe-bfmtv.pdf,Prim,2016.0,8073 prim G Elabe BFMTV,archives/2016/octobre/8073-prim-g-elabe-bfmtv.pdf,,archives/2016/octobre/,http://www.commission-des-sondages.fr/notices/files/notices/2016/octobre/8073-prim-g-elabe-bfmtv.pdf,/notices/medias/fichiers/add/97,2022-07-08 15:53:07,2016-10-19 17:49:54+02:00
8072-gouvernance-debat-ifop-synopia.pdf,,2016.0,8072 Gouvernance:débat Ifop-synopia,archives/2016/octobre/8072-gouvernance-debat-ifop-synopia.pdf,,archives/2016/octobre/,http://www.commission-des-sondages.fr/notices/files/notices/2016/octobre/8072-gouvernance-debat-ifop-synopia.pdf,/notices/medias/fichiers/add/96,2022-07-08 15:53:07,2016-10-18 15:39:48+02:00
8071-prim-g-ifop-jdd.pdf,Prim,2016.0,8071 prim G Ifop JDD,archives/2016/octobre/8071-prim-g-ifop-jdd.pdf,,archives/2016/octobre/,http://www.commission-des-sondages.fr/notices/files/notices/2016/octobre/8071-prim-g-ifop-jdd.pdf,/notices/medias/fichiers/add/95,2022-07-08 15:53:07,2016-10-18 15:14:47+02:00
8070-primaire-d-ipsos-le-parisien-bfmtv.pdf,Prim,2016.0,8070 Primaire D Ipsos le Parisien BFMTV,archives/2016/octobre/8070-primaire-d-ipsos-le-parisien-bfmtv.pdf,,archives/2016/octobre/,http://www.commission-des-sondages.fr/notices/files/notices/2016/octobre/8070-primaire-d-ipsos-le-parisien-bfmtv.pdf,/notices/medias/fichiers/add/94,2022-07-08 15:53:07,2016-10-15 11:35:29+02:00
8069-entreprendre-viavoice-le-figaro.pdf,,2016.0,8069 Entreprendre Viavoice Le Figaro,archives/2016/octobre/8069-entreprendre-viavoice-le-figaro.pdf,,archives/2016/octobre/,http://www.commission-des-sondages.fr/notices/files/notices/2016/octobre/8069-entreprendre-viavoice-le-figaro.pdf,/notices/medias/fichiers/add/93,2022-07-08 15:53:07,2016-10-13 18:32:55+02:00
8068-prim-d-debat-elabe-le-figaro.pdf,Prim,2016.0,8068 Prim D Débat Elabe le Figaro,archives/2016/octobre/8068-prim-d-debat-elabe-le-figaro.pdf,,archives/2016/octobre/,http://www.commission-des-sondages.fr/notices/files/notices/2016/octobre/8068-prim-d-debat-elabe-le-figaro.pdf,/notices/medias/fichiers/add/92,2022-07-08 15:53:07,2016-10-14 02:51:52+02:00
8067-primd-ow-atlantico.pdf,Prim,2016.0,8067 PrimD OW Atlantico,archives/2016/octobre/8067-primd-ow-atlantico.pdf,,archives/2016/octobre/,http://www.commission-des-sondages.fr/notices/files/notices/2016/octobre/8067-primd-ow-atlantico.pdf,/notices/medias/fichiers/add/134,2022-07-08 15:53:06,
8066-valeurs-partagees-lr-fn-hi-marianne.pdf,,2016.0,8066 Valeurs partagées LR:FN HI Marianne,archives/2016/octobre/8066-valeurs-partagees-lr-fn-hi-marianne.pdf,,archives/2016/octobre/,http://www.commission-des-sondages.fr/notices/files/notices/2016/octobre/8066-valeurs-partagees-lr-fn-hi-marianne.pdf,/notices/medias/fichiers/add/91,2022-07-08 15:53:06,
8065-primaires-d-elabe-bfmtv.pdf,Prim,2016.0,8065 primaires D elabe BFMTV,archives/2016/octobre/8065-primaires-d-elabe-bfmtv.pdf,,archives/2016/octobre/,http://www.commission-des-sondages.fr/notices/files/notices/2016/octobre/8065-primaires-d-elabe-bfmtv.pdf,/notices/medias/fichiers/add/90,2022-07-08 15:53:06,2016-10-12 15:58:11+02:00
8063-primd-kantar-sofres-le-figaro.pdf,Prim,2016.0,8063 PrimD Kantar Sofres le figaro,archives/2016/octobre/8063-primd-kantar-sofres-le-figaro.pdf,,archives/2016/octobre/,http://www.commission-des-sondages.fr/notices/files/notices/2016/octobre/8063-primd-kantar-sofres-le-figaro.pdf,/notices/medias/fichiers/add/89,2022-07-08 15:53:06,2016-10-10 09:45:02+02:00
8062-prim-d-odoxa-france-2.pdf,Prim,2016.0,8062 prim D Odoxa France 2,archives/2016/octobre/8062-prim-d-odoxa-france-2.pdf,,archives/2016/octobre/,http://www.commission-des-sondages.fr/notices/files/notices/2016/octobre/8062-prim-d-odoxa-france-2.pdf,/notices/medias/fichiers/add/88,2022-07-08 15:53:06,
8061-primd-odoxa-france-2.pdf,Prim,2016.0,8061 PrimD Odoxa France 2,archives/2016/octobre/8061-primd-odoxa-france-2.pdf,,archives/2016/octobre/,http://www.commission-des-sondages.fr/notices/files/notices/2016/octobre/8061-primd-odoxa-france-2.pdf,/notices/medias/fichiers/add/87,2022-07-08 15:53:06,
8060-prim-d-hi-france-2-5-10.pdf,Prim,2016.0,8060 Prim D HI France 2 - 5:10,archives/2016/octobre/8060-prim-d-hi-france-2-5-10.pdf,,archives/2016/octobre/,http://www.commission-des-sondages.fr/notices/files/notices/2016/octobre/8060-prim-d-hi-france-2-5-10.pdf,/notices/medias/fichiers/add/86,2022-07-08 15:53:06,
8059-elabe-db-bfmtv-les-ecologistes.pdf,,2016.0,8059 Elabe DB BFMTV Les écologistes,archives/2016/octobre/8059-elabe-db-bfmtv-les-ecologistes.pdf,,archives/2016/octobre/,http://www.commission-des-sondages.fr/notices/files/notices/2016/octobre/8059-elabe-db-bfmtv-les-ecologistes.pdf,/notices/medias/fichiers/add/85,2022-07-08 15:53:06,
8058-baro-viavoice-libe.pdf,,2016.0,8058 Baro Viavoice Libé,archives/2016/octobre/8058-baro-viavoice-libe.pdf,,archives/2016/octobre/,http://www.commission-des-sondages.fr/notices/files/notices/2016/octobre/8058-baro-viavoice-libe.pdf,/notices/medias/fichiers/add/84,2022-07-08 15:53:06,2016-09-30 16:03:27+02:00
8016-prim-d-ow-owlab.pdf,Prim,2016.0,8016 Prim D OW OWlab,archives/2016/novembre/8016-prim-d-ow-owlab.pdf,,archives/2016/novembre/,http://www.commission-des-sondages.fr/notices/files/notices/2016/novembre/8016-prim-d-ow-owlab.pdf,/notices/medias/fichiers/add/137,2022-07-08 15:53:01,
8083-primd-ifop-pm.pdf,Prim,2016.0,8083 PrimD Ifop PM,archives/2016/novembre/8083-primd-ifop-pm.pdf,,archives/2016/novembre/,http://www.commission-des-sondages.fr/notices/files/notices/2016/novembre/8083-primd-ifop-pm.pdf,/notices/medias/fichiers/add/110,2022-07-08 15:53:01,2016-11-02 12:33:31+01:00
8084-primd-ifop-jdd.pdf,Prim,2016.0,8084 PRIMD IFOP JDD,archives/2016/novembre/8084-primd-ifop-jdd.pdf,,archives/2016/novembre/,http://www.commission-des-sondages.fr/notices/files/notices/2016/novembre/8084-primd-ifop-jdd.pdf,/notices/medias/fichiers/add/111,2022-07-08 15:53:01,2016-11-02 15:09:39+01:00
8085-pres-viavoice-libe-liberation-3-novembre-2016.pdf,Pres,2016.0,8085 pres Viavoice Libé Libération. 3 novembre 2016,archives/2016/novembre/8085-pres-viavoice-libe-liberation-3-novembre-2016.pdf,,archives/2016/novembre/,http://www.commission-des-sondages.fr/notices/files/notices/2016/novembre/8085-pres-viavoice-libe-liberation-3-novembre-2016.pdf,/notices/medias/fichiers/add/112,2022-07-08 15:53:02,2016-11-02 15:21:21+01:00
8085-primg-bva-pqr.pdf,Prim,2016.0,8085 PrimG BVA pqr,archives/2016/novembre/8085-primg-bva-pqr.pdf,,archives/2016/novembre/,http://www.commission-des-sondages.fr/notices/files/notices/2016/novembre/8085-primg-bva-pqr.pdf,/notices/medias/fichiers/add/121,2022-07-08 15:53:02,2016-11-14 18:08:45+01:00
8086-primd-elabe-l-opinion.pdf,Prim,2016.0,8086 PrimD Elabe l'opinion,archives/2016/novembre/8086-primd-elabe-l-opinion.pdf,,archives/2016/novembre/,http://www.commission-des-sondages.fr/notices/files/notices/2016/novembre/8086-primd-elabe-l-opinion.pdf,/notices/medias/fichiers/add/113,2022-07-08 15:53:02,2016-11-02 17:21:38+01:00
8087-primd-odoxa-radioclassique.pdf,Prim,2016.0,8087 PrimD Odoxa radioClassique,archives/2016/novembre/8087-primd-odoxa-radioclassique.pdf,,archives/2016/novembre/,http://www.commission-des-sondages.fr/notices/files/notices/2016/novembre/8087-primd-odoxa-radioclassique.pdf,/notices/medias/fichiers/add/114,2022-07-08 15:53:02,2016-11-02 15:56:04+01:00
8088-primd-odoxa-france-info.pdf,Prim,2016.0,8088 PrimD Odoxa France Info,archives/2016/novembre/8088-primd-odoxa-france-info.pdf,,archives/2016/novembre/,http://www.commission-des-sondages.fr/notices/files/notices/2016/novembre/8088-primd-odoxa-france-info.pdf,/notices/medias/fichiers/add/115,2022-07-08 15:53:02,2016-11-02 17:18:36+01:00
8089-primd-ow-owlab.pdf,Prim,2016.0,8089 PrimD OW OWlab,archives/2016/novembre/8089-primd-ow-owlab.pdf,,archives/2016/novembre/,http://www.commission-des-sondages.fr/notices/files/notices/2016/novembre/8089-primd-ow-owlab.pdf,/notices/medias/fichiers/add/139,2022-07-08 15:53:02,
8090-prim-d-hi-france2.pdf,Prim,2016.0,8090 Prim D HI France2,archives/2016/novembre/8090-prim-d-hi-france2.pdf,,archives/2016/novembre/,http://www.commission-des-sondages.fr/notices/files/notices/2016/novembre/8090-prim-d-hi-france2.pdf,/notices/medias/fichiers/add/116,2022-07-08 15:53:02,
8091-primd-odoxa-france-2.pdf,Prim,2016.0,8091 PrimD Odoxa France 2,archives/2016/novembre/8091-primd-odoxa-france-2.pdf,,archives/2016/novembre/,http://www.commission-des-sondages.fr/notices/files/notices/2016/novembre/8091-primd-odoxa-france-2.pdf,/notices/medias/fichiers/add/117,2022-07-08 15:53:02,2016-11-11 17:04:02+01:00
8092-primd-kantar-le-figaro.pdf,Prim,2016.0,8092 PrimD Kantar le Figaro,archives/2016/novembre/8092-primd-kantar-le-figaro.pdf,,archives/2016/novembre/,http://www.commission-des-sondages.fr/notices/files/notices/2016/novembre/8092-primd-kantar-le-figaro.pdf,/notices/medias/fichiers/add/118,2022-07-08 15:53:02,2016-11-13 20:55:21+01:00
8093-baro-viavoice-libe.pdf,,2016.0,8093 Baro Viavoice Libé,archives/2016/novembre/8093-baro-viavoice-libe.pdf,,archives/2016/novembre/,http://www.commission-des-sondages.fr/notices/files/notices/2016/novembre/8093-baro-viavoice-libe.pdf,/notices/medias/fichiers/add/119,2022-07-08 15:53:03,2016-11-14 11:22:50+01:00
8094-primg-ipsos-le-parisien.pdf,Prim,2016.0,8094 PrimG Ipsos le Parisien,archives/2016/novembre/8094-primg-ipsos-le-parisien.pdf,,archives/2016/novembre/,http://www.commission-des-sondages.fr/notices/files/notices/2016/novembre/8094-primg-ipsos-le-parisien.pdf,/notices/medias/fichiers/add/120,2022-07-08 15:53:03,2016-11-14 16:32:29+01:00
8096-prim-d-ifop-pm.pdf,Prim,2016.0,8096 Prim D Ifop PM,archives/2016/novembre/8096-prim-d-ifop-pm.pdf,,archives/2016/novembre/,http://www.commission-des-sondages.fr/notices/files/notices/2016/novembre/8096-prim-d-ifop-pm.pdf,/notices/medias/fichiers/add/122,2022-07-08 15:53:03,2016-11-15 14:59:47+01:00
8097-primd-bva-pqr.pdf,Prim,2016.0,8097 PrimD BVA PQR,archives/2016/novembre/8097-primd-bva-pqr.pdf,,archives/2016/novembre/,http://www.commission-des-sondages.fr/notices/files/notices/2016/novembre/8097-primd-bva-pqr.pdf,/notices/medias/fichiers/add/123,2022-07-08 15:53:03,2016-11-15 18:25:24+01:00
8098-primd-ow-atalantico.pdf,Prim,2016.0,8098 primD OW Atalantico,archives/2016/novembre/8098-primd-ow-atalantico.pdf,,archives/2016/novembre/,http://www.commission-des-sondages.fr/notices/files/notices/2016/novembre/8098-primd-ow-atalantico.pdf,/notices/medias/fichiers/add/136,2022-07-08 15:53:03,
8099-primd-elabe-bfm.pdf,Prim,2016.0,8099 primD Elabe BFM,archives/2016/novembre/8099-primd-elabe-bfm.pdf,,archives/2016/novembre/,http://www.commission-des-sondages.fr/notices/files/notices/2016/novembre/8099-primd-elabe-bfm.pdf,/notices/medias/fichiers/add/124,2022-07-08 15:53:03,2016-11-16 15:38:30+01:00
8100-pres-ifop-cevipof-lm.pdf,Pres,2016.0,8100 Pres Ifop Cevipof LM,archives/2016/novembre/8100-pres-ifop-cevipof-lm.pdf,,archives/2016/novembre/,http://www.commission-des-sondages.fr/notices/files/notices/2016/novembre/8100-pres-ifop-cevipof-lm.pdf,/notices/medias/fichiers/add/125,2022-07-08 15:53:03,2016-11-16 17:23:48+01:00
8101-primd-elabe-bfm.pdf,Prim,2016.0,8101 Primd élabe BFM,archives/2016/novembre/8101-primd-elabe-bfm.pdf,,archives/2016/novembre/,http://www.commission-des-sondages.fr/notices/files/notices/2016/novembre/8101-primd-elabe-bfm.pdf,/notices/medias/fichiers/add/126,2022-07-08 15:53:03,2016-11-18 12:20:24+01:00
8102-pres-odoxa-franceinfo.pdf,Pres,2016.0,8102 Pres Odoxa FranceInfo,archives/2016/novembre/8102-pres-odoxa-franceinfo.pdf,,archives/2016/novembre/,http://www.commission-des-sondages.fr/notices/files/notices/2016/novembre/8102-pres-odoxa-franceinfo.pdf,/notices/medias/fichiers/add/127,2022-07-08 15:53:03,2016-11-18 18:27:06+01:00
8103-prim-d-ifop-sud-radio.pdf,Prim,2016.0,8103 Prim D Ifop Sud radio,archives/2016/novembre/8103-prim-d-ifop-sud-radio.pdf,,archives/2016/novembre/,http://www.commission-des-sondages.fr/notices/files/notices/2016/novembre/8103-prim-d-ifop-sud-radio.pdf,/notices/medias/fichiers/add/128,2022-07-08 15:53:04,2016-11-18 18:14:17+01:00
8104-primd-ipsos-le-monde.pdf,Prim,2016.0,8104 primD Ipsos Le Monde,archives/2016/novembre/8104-primd-ipsos-le-monde.pdf,,archives/2016/novembre/,http://www.commission-des-sondages.fr/notices/files/notices/2016/novembre/8104-primd-ipsos-le-monde.pdf,/notices/medias/fichiers/add/129,2022-07-08 15:53:04,2016-11-18 20:18:30+01:00
8105-primd-odoxa-france-2.pdf,Prim,2016.0,8105 PrimD Odoxa France 2,archives/2016/novembre/8105-primd-odoxa-france-2.pdf,,archives/2016/novembre/,http://www.commission-des-sondages.fr/notices/files/notices/2016/novembre/8105-primd-odoxa-france-2.pdf,/notices/medias/fichiers/add/130,2022-07-08 15:53:04,2016-11-20 20:38:53+01:00
8107-primd-odoxa-france-info.pdf,Prim,2016.0,8107 PrimD Odoxa France Info,archives/2016/novembre/8107-primd-odoxa-france-info.pdf,,archives/2016/novembre/,http://www.commission-des-sondages.fr/notices/files/notices/2016/novembre/8107-primd-odoxa-france-info.pdf,/notices/medias/fichiers/add/131,2022-07-08 15:53:04,
8108-primd-elabe.pdf,Prim,2016.0,8108 PRIMD elabe,archives/2016/novembre/8108-primd-elabe.pdf,,archives/2016/novembre/,http://www.commission-des-sondages.fr/notices/files/notices/2016/novembre/8108-primd-elabe.pdf,/notices/medias/fichiers/add/132,2022-07-08 15:53:04,2016-11-25 15:16:38+01:00
8109-primd-ow-ow.pdf,Prim,2016.0,8109 PrimD OW OW,archives/2016/novembre/8109-primd-ow-ow.pdf,,archives/2016/novembre/,http://www.commission-des-sondages.fr/notices/files/notices/2016/novembre/8109-primd-ow-ow.pdf,/notices/medias/fichiers/add/138,2022-07-08 15:53:04,
8110-primd-ifop-pm.pdf,Prim,2016.0,8110 PrimD ifop PM,archives/2016/novembre/8110-primd-ifop-pm.pdf,,archives/2016/novembre/,http://www.commission-des-sondages.fr/notices/files/notices/2016/novembre/8110-primd-ifop-pm.pdf,/notices/medias/fichiers/add/133,2022-07-08 15:53:04,2016-11-26 16:59:13+01:00
8111-pres-odoxa-france2.pdf,Pres,2016.0,8111 Pres ODOXA France2,archives/2016/novembre/8111-pres-odoxa-france2.pdf,,archives/2016/novembre/,http://www.commission-des-sondages.fr/notices/files/notices/2016/novembre/8111-pres-odoxa-france2.pdf,/notices/medias/fichiers/add/140,2022-07-08 15:53:04,2016-11-27 23:01:16+01:00
8112-primd-hi-public-senat-lcp.pdf,Prim,2016.0,8112 PrimD HI (Public Sénat-LCP),archives/2016/novembre/8112-primd-hi-public-senat-lcp.pdf,,archives/2016/novembre/,http://www.commission-des-sondages.fr/notices/files/notices/2016/novembre/8112-primd-hi-public-senat-lcp.pdf,/notices/medias/fichiers/add/141,2022-07-08 15:53:05,
8113-primd-debat-hi-atlantico.pdf,Prim,2016.0,8113 PrimD débat HI Atlantico,archives/2016/novembre/8113-primd-debat-hi-atlantico.pdf,,archives/2016/novembre/,http://www.commission-des-sondages.fr/notices/files/notices/2016/novembre/8113-primd-debat-hi-atlantico.pdf,/notices/medias/fichiers/add/142,2022-07-08 15:53:05,
8114-primd-hi-atlantico.pdf,Prim,2016.0,8114 PrimD HI Atlantico,archives/2016/novembre/8114-primd-hi-atlantico.pdf,,archives/2016/novembre/,http://www.commission-des-sondages.fr/notices/files/notices/2016/novembre/8114-primd-hi-atlantico.pdf,/notices/medias/fichiers/add/143,2022-07-08 15:53:05,
8115-pres-kantar-le-figaro.pdf,Pres,2016.0,8115 Pres Kantar le figaro,archives/2016/novembre/8115-pres-kantar-le-figaro.pdf,,archives/2016/novembre/,http://www.commission-des-sondages.fr/notices/files/notices/2016/novembre/8115-pres-kantar-le-figaro.pdf,/notices/medias/fichiers/add/144,2022-07-08 15:53:05,2016-11-29 19:25:36+01:00
8116-pres-elabe-les-echos.pdf,Pres,2016.0,8116 Pres Elabe les échos,archives/2016/novembre/8116-pres-elabe-les-echos.pdf,,archives/2016/novembre/,http://www.commission-des-sondages.fr/notices/files/notices/2016/novembre/8116-pres-elabe-les-echos.pdf,/notices/medias/fichiers/add/145,2022-07-08 15:53:06,2016-11-30 12:22:41+01:00
8117-primg-bva-orange.pdf,Prim,2016.0,8117 primG Bva Orange,archives/2016/novembre/8117-primg-bva-orange.pdf,,archives/2016/novembre/,http://www.commission-des-sondages.fr/notices/files/notices/2016/novembre/8117-primg-bva-orange.pdf,/notices/medias/fichiers/add/146,2022-07-08 15:53:05,2016-12-02 15:40:24+01:00
8118-primg-hi-rmc.pdf,Prim,2016.0,8118 primG HI rmc,archives/2016/novembre/8118-primg-hi-rmc.pdf,,archives/2016/novembre/,http://www.commission-des-sondages.fr/notices/files/notices/2016/novembre/8118-primg-hi-rmc.pdf,/notices/medias/fichiers/add/147,2022-07-08 15:53:06,
8119-2-primg-ifop-jdd.pdf,Prim,2016.0,8119-2 PRIMG Ifop jdd,archives/2016/decembre/8119-2-primg-ifop-jdd.pdf,,archives/2016/decembre/,http://www.commission-des-sondages.fr/notices/files/notices/2016/decembre/8119-2-primg-ifop-jdd.pdf,/notices/medias/fichiers/add/149,2022-07-08 15:52:55,2016-12-06 15:47:34+01:00
8120-pres-ifop-pm.pdf,Pres,2016.0,8120 Pres IFOP PM,archives/2016/decembre/8120-pres-ifop-pm.pdf,,archives/2016/decembre/,http://www.commission-des-sondages.fr/notices/files/notices/2016/decembre/8120-pres-ifop-pm.pdf,/notices/medias/fichiers/add/150,2022-07-08 15:52:56,2016-12-06 17:07:36+01:00
8121-pres-bva-pqr.pdf,Pres,2016.0,8121 Pres BVA PQR,archives/2016/decembre/8121-pres-bva-pqr.pdf,,archives/2016/decembre/,http://www.commission-des-sondages.fr/notices/files/notices/2016/decembre/8121-pres-bva-pqr.pdf,/notices/medias/fichiers/add/151,2022-07-08 15:52:56,2016-12-06 17:27:30+01:00
8122-prim-g-hi-france-2.pdf,Prim,2016.0,8122 Prim G HI France 2,archives/2016/decembre/8122-prim-g-hi-france-2.pdf,,archives/2016/decembre/,http://www.commission-des-sondages.fr/notices/files/notices/2016/decembre/8122-prim-g-hi-france-2.pdf,/notices/medias/fichiers/add/152,2022-07-08 15:52:56,
8123-pres-ipsos-cevipof.pdf,Pres,2016.0,8123 PRES IPSOS cevipof,archives/2016/decembre/8123-pres-ipsos-cevipof.pdf,,archives/2016/decembre/,http://www.commission-des-sondages.fr/notices/files/notices/2016/decembre/8123-pres-ipsos-cevipof.pdf,/notices/medias/fichiers/add/153,2022-07-08 15:52:56,2016-12-12 16:47:44+01:00
8124-pres-sante-hi-lcp.pdf,Pres,2016.0,8124 PRES Santé HI LCP,archives/2016/decembre/8124-pres-sante-hi-lcp.pdf,,archives/2016/decembre/,http://www.commission-des-sondages.fr/notices/files/notices/2016/decembre/8124-pres-sante-hi-lcp.pdf,/notices/medias/fichiers/add/154,2022-07-08 15:52:56,
8125-prim-g-hi-france-2-ep.pdf,Prim,2016.0,8125 prim G HI France 2 EP,archives/2016/decembre/8125-prim-g-hi-france-2-ep.pdf,,archives/2016/decembre/,http://www.commission-des-sondages.fr/notices/files/notices/2016/decembre/8125-prim-g-hi-france-2-ep.pdf,/notices/medias/fichiers/add/155,2022-07-08 15:52:56,
8126-primg-yougov-huffpost.pdf,Prim,2016.0,8126 PrimG Yougov Huffpost,archives/2016/decembre/8126-primg-yougov-huffpost.pdf,,archives/2016/decembre/,http://www.commission-des-sondages.fr/notices/files/notices/2016/decembre/8126-primg-yougov-huffpost.pdf,/notices/medias/fichiers/add/159,2022-07-08 15:52:56,
8127-pres-yougov-huff-post.pdf,Pres,2016.0,8127 Pres Yougov Huff-post,archives/2016/decembre/8127-pres-yougov-huff-post.pdf,,archives/2016/decembre/,http://www.commission-des-sondages.fr/notices/files/notices/2016/decembre/8127-pres-yougov-huff-post.pdf,/notices/medias/fichiers/add/160,2022-07-08 15:52:56,
8128-baro-viavoice-libe.pdf,,2016.0,8128 Baro Viavoice Libé,archives/2016/decembre/8128-baro-viavoice-libe.pdf,,archives/2016/decembre/,http://www.commission-des-sondages.fr/notices/files/notices/2016/decembre/8128-baro-viavoice-libe.pdf,/notices/medias/fichiers/add/158,2022-07-08 15:52:57,2016-12-14 12:05:08+01:00
8129-prim-g-odoxa-l-express.pdf,Prim,2016.0,8129 Prim G Odoxa l'Express,archives/2016/decembre/8129-prim-g-odoxa-l-express.pdf,,archives/2016/decembre/,http://www.commission-des-sondages.fr/notices/files/notices/2016/decembre/8129-prim-g-odoxa-l-express.pdf,/notices/medias/fichiers/add/161,2022-07-08 15:52:57,2016-12-20 18:49:55+01:00
8130-f-fillon-ifop-jdd.pdf,,2016.0,8130 F. Fillon Ifop JDD,archives/2016/decembre/8130-f-fillon-ifop-jdd.pdf,,archives/2016/decembre/,http://www.commission-des-sondages.fr/notices/files/notices/2016/decembre/8130-f-fillon-ifop-jdd.pdf,/notices/medias/fichiers/add/162,2022-07-08 15:52:57,2016-12-21 15:33:12+01:00
8131-fillon-elabe-bfmtv.pdf,,2017.0,8131 Fillon Elabe BFMTV ,archives/2017/janvier/8131-fillon-elabe-bfmtv.pdf,,archives/2017/janvier/,http://www.commission-des-sondages.fr/notices/files/notices/2017/janvier/8131-fillon-elabe-bfmtv.pdf,/notices/medias/fichiers/add/164,2022-07-08 15:53:44,2017-01-04 15:05:01+01:00
8132-prim-g-hi-france2.pdf,Prim,2017.0,8132 Prim G HI France2,archives/2017/janvier/8132-prim-g-hi-france2.pdf,,archives/2017/janvier/,http://www.commission-des-sondages.fr/notices/files/notices/2017/janvier/8132-prim-g-hi-france2.pdf,/notices/medias/fichiers/add/166,2022-07-08 15:53:44,
8133-pres-elabe-les-echos.pdf,Pres,2017.0,8133 Pres Elabe les Échos,archives/2017/janvier/8133-pres-elabe-les-echos.pdf,,archives/2017/janvier/,http://www.commission-des-sondages.fr/notices/files/notices/2017/janvier/8133-pres-elabe-les-echos.pdf,/notices/medias/fichiers/add/167,2022-07-08 15:53:44,2017-01-05 09:31:21+01:00
8134-primg-ifop-jdd.pdf,Prim,2017.0,8134 primG Ifop Jdd,archives/2017/janvier/8134-primg-ifop-jdd.pdf,,archives/2017/janvier/,http://www.commission-des-sondages.fr/notices/files/notices/2017/janvier/8134-primg-ifop-jdd.pdf,/notices/medias/fichiers/add/172,2022-07-08 15:53:44,2017-01-13 11:15:02+01:00
8135-fillon-odoxa-france2.pdf,,2017.0,8135 fillon Odoxa France2,archives/2017/janvier/8135-fillon-odoxa-france2.pdf,,archives/2017/janvier/,http://www.commission-des-sondages.fr/notices/files/notices/2017/janvier/8135-fillon-odoxa-france2.pdf,/notices/medias/fichiers/add/173,,
8136-prim-g-kantar-le-figaro.pdf,Prim,2017.0,8136 Prim G Kantar Le Figaro,archives/2017/janvier/8136-prim-g-kantar-le-figaro.pdf,,archives/2017/janvier/,http://www.commission-des-sondages.fr/notices/files/notices/2017/janvier/8136-prim-g-kantar-le-figaro.pdf,/notices/medias/fichiers/add/174,,
8137-pres-ifop-pm.pdf,Pres,2017.0,8137 Pres Ifop PM,archives/2017/janvier/8137-pres-ifop-pm.pdf,,archives/2017/janvier/,http://www.commission-des-sondages.fr/notices/files/notices/2017/janvier/8137-pres-ifop-pm.pdf,/notices/medias/fichiers/add/175,2022-07-08 15:53:44,2017-01-10 15:53:03+01:00
8138-baro-ifop-pm.pdf,,2017.0,8138 Baro Ifop PM,archives/2017/janvier/8138-baro-ifop-pm.pdf,,archives/2017/janvier/,http://www.commission-des-sondages.fr/notices/files/notices/2017/janvier/8138-baro-ifop-pm.pdf,/notices/medias/fichiers/add/176,2022-07-08 15:53:44,2017-01-10 15:48:48+01:00
8139-baro-yougov-le-huffington.pdf,,2017.0,8139 Baro YouGov le Huffington,archives/2017/janvier/8139-baro-yougov-le-huffington.pdf,,archives/2017/janvier/,http://www.commission-des-sondages.fr/notices/files/notices/2017/janvier/8139-baro-yougov-le-huffington.pdf,/notices/medias/fichiers/add/177,2022-07-08 15:53:44,2017-01-11 16:19:25+01:00
8140-pres-bva-pqr.pdf,Pres,2017.0,8140 Pres BVA PQR,archives/2017/janvier/8140-pres-bva-pqr.pdf,,archives/2017/janvier/,http://www.commission-des-sondages.fr/notices/files/notices/2017/janvier/8140-pres-bva-pqr.pdf,/notices/medias/fichiers/add/178,2022-07-08 15:53:45,2017-01-11 17:44:29+01:00
8141-prim-g-elabe-bfm.pdf,Prim,2017.0,8141 Prim G elabe BFM,archives/2017/janvier/8141-prim-g-elabe-bfm.pdf,,archives/2017/janvier/,http://www.commission-des-sondages.fr/notices/files/notices/2017/janvier/8141-prim-g-elabe-bfm.pdf,/notices/medias/fichiers/add/179,2022-07-08 15:53:45,2017-01-11 16:08:36+01:00
8142-baro-elabe-les-echos.pdf,,2017.0,8142 Baro ELABE LES ÉCHOS,archives/2017/janvier/8142-baro-elabe-les-echos.pdf,,archives/2017/janvier/,http://www.commission-des-sondages.fr/notices/files/notices/2017/janvier/8142-baro-elabe-les-echos.pdf,/notices/medias/fichiers/add/180,2022-07-08 15:53:45,2017-01-12 16:47:28+01:00
8143-prim-g-ow.pdf,Prim,2017.0,8143 PRIM G OW,archives/2017/janvier/8143-prim-g-ow.pdf,,archives/2017/janvier/,http://www.commission-des-sondages.fr/notices/files/notices/2017/janvier/8143-prim-g-ow.pdf,/notices/medias/fichiers/add/181,2022-07-08 15:53:45,
8144-baro-kantar-figmag.pdf,,2017.0,8144 Baro Kantar Figmag,archives/2017/janvier/8144-baro-kantar-figmag.pdf,,archives/2017/janvier/,http://www.commission-des-sondages.fr/notices/files/notices/2017/janvier/8144-baro-kantar-figmag.pdf,/notices/medias/fichiers/add/182,2022-07-08 15:53:45,2017-01-11 19:13:42+01:00
8145-debat-odoxa-france-info.pdf,,2017.0,8145 Débat Odoxa France-Info,archives/2017/janvier/8145-debat-odoxa-france-info.pdf,,archives/2017/janvier/,http://www.commission-des-sondages.fr/notices/files/notices/2017/janvier/8145-debat-odoxa-france-info.pdf,/notices/medias/fichiers/add/183,2022-07-08 15:53:45,2017-01-13 18:11:49+01:00
8146-debat-elabe-bfm.pdf,,2017.0,8146 Débat elabe BFM,archives/2017/janvier/8146-debat-elabe-bfm.pdf,,archives/2017/janvier/,http://www.commission-des-sondages.fr/notices/files/notices/2017/janvier/8146-debat-elabe-bfm.pdf,/notices/medias/fichiers/add/184,2022-07-08 15:53:45,2017-01-13 19:29:08+01:00
8147-debat-g-elabe-bfmtv.pdf,,2017.0,8147 débat G Elabe BFMTV,archives/2017/janvier/8147-debat-g-elabe-bfmtv.pdf,,archives/2017/janvier/,http://www.commission-des-sondages.fr/notices/files/notices/2017/janvier/8147-debat-g-elabe-bfmtv.pdf,/notices/medias/fichiers/add/185,2022-07-08 15:53:45,2017-01-14 11:13:56+01:00
8148-debat-elabe-bfm.pdf,,2017.0,8148 Débat elabe BFM,archives/2017/janvier/8148-debat-elabe-bfm.pdf,,archives/2017/janvier/,http://www.commission-des-sondages.fr/notices/files/notices/2017/janvier/8148-debat-elabe-bfm.pdf,/notices/medias/fichiers/add/186,2022-07-08 15:53:45,2017-01-16 11:02:48+01:00
8149-debat-hi-atrlantico.pdf,,2017.0,8149 Débat HI Atrlantico,archives/2017/janvier/8149-debat-hi-atrlantico.pdf,,archives/2017/janvier/,http://www.commission-des-sondages.fr/notices/files/notices/2017/janvier/8149-debat-hi-atrlantico.pdf,/notices/medias/fichiers/add/187,2022-07-08 15:53:45,
8150-prim-g-bva-pqr.pdf,Prim,2017.0,8150 prim G Bva Pqr,archives/2017/janvier/8150-prim-g-bva-pqr.pdf,,archives/2017/janvier/,http://www.commission-des-sondages.fr/notices/files/notices/2017/janvier/8150-prim-g-bva-pqr.pdf,/notices/medias/fichiers/add/188,2022-07-08 15:53:46,2017-01-17 18:58:28+01:00
8151-baro-ipsos-le-point.pdf,,2017.0,8151 BARO Ipsos le Point,archives/2017/janvier/8151-baro-ipsos-le-point.pdf,,archives/2017/janvier/,http://www.commission-des-sondages.fr/notices/files/notices/2017/janvier/8151-baro-ipsos-le-point.pdf,/notices/medias/fichiers/add/189,2022-07-08 15:53:46,2017-01-17 22:22:54+01:00
8152-debat2-hi-atlantico.pdf,,2017.0,8152 débat2 HI Atlantico,archives/2017/janvier/8152-debat2-hi-atlantico.pdf,,archives/2017/janvier/,http://www.commission-des-sondages.fr/notices/files/notices/2017/janvier/8152-debat2-hi-atlantico.pdf,/notices/medias/fichiers/add/190,2022-07-08 15:53:46,
8153-pres-ifop-famille-chretienne.pdf,Pres,2017.0,8153 Pres IFOP Famille Chrétienne,archives/2017/janvier/8153-pres-ifop-famille-chretienne.pdf,,archives/2017/janvier/,http://www.commission-des-sondages.fr/notices/files/notices/2017/janvier/8153-pres-ifop-famille-chretienne.pdf,/notices/medias/fichiers/add/191,2022-07-08 15:53:46,2017-01-18 11:28:57+01:00
8154-baro-ifop-pm.pdf,,2017.0,8154 BARO IFOP PM,archives/2017/janvier/8154-baro-ifop-pm.pdf,,archives/2017/janvier/,http://www.commission-des-sondages.fr/notices/files/notices/2017/janvier/8154-baro-ifop-pm.pdf,/notices/medias/fichiers/add/192,2022-07-08 15:53:46,2017-01-18 14:43:03+01:00
8155-primg-elabe-bfm-tv.pdf,Prim,2017.0,8155 PrimG Elabe BFM TV,archives/2017/janvier/8155-primg-elabe-bfm-tv.pdf,,archives/2017/janvier/,http://www.commission-des-sondages.fr/notices/files/notices/2017/janvier/8155-primg-elabe-bfm-tv.pdf,/notices/medias/fichiers/add/193,2022-07-08 15:53:46,2017-01-18 17:23:10+01:00
8156-pres-ipsos-cevipof-le-monde.pdf,Pres,2017.0,8156 Pres Ipsos Cevipof Le Monde,archives/2017/janvier/8156-pres-ipsos-cevipof-le-monde.pdf,,archives/2017/janvier/,http://www.commission-des-sondages.fr/notices/files/notices/2017/janvier/8156-pres-ipsos-cevipof-le-monde.pdf,/notices/medias/fichiers/add/195,2022-07-08 15:53:46,2017-01-18 19:41:36+01:00
8157-debat3-elabe-bfmtv.pdf,,2017.0,8157 Débat3 Elabe BFMTV,archives/2017/janvier/8157-debat3-elabe-bfmtv.pdf,,archives/2017/janvier/,http://www.commission-des-sondages.fr/notices/files/notices/2017/janvier/8157-debat3-elabe-bfmtv.pdf,/notices/medias/fichiers/add/194,2022-07-08 15:53:46,2017-01-20 11:58:24+01:00
8158-debat-3-hi-atlantico.pdf,,2017.0,8158 Débat 3 HI Atlantico,archives/2017/janvier/8158-debat-3-hi-atlantico.pdf,,archives/2017/janvier/,http://www.commission-des-sondages.fr/notices/files/notices/2017/janvier/8158-debat-3-hi-atlantico.pdf,/notices/medias/fichiers/add/196,2022-07-08 15:53:47,
8159-pres-ipsos-france2.pdf,Pres,2017.0,8159 Pres Ipsos France2,archives/2017/janvier/8159-pres-ipsos-france2.pdf,,archives/2017/janvier/,http://www.commission-des-sondages.fr/notices/files/notices/2017/janvier/8159-pres-ipsos-france2.pdf,/notices/medias/fichiers/add/197,2022-07-08 15:53:47,2017-01-20 22:45:02+01:00
8160-primg-ifop-jdd.pdf,Prim,2017.0,8160 PrimG Ifop Jdd,archives/2017/janvier/8160-primg-ifop-jdd.pdf,,archives/2017/janvier/,http://www.commission-des-sondages.fr/notices/files/notices/2017/janvier/8160-primg-ifop-jdd.pdf,/notices/medias/fichiers/add/198,2022-07-08 15:53:47,2017-01-20 19:41:22+01:00
8161-primg-odoxa-france-2.pdf,Prim,2017.0,8161 PrimG Odoxa France 2,archives/2017/janvier/8161-primg-odoxa-france-2.pdf,,archives/2017/janvier/,http://www.commission-des-sondages.fr/notices/files/notices/2017/janvier/8161-primg-odoxa-france-2.pdf,/notices/medias/fichiers/add/199,2022-07-08 15:53:47,2017-01-20 15:16:36+01:00
8162-jour-du-vote-hi-lcp.pdf,,2017.0,8162  jour du vote HI LCP,archives/2017/janvier/8162-jour-du-vote-hi-lcp.pdf,,archives/2017/janvier/,http://www.commission-des-sondages.fr/notices/files/notices/2017/janvier/8162-jour-du-vote-hi-lcp.pdf,/notices/medias/fichiers/add/200,2022-07-08 15:53:47,
8163-debat-4-hi-lcp.pdf,,2017.0,8163 Débat 4 HI LCP,archives/2017/janvier/8163-debat-4-hi-lcp.pdf,,archives/2017/janvier/,http://www.commission-des-sondages.fr/notices/files/notices/2017/janvier/8163-debat-4-hi-lcp.pdf,/notices/medias/fichiers/add/201,2022-07-08 15:53:47,
8164-debat-elabe-bfm.pdf,,2017.0,8164 Débat elabe BFM,archives/2017/janvier/8164-debat-elabe-bfm.pdf,,archives/2017/janvier/,http://www.commission-des-sondages.fr/notices/files/notices/2017/janvier/8164-debat-elabe-bfm.pdf,/notices/medias/fichiers/add/202,2022-07-08 15:53:47,2017-01-26 13:27:49+01:00
8165-fillon-odoxa-france-2.pdf,,2017.0,8165 Fillon Odoxa France 2,archives/2017/janvier/8165-fillon-odoxa-france-2.pdf,,archives/2017/janvier/,http://www.commission-des-sondages.fr/notices/files/notices/2017/janvier/8165-fillon-odoxa-france-2.pdf,/notices/medias/fichiers/add/203,2022-07-08 15:53:47,2017-01-26 17:41:08+01:00
8166-pres-kantar-le-figaro.pdf,Pres,2017.0,8166 Pres Kantar Le figaro,archives/2017/janvier/8166-pres-kantar-le-figaro.pdf,,archives/2017/janvier/,http://www.commission-des-sondages.fr/notices/files/notices/2017/janvier/8166-pres-kantar-le-figaro.pdf,/notices/medias/fichiers/add/204,2022-07-08 15:53:48,2017-01-30 09:57:03+01:00
8167-jour-du-vote-odoxa-europe-1.pdf,,2017.0,8167 jour du vote Odoxa europe 1,archives/2017/janvier/8167-jour-du-vote-odoxa-europe-1.pdf,,archives/2017/janvier/,http://www.commission-des-sondages.fr/notices/files/notices/2017/janvier/8167-jour-du-vote-odoxa-europe-1.pdf,/notices/medias/fichiers/add/205,2022-07-08 15:53:48,2017-01-29 17:36:04+01:00
8168-fillon-elabe-bfm.pdf,,2017.0,8168 Fillon Elabe BFM,archives/2017/janvier/8168-fillon-elabe-bfm.pdf,,archives/2017/janvier/,http://www.commission-des-sondages.fr/notices/files/notices/2017/janvier/8168-fillon-elabe-bfm.pdf,/notices/medias/fichiers/add/206,2022-07-08 15:53:48,2017-01-31 17:06:08+01:00
8169-pres-elabe-les-echos.pdf,Pres,2017.0,8169 Pres Elabe les échos,archives/2017/janvier/8169-pres-elabe-les-echos.pdf,,archives/2017/janvier/,http://www.commission-des-sondages.fr/notices/files/notices/2017/janvier/8169-pres-elabe-les-echos.pdf,/notices/medias/fichiers/add/207,2022-07-08 15:53:48,2017-02-01 11:52:53+01:00
8170-baro-yougov-huff-post.pdf,,2017.0,8170 Baro Yougov Huff post,archives/2017/fevrier/8170-baro-yougov-huff-post.pdf,,archives/2017/fevrier/,http://www.commission-des-sondages.fr/notices/files/notices/2017/fevrier/8170-baro-yougov-huff-post.pdf,/notices/medias/fichiers/add/208,2022-07-08 15:53:34,2017-02-01 15:59:32+01:00
8171-roll-ifop-pm.pdf,,2017.0,8171 roll ifop PM,archives/2017/fevrier/8171-roll-ifop-pm.pdf,,archives/2017/fevrier/,http://www.commission-des-sondages.fr/notices/files/notices/2017/fevrier/8171-roll-ifop-pm.pdf,/notices/medias/fichiers/add/209,2022-07-08 15:53:34,2017-02-01 18:17:20+01:00
8172-baro-kantar-fig-mag.pdf,,2017.0,8172 Baro Kantar fig mag,archives/2017/fevrier/8172-baro-kantar-fig-mag.pdf,,archives/2017/fevrier/,http://www.commission-des-sondages.fr/notices/files/notices/2017/fevrier/8172-baro-kantar-fig-mag.pdf,/notices/medias/fichiers/add/210,2022-07-08 15:53:34,2017-02-01 11:10:44+01:00
8173-roll-2-ifop-pm.pdf,,2017.0,8173 roll 2 Ifop PM,archives/2017/fevrier/8173-roll-2-ifop-pm.pdf,,archives/2017/fevrier/,http://www.commission-des-sondages.fr/notices/files/notices/2017/fevrier/8173-roll-2-ifop-pm.pdf,/notices/medias/fichiers/add/211,2022-07-08 15:53:34,2017-02-02 17:00:47+01:00
8174-fillon-odoxa-france-info.pdf,,2017.0,8174 Fillon Odoxa France-Info,archives/2017/fevrier/8174-fillon-odoxa-france-info.pdf,,archives/2017/fevrier/,http://www.commission-des-sondages.fr/notices/files/notices/2017/fevrier/8174-fillon-odoxa-france-info.pdf,/notices/medias/fichiers/add/212,2022-07-08 15:53:34,2017-02-02 17:49:35+01:00
8175-fillon-hi-atlantico.pdf,,2017.0,8175 Fillon HI Atlantico,archives/2017/fevrier/8175-fillon-hi-atlantico.pdf,,archives/2017/fevrier/,http://www.commission-des-sondages.fr/notices/files/notices/2017/fevrier/8175-fillon-hi-atlantico.pdf,/notices/medias/fichiers/add/213,2022-07-08 15:53:35,
8176-pres-ifop-pm-roll-3.pdf,Pres,2017.0,8176 Pres IFOP PM Roll 3,archives/2017/fevrier/8176-pres-ifop-pm-roll-3.pdf,,archives/2017/fevrier/,http://www.commission-des-sondages.fr/notices/files/notices/2017/fevrier/8176-pres-ifop-pm-roll-3.pdf,/notices/medias/fichiers/add/214,2022-07-08 15:53:35,2017-02-03 18:16:41+01:00
8177-pres-bva-pqr.pdf,Pres,2017.0,8177 Pres BVA PQR,archives/2017/fevrier/8177-pres-bva-pqr.pdf,,archives/2017/fevrier/,http://www.commission-des-sondages.fr/notices/files/notices/2017/fevrier/8177-pres-bva-pqr.pdf,/notices/medias/fichiers/add/215,2022-07-08 15:53:35,2017-02-03 19:24:58+01:00
8178-fillon-ifop-jdd-5-02.pdf,,2017.0,8178 Fillon Ifop JDD 5-02,archives/2017/fevrier/8178-fillon-ifop-jdd-5-02.pdf,,archives/2017/fevrier/,http://www.commission-des-sondages.fr/notices/files/notices/2017/fevrier/8178-fillon-ifop-jdd-5-02.pdf,/notices/medias/fichiers/add/216,2022-07-08 15:53:35,2017-02-06 12:10:53+01:00
8179-pres-ow-presitrack-1.pdf,Pres,2017.0,8179 Pres OW Presitrack 1,archives/2017/fevrier/8179-pres-ow-presitrack-1.pdf,,archives/2017/fevrier/,http://www.commission-des-sondages.fr/notices/files/notices/2017/fevrier/8179-pres-ow-presitrack-1.pdf,/notices/medias/fichiers/add/217,2022-07-08 15:53:35,
8180-pres-ifop-pm-roll-4.pdf,Pres,2017.0,8180 Pres Ifop PM Roll 4,archives/2017/fevrier/8180-pres-ifop-pm-roll-4.pdf,,archives/2017/fevrier/,http://www.commission-des-sondages.fr/notices/files/notices/2017/fevrier/8180-pres-ifop-pm-roll-4.pdf,/notices/medias/fichiers/add/218,2022-07-08 15:53:35,2017-02-06 18:13:15+01:00
8181-fillon-hi-flash-atlantico.pdf,,2017.0,8181 Fillon HI Flash Atlantico,archives/2017/fevrier/8181-fillon-hi-flash-atlantico.pdf,,archives/2017/fevrier/,http://www.commission-des-sondages.fr/notices/files/notices/2017/fevrier/8181-fillon-hi-flash-atlantico.pdf,/notices/medias/fichiers/add/221,2022-07-08 15:53:35,
8182-pres-ow-presitrack-2.pdf,Pres,2017.0,8182 pres OW PrésiTrack 2,archives/2017/fevrier/8182-pres-ow-presitrack-2.pdf,,archives/2017/fevrier/,http://www.commission-des-sondages.fr/notices/files/notices/2017/fevrier/8182-pres-ow-presitrack-2.pdf,/notices/medias/fichiers/add/223,2022-07-08 15:53:35,
8183-pres-ifop-roll-5-pm.pdf,Pres,2017.0,8183 Pres Ifop Roll 5 PM,archives/2017/fevrier/8183-pres-ifop-roll-5-pm.pdf,,archives/2017/fevrier/,http://www.commission-des-sondages.fr/notices/files/notices/2017/fevrier/8183-pres-ifop-roll-5-pm.pdf,/notices/medias/fichiers/add/224,2022-07-08 15:53:35,2017-02-07 17:47:47+01:00
8184-baro-bva-la-tribune-8-02.pdf,,2017.0,8184 Baro BVA la tribune 8-02 ,archives/2017/fevrier/8184-baro-bva-la-tribune-8-02.pdf,,archives/2017/fevrier/,http://www.commission-des-sondages.fr/notices/files/notices/2017/fevrier/8184-baro-bva-la-tribune-8-02.pdf,/notices/medias/fichiers/add/225,2022-07-08 15:53:35,2017-02-07 18:02:33+01:00
8185-baro-viavoice-liberation.pdf,,2017.0,8185 Baro ViaVoice Libération,archives/2017/fevrier/8185-baro-viavoice-liberation.pdf,,archives/2017/fevrier/,http://www.commission-des-sondages.fr/notices/files/notices/2017/fevrier/8185-baro-viavoice-liberation.pdf,/notices/medias/fichiers/add/226,2022-07-08 15:53:36,2017-02-07 10:32:20+01:00
8186-pres-ow-presitrack-3.pdf,Pres,2017.0,8186 Pres OW Présitrack 3,archives/2017/fevrier/8186-pres-ow-presitrack-3.pdf,,archives/2017/fevrier/,http://www.commission-des-sondages.fr/notices/files/notices/2017/fevrier/8186-pres-ow-presitrack-3.pdf,/notices/medias/fichiers/add/227,2022-07-08 15:53:36,
8187-pres-ifop-roll-6-pm.pdf,Pres,2017.0,8187 Pres Ifop ROLL 6 PM,archives/2017/fevrier/8187-pres-ifop-roll-6-pm.pdf,,archives/2017/fevrier/,http://www.commission-des-sondages.fr/notices/files/notices/2017/fevrier/8187-pres-ifop-roll-6-pm.pdf,/notices/medias/fichiers/add/228,2022-07-08 15:53:36,2017-02-08 17:07:40+01:00
8188-pres-elabe-l-express.pdf,Pres,2017.0,8188 Pres Elabe L'Express,archives/2017/fevrier/8188-pres-elabe-l-express.pdf,,archives/2017/fevrier/,http://www.commission-des-sondages.fr/notices/files/notices/2017/fevrier/8188-pres-elabe-l-express.pdf,/notices/medias/fichiers/add/230,2022-07-08 15:53:36,2017-02-08 16:21:30+01:00
8189-pres-hi-france-2.pdf,Pres,2017.0,8189 Pres HI France 2,archives/2017/fevrier/8189-pres-hi-france-2.pdf,,archives/2017/fevrier/,http://www.commission-des-sondages.fr/notices/files/notices/2017/fevrier/8189-pres-hi-france-2.pdf,/notices/medias/fichiers/add/229,2022-07-08 15:53:36,
8190-pres-ow-presitrach-4.pdf,Pres,2017.0,8190 Pres OW Présitrach 4,archives/2017/fevrier/8190-pres-ow-presitrach-4.pdf,,archives/2017/fevrier/,http://www.commission-des-sondages.fr/notices/files/notices/2017/fevrier/8190-pres-ow-presitrach-4.pdf,/notices/medias/fichiers/add/231,2022-07-08 15:53:36,
8191-fillon-odoxa-france-info.pdf,,2017.0,8191 Fillon Odoxa France Info,archives/2017/fevrier/8191-fillon-odoxa-france-info.pdf,,archives/2017/fevrier/,http://www.commission-des-sondages.fr/notices/files/notices/2017/fevrier/8191-fillon-odoxa-france-info.pdf,/notices/medias/fichiers/add/232,2022-07-08 15:53:36,2017-02-09 17:11:20+01:00
8192-baro-elabe-les-echos.pdf,,2017.0,8192 Baro Elabe Les Échos,archives/2017/fevrier/8192-baro-elabe-les-echos.pdf,,archives/2017/fevrier/,http://www.commission-des-sondages.fr/notices/files/notices/2017/fevrier/8192-baro-elabe-les-echos.pdf,/notices/medias/fichiers/add/233,2022-07-08 15:53:36,2017-02-09 11:30:35+01:00
8193-pres-ifop-roll7-pm.pdf,Pres,2017.0,8193 PRES IFOP ROLL7 PM,archives/2017/fevrier/8193-pres-ifop-roll7-pm.pdf,,archives/2017/fevrier/,http://www.commission-des-sondages.fr/notices/files/notices/2017/fevrier/8193-pres-ifop-roll7-pm.pdf,/notices/medias/fichiers/add/234,2022-07-08 15:53:36,2017-02-09 19:18:17+01:00
8194-debat-hi-france-2.pdf,,2017.0,8194 Débat HI France 2,archives/2017/fevrier/8194-debat-hi-france-2.pdf,,archives/2017/fevrier/,http://www.commission-des-sondages.fr/notices/files/notices/2017/fevrier/8194-debat-hi-france-2.pdf,/notices/medias/fichiers/add/235,2022-07-08 15:53:37,
8195-pressx-ow-presitrack-5.pdf,Pres,2017.0,8195 pressx OW présitrack 5,archives/2017/fevrier/8195-pressx-ow-presitrack-5.pdf,,archives/2017/fevrier/,http://www.commission-des-sondages.fr/notices/files/notices/2017/fevrier/8195-pressx-ow-presitrack-5.pdf,/notices/medias/fichiers/add/236,2022-07-08 15:53:36,
8196-pres-ifop-roll-8.pdf,Pres,2017.0,8196 Pres Ifop ROLL 8,archives/2017/fevrier/8196-pres-ifop-roll-8.pdf,,archives/2017/fevrier/,http://www.commission-des-sondages.fr/notices/files/notices/2017/fevrier/8196-pres-ifop-roll-8.pdf,/notices/medias/fichiers/add/237,2022-07-08 15:53:37,2017-02-10 18:44:17+01:00
8197-presitrack-6-ow-les-echos.pdf,Pres,2017.0,8197 Presitrack 6 OW les échos,archives/2017/fevrier/8197-presitrack-6-ow-les-echos.pdf,,archives/2017/fevrier/,http://www.commission-des-sondages.fr/notices/files/notices/2017/fevrier/8197-presitrack-6-ow-les-echos.pdf,/notices/medias/fichiers/add/238,2022-07-08 15:53:37,
8198-baro-ipsos-le-point.pdf,,2017.0,8198 Baro Ipsos le point,archives/2017/fevrier/8198-baro-ipsos-le-point.pdf,,archives/2017/fevrier/,http://www.commission-des-sondages.fr/notices/files/notices/2017/fevrier/8198-baro-ipsos-le-point.pdf,/notices/medias/fichiers/add/239,2022-07-08 15:53:37,2017-02-13 18:08:13+01:00
8199-pres-ifop-roll-9.pdf,Pres,2017.0,8199 pres Ifop Roll 9,archives/2017/fevrier/8199-pres-ifop-roll-9.pdf,,archives/2017/fevrier/,http://www.commission-des-sondages.fr/notices/files/notices/2017/fevrier/8199-pres-ifop-roll-9.pdf,/notices/medias/fichiers/add/240,2022-07-08 15:53:37,2017-02-13 18:38:48+01:00
8200-presitrack-7-14-fevrier-2017.pdf,,2017.0,8200 PrésiTrack 7 - 14 Février 2017,archives/2017/fevrier/8200-presitrack-7-14-fevrier-2017.pdf,,archives/2017/fevrier/,http://www.commission-des-sondages.fr/notices/files/notices/2017/fevrier/8200-presitrack-7-14-fevrier-2017.pdf,/notices/medias/fichiers/add/241,2022-07-08 15:53:37,
8201-pres-ifop-rolling-10.pdf,Pres,2017.0,8201 pres Ifop Rolling 10,archives/2017/fevrier/8201-pres-ifop-rolling-10.pdf,,archives/2017/fevrier/,http://www.commission-des-sondages.fr/notices/files/notices/2017/fevrier/8201-pres-ifop-rolling-10.pdf,/notices/medias/fichiers/add/242,2022-07-08 15:53:37,2017-02-14 17:43:40+01:00
8202-com-saint-martin-smart-stat.pdf,,2017.0,8202 Com Saint Martin Smart stat,archives/2017/fevrier/8202-com-saint-martin-smart-stat.pdf,,archives/2017/fevrier/,http://www.commission-des-sondages.fr/notices/files/notices/2017/fevrier/8202-com-saint-martin-smart-stat.pdf,/notices/medias/fichiers/add/244,2022-07-08 15:53:37,
8203-pres-ipsos-cevipof-le-monde.pdf,Pres,2017.0,8203 Pres Ipsos Cevipof le monde,archives/2017/fevrier/8203-pres-ipsos-cevipof-le-monde.pdf,,archives/2017/fevrier/,http://www.commission-des-sondages.fr/notices/files/notices/2017/fevrier/8203-pres-ipsos-cevipof-le-monde.pdf,/notices/medias/fichiers/add/245,2022-07-08 15:53:38,2017-02-13 21:21:45+01:00
8204-presitrrack-8-ow-les-echos.pdf,Pres,2017.0,8204 Presitrrack 8 OW les échos,archives/2017/fevrier/8204-presitrrack-8-ow-les-echos.pdf,,archives/2017/fevrier/,http://www.commission-des-sondages.fr/notices/files/notices/2017/fevrier/8204-presitrrack-8-ow-les-echos.pdf,/notices/medias/fichiers/add/246,2022-07-08 15:53:38,
8205-pres-ifop-roll-11.pdf,Pres,2017.0,8205 Pres Ifop Roll 11,archives/2017/fevrier/8205-pres-ifop-roll-11.pdf,,archives/2017/fevrier/,http://www.commission-des-sondages.fr/notices/files/notices/2017/fevrier/8205-pres-ifop-roll-11.pdf,/notices/medias/fichiers/add/247,2022-07-08 15:53:38,2017-02-15 18:18:34+01:00
8206-fillon-elabe-bmf.pdf,,2017.0,8206 Fillon Elabe BMF,archives/2017/fevrier/8206-fillon-elabe-bmf.pdf,,archives/2017/fevrier/,http://www.commission-des-sondages.fr/notices/files/notices/2017/fevrier/8206-fillon-elabe-bmf.pdf,/notices/medias/fichiers/add/248,2022-07-08 15:53:38,2017-02-15 17:15:26+01:00
8207-pres-auvergne-ipsos-cevipof.pdf,Pres,2017.0,8207 Pres Auvergne Ipsos cevipof,archives/2017/fevrier/8207-pres-auvergne-ipsos-cevipof.pdf,,archives/2017/fevrier/,http://www.commission-des-sondages.fr/notices/files/notices/2017/fevrier/8207-pres-auvergne-ipsos-cevipof.pdf,/notices/medias/fichiers/add/250,2022-07-08 15:53:38,2017-02-15 18:01:01+01:00
8208-pres-bourgognefc-ipsos-cevipof.pdf,Pres,2017.0,8208 Pres BourgogneFC Ipsos cevipof,archives/2017/fevrier/8208-pres-bourgognefc-ipsos-cevipof.pdf,,archives/2017/fevrier/,http://www.commission-des-sondages.fr/notices/files/notices/2017/fevrier/8208-pres-bourgognefc-ipsos-cevipof.pdf,/notices/medias/fichiers/add/251,2022-07-08 15:53:38,2017-02-15 18:09:51+01:00
8209-pres-bretagne-ipsos-cevipof.pdf,Pres,2017.0,8209 Pres Bretagne Ipsos Cevipof,archives/2017/fevrier/8209-pres-bretagne-ipsos-cevipof.pdf,,archives/2017/fevrier/,http://www.commission-des-sondages.fr/notices/files/notices/2017/fevrier/8209-pres-bretagne-ipsos-cevipof.pdf,/notices/medias/fichiers/add/252,2022-07-08 15:53:38,2017-02-15 18:14:58+01:00
8210-pres-centre-ipsos-cevipof.pdf,Pres,2017.0,8210 Pres Centre Ipsos cevipof,archives/2017/fevrier/8210-pres-centre-ipsos-cevipof.pdf,,archives/2017/fevrier/,http://www.commission-des-sondages.fr/notices/files/notices/2017/fevrier/8210-pres-centre-ipsos-cevipof.pdf,/notices/medias/fichiers/add/253,2022-07-08 15:53:39,2017-02-15 19:03:20+01:00
8211-pres-grand-est-ipsos-cevipof.pdf,Pres,2017.0,8211 Pres Grand-Est Ipsos Cevipof,archives/2017/fevrier/8211-pres-grand-est-ipsos-cevipof.pdf,,archives/2017/fevrier/,http://www.commission-des-sondages.fr/notices/files/notices/2017/fevrier/8211-pres-grand-est-ipsos-cevipof.pdf,/notices/medias/fichiers/add/254,2022-07-08 15:53:39,2017-02-15 19:14:14+01:00
8212-pres-haut-de-france-ipsos-cevipof.pdf,Pres,2017.0,8212 Pres Haut de France Ipsos Cevipof,archives/2017/fevrier/8212-pres-haut-de-france-ipsos-cevipof.pdf,,archives/2017/fevrier/,http://www.commission-des-sondages.fr/notices/files/notices/2017/fevrier/8212-pres-haut-de-france-ipsos-cevipof.pdf,/notices/medias/fichiers/add/255,2022-07-08 15:53:39,2017-02-15 19:20:02+01:00
8213-pres-idf-ipsos-cevipof.pdf,Pres,2017.0,8213 Pres Idf Ipsos Cevipof,archives/2017/fevrier/8213-pres-idf-ipsos-cevipof.pdf,,archives/2017/fevrier/,http://www.commission-des-sondages.fr/notices/files/notices/2017/fevrier/8213-pres-idf-ipsos-cevipof.pdf,/notices/medias/fichiers/add/256,2022-07-08 15:53:39,2017-02-15 19:29:27+01:00
8214-pres-normandie-ipsos-cevipof.pdf,Pres,2017.0,8214 Pres Normandie Ipsos Cevipof,archives/2017/fevrier/8214-pres-normandie-ipsos-cevipof.pdf,,archives/2017/fevrier/,http://www.commission-des-sondages.fr/notices/files/notices/2017/fevrier/8214-pres-normandie-ipsos-cevipof.pdf,/notices/medias/fichiers/add/257,2022-07-08 15:53:39,2017-02-15 19:34:28+01:00
8215-pres-nouvelle-aquitaine-ipsos-cevipof.pdf,Pres,2017.0,8215 Pres Nouvelle Aquitaine Ipsos Cevipof,archives/2017/fevrier/8215-pres-nouvelle-aquitaine-ipsos-cevipof.pdf,,archives/2017/fevrier/,http://www.commission-des-sondages.fr/notices/files/notices/2017/fevrier/8215-pres-nouvelle-aquitaine-ipsos-cevipof.pdf,/notices/medias/fichiers/add/258,2022-07-08 15:53:39,2017-02-15 19:39:54+01:00
8216-pres-occitanie-ipsos-cevipof.pdf,Pres,2017.0,8216 Pres Occitanie Ipsos cevipof,archives/2017/fevrier/8216-pres-occitanie-ipsos-cevipof.pdf,,archives/2017/fevrier/,http://www.commission-des-sondages.fr/notices/files/notices/2017/fevrier/8216-pres-occitanie-ipsos-cevipof.pdf,/notices/medias/fichiers/add/259,2022-07-08 15:53:40,2017-02-15 19:45:56+01:00
8217-pres-paca-ipsos-cevipof.pdf,Pres,2017.0, 8217 Pres PACA Ipsos Cevipof,archives/2017/fevrier/8217-pres-paca-ipsos-cevipof.pdf,,archives/2017/fevrier/,http://www.commission-des-sondages.fr/notices/files/notices/2017/fevrier/8217-pres-paca-ipsos-cevipof.pdf,/notices/medias/fichiers/add/260,2022-07-08 15:53:40,2017-02-15 19:52:37+01:00
8218-pres-pdl-ipsos-cevipof.pdf,Pres,2017.0,8218 Pres PDL Ipsos cevipof,archives/2017/fevrier/8218-pres-pdl-ipsos-cevipof.pdf,,archives/2017/fevrier/,http://www.commission-des-sondages.fr/notices/files/notices/2017/fevrier/8218-pres-pdl-ipsos-cevipof.pdf,/notices/medias/fichiers/add/261,2022-07-08 15:53:40,2017-02-15 20:16:47+01:00
8219-presitrack-9-ow-les-echos.pdf,Pres,2017.0,8219 Presitrack 9 OW Les Échos,archives/2017/fevrier/8219-presitrack-9-ow-les-echos.pdf,,archives/2017/fevrier/,http://www.commission-des-sondages.fr/notices/files/notices/2017/fevrier/8219-presitrack-9-ow-les-echos.pdf,/notices/medias/fichiers/add/262,2022-07-08 15:53:40,
8220-pres-ifop-roll-12.pdf,Pres,2017.0,8220 Pres Ifop Roll 12,archives/2017/fevrier/8220-pres-ifop-roll-12.pdf,,archives/2017/fevrier/,http://www.commission-des-sondages.fr/notices/files/notices/2017/fevrier/8220-pres-ifop-roll-12.pdf,/notices/medias/fichiers/add/263,2022-07-08 15:53:40,2017-02-16 17:37:20+01:00
8221-pres-gauche-odoxa-france-info.pdf,Pres,2017.0,8221 Pres Gauche Odoxa france info,archives/2017/fevrier/8221-pres-gauche-odoxa-france-info.pdf,,archives/2017/fevrier/,http://www.commission-des-sondages.fr/notices/files/notices/2017/fevrier/8221-pres-gauche-odoxa-france-info.pdf,/notices/medias/fichiers/add/264,2022-07-08 15:53:40,2017-02-16 17:22:58+01:00
8222-pres-ifop-roll-pm.pdf,Pres,2017.0,8222 pres Ifop roll PM,archives/2017/fevrier/8222-pres-ifop-roll-pm.pdf,,archives/2017/fevrier/,http://www.commission-des-sondages.fr/notices/files/notices/2017/fevrier/8222-pres-ifop-roll-pm.pdf,/notices/medias/fichiers/add/265,2022-07-08 15:53:40,2017-02-17 19:44:23+01:00
8224-presitrack-ow-les-echos.pdf,Pres,2017.0,8224 Presitrack OW les échos,archives/2017/fevrier/8224-presitrack-ow-les-echos.pdf,,archives/2017/fevrier/,http://www.commission-des-sondages.fr/notices/files/notices/2017/fevrier/8224-presitrack-ow-les-echos.pdf,/notices/medias/fichiers/add/266,2022-07-08 15:53:40,
8225-securite-hi-lcp.pdf,,2017.0,8225 Sécurité HI LCP,archives/2017/fevrier/8225-securite-hi-lcp.pdf,,archives/2017/fevrier/,http://www.commission-des-sondages.fr/notices/files/notices/2017/fevrier/8225-securite-hi-lcp.pdf,/notices/medias/fichiers/add/268,2022-07-08 15:53:41,
8226-pres-ifop-roll-14-pm.pdf,Pres,2017.0,8226 Pres ifop roll 14 PM,archives/2017/fevrier/8226-pres-ifop-roll-14-pm.pdf,,archives/2017/fevrier/,http://www.commission-des-sondages.fr/notices/files/notices/2017/fevrier/8226-pres-ifop-roll-14-pm.pdf,/notices/medias/fichiers/add/267,2022-07-08 15:53:41,2017-02-20 17:55:55+01:00
8227-presitrack-ow-les-echos.pdf,Pres,2017.0,8227 Presitrack OW les échos,archives/2017/fevrier/8227-presitrack-ow-les-echos.pdf,,archives/2017/fevrier/,http://www.commission-des-sondages.fr/notices/files/notices/2017/fevrier/8227-presitrack-ow-les-echos.pdf,/notices/medias/fichiers/add/269,2022-07-08 15:53:41,
8228-fillon-ifop-jdd.pdf,,2017.0,8228 Fillon Ifop JDD,archives/2017/fevrier/8228-fillon-ifop-jdd.pdf,,archives/2017/fevrier/,http://www.commission-des-sondages.fr/notices/files/notices/2017/fevrier/8228-fillon-ifop-jdd.pdf,/notices/medias/fichiers/add/270,2022-07-08 15:53:41,2017-02-20 18:38:51+01:00
8230-elabe-l-express.pdf,Pres,2017.0,8230 ELabe L'express,archives/2017/fevrier/8230-elabe-l-express.pdf,,archives/2017/fevrier/,http://www.commission-des-sondages.fr/notices/files/notices/2017/fevrier/8230-elabe-l-express.pdf,/notices/medias/fichiers/add/271,2022-07-08 15:53:42,2017-02-21 15:11:55+01:00
8231-cadres-viavoice-hec-bfm.pdf,,2017.0,8231 Cadres Viavoice HEC BFM,archives/2017/fevrier/8231-cadres-viavoice-hec-bfm.pdf,,archives/2017/fevrier/,http://www.commission-des-sondages.fr/notices/files/notices/2017/fevrier/8231-cadres-viavoice-hec-bfm.pdf,/notices/medias/fichiers/add/272,2022-07-08 15:53:41,2017-02-21 17:25:04+01:00
8232-roll-15-ifop-pm.pdf,,2017.0,8232 Roll 15 Ifop PM ,archives/2017/fevrier/8232-roll-15-ifop-pm.pdf,,archives/2017/fevrier/,http://www.commission-des-sondages.fr/notices/files/notices/2017/fevrier/8232-roll-15-ifop-pm.pdf,/notices/medias/fichiers/add/273,2022-07-08 15:53:41,2017-02-21 18:18:16+01:00
8233-bep-1-ifop-pm.pdf,,2017.0,8233 BEP 1 Ifop PM ,archives/2017/fevrier/8233-bep-1-ifop-pm.pdf,,archives/2017/fevrier/,http://www.commission-des-sondages.fr/notices/files/notices/2017/fevrier/8233-bep-1-ifop-pm.pdf,/notices/medias/fichiers/add/274,2022-07-08 15:53:42,2017-02-21 20:17:35+01:00
8234-bayrou-elabe-bfm.pdf,,2017.0,8234 Bayrou Elabe BFM,archives/2017/fevrier/8234-bayrou-elabe-bfm.pdf,,archives/2017/fevrier/,http://www.commission-des-sondages.fr/notices/files/notices/2017/fevrier/8234-bayrou-elabe-bfm.pdf,/notices/medias/fichiers/add/275,2022-07-08 15:53:42,2017-02-22 13:22:37+01:00
8235-presitrack-13-ow-les-echos.pdf,Pres,2017.0,8235 Presitrack 13 OW les échos,archives/2017/fevrier/8235-presitrack-13-ow-les-echos.pdf,,archives/2017/fevrier/,http://www.commission-des-sondages.fr/notices/files/notices/2017/fevrier/8235-presitrack-13-ow-les-echos.pdf,/notices/medias/fichiers/add/276,2022-07-08 15:53:42,
8236-rolling-16-ifop-pm.pdf,,2017.0,"8236 Rolling #16, IFOP PM",archives/2017/fevrier/8236-rolling-16-ifop-pm.pdf,,archives/2017/fevrier/,http://www.commission-des-sondages.fr/notices/files/notices/2017/fevrier/8236-rolling-16-ifop-pm.pdf,/notices/medias/fichiers/add/277,2022-07-08 15:53:42,2017-02-22 19:18:50+01:00
8237-pres-bva-pqr.pdf,Pres,2017.0,8237 Pres BVA PQR ,archives/2017/fevrier/8237-pres-bva-pqr.pdf,,archives/2017/fevrier/,http://www.commission-des-sondages.fr/notices/files/notices/2017/fevrier/8237-pres-bva-pqr.pdf,/notices/medias/fichiers/add/278,2022-07-08 15:53:42,2017-02-22 19:35:10+01:00
8238-pres-hi-l-emission-pol.pdf,Pres,2017.0,8238 Pres HI L'émission Pol,archives/2017/fevrier/8238-pres-hi-l-emission-pol.pdf,,archives/2017/fevrier/,http://www.commission-des-sondages.fr/notices/files/notices/2017/fevrier/8238-pres-hi-l-emission-pol.pdf,/notices/medias/fichiers/add/279,2022-07-08 15:53:42,
8239-presitrack-14-ow-les-echos.pdf,Pres,2017.0,8239 Presitrack 14 OW les Échos,archives/2017/fevrier/8239-presitrack-14-ow-les-echos.pdf,,archives/2017/fevrier/,http://www.commission-des-sondages.fr/notices/files/notices/2017/fevrier/8239-presitrack-14-ow-les-echos.pdf,/notices/medias/fichiers/add/280,2022-07-08 15:53:42,
8240-l-economie-bva-la-tribune.pdf,,2017.0,8240 L'économie BVA la tribune,archives/2017/fevrier/8240-l-economie-bva-la-tribune.pdf,,archives/2017/fevrier/,http://www.commission-des-sondages.fr/notices/files/notices/2017/fevrier/8240-l-economie-bva-la-tribune.pdf,/notices/medias/fichiers/add/281,2022-07-08 15:53:43,2017-02-23 16:47:06+01:00
8241-rol-17-ifop-pm.pdf,,2017.0,8241 Rol 17 Ifop PM ,archives/2017/fevrier/8241-rol-17-ifop-pm.pdf,,archives/2017/fevrier/,http://www.commission-des-sondages.fr/notices/files/notices/2017/fevrier/8241-rol-17-ifop-pm.pdf,/notices/medias/fichiers/add/282,2022-07-08 15:53:43,2017-02-23 17:30:07+01:00
8242-barou-bva-france-info.pdf,,2017.0,8242 Barou BVA France Info,archives/2017/fevrier/8242-barou-bva-france-info.pdf,,archives/2017/fevrier/,http://www.commission-des-sondages.fr/notices/files/notices/2017/fevrier/8242-barou-bva-france-info.pdf,/notices/medias/fichiers/add/283,2022-07-08 15:53:43,2017-02-23 17:46:08+01:00
8243-debat-hi-france-2.pdf,,2017.0,8243 Débat HI France 2,archives/2017/fevrier/8243-debat-hi-france-2.pdf,,archives/2017/fevrier/,http://www.commission-des-sondages.fr/notices/files/notices/2017/fevrier/8243-debat-hi-france-2.pdf,/notices/medias/fichiers/add/284,2022-07-08 15:53:43,
8244-presitrack-15-ow-les-echos.pdf,Pres,2017.0,8244 Presitrack 15 OW les Échos,archives/2017/fevrier/8244-presitrack-15-ow-les-echos.pdf,,archives/2017/fevrier/,http://www.commission-des-sondages.fr/notices/files/notices/2017/fevrier/8244-presitrack-15-ow-les-echos.pdf,/notices/medias/fichiers/add/285,2022-07-08 15:53:43,
8245-roll-18-ifop-pm.pdf,,2017.0,8245 Roll 18 Ifop PM,archives/2017/fevrier/8245-roll-18-ifop-pm.pdf,,archives/2017/fevrier/,http://www.commission-des-sondages.fr/notices/files/notices/2017/fevrier/8245-roll-18-ifop-pm.pdf,/notices/medias/fichiers/add/287,2022-07-08 15:53:43,2017-02-24 18:07:01+01:00
8246-pes-odoxa-france-2.pdf,Pres,2017.0,8246 Pres ODOXA France 2,archives/2017/fevrier/8246-pes-odoxa-france-2.pdf,,archives/2017/fevrier/,http://www.commission-des-sondages.fr/notices/files/notices/2017/fevrier/8246-pes-odoxa-france-2.pdf,/notices/medias/fichiers/add/286,2022-07-08 15:53:43,2017-02-24 18:15:44+01:00
8247-pres-kantar-le-fig.pdf,Pres,2017.0,8247 Pres Kantar Le Fig,archives/2017/fevrier/8247-pres-kantar-le-fig.pdf,,archives/2017/fevrier/,http://www.commission-des-sondages.fr/notices/files/notices/2017/fevrier/8247-pres-kantar-le-fig.pdf,/notices/medias/fichiers/add/288,2022-07-08 15:53:43,2017-02-25 10:34:22+01:00
8248-presitrack-16.pdf,,2017.0,8248 PrésiTrack 16,archives/2017/fevrier/8248-presitrack-16.pdf,,archives/2017/fevrier/,http://www.commission-des-sondages.fr/notices/files/notices/2017/fevrier/8248-presitrack-16.pdf,/notices/medias/fichiers/add/289,2022-07-08 15:53:43,
8249-roll-19-ifop-pm.pdf,,2017.0,8249 Roll 19 Ifop PM,archives/2017/fevrier/8249-roll-19-ifop-pm.pdf,,archives/2017/fevrier/,http://www.commission-des-sondages.fr/notices/files/notices/2017/fevrier/8249-roll-19-ifop-pm.pdf,/notices/medias/fichiers/add/291,2022-07-08 15:53:43,2017-02-27 18:49:11+01:00
8250-presitrack-17-ow-les-echos.pdf,,2017.0,8250 PrésiTrack 17 OW les échos,archives/2017/fevrier/8250-presitrack-17-ow-les-echos.pdf,,archives/2017/fevrier/,http://www.commission-des-sondages.fr/notices/files/notices/2017/fevrier/8250-presitrack-17-ow-les-echos.pdf,/notices/medias/fichiers/add/290,2022-07-08 15:53:44,
8251-roll-20-ifop-pm.pdf,,2017.0,8251 Roll 20 IFOP PM,archives/2017/fevrier/8251-roll-20-ifop-pm.pdf,,archives/2017/fevrier/,http://www.commission-des-sondages.fr/notices/files/notices/2017/fevrier/8251-roll-20-ifop-pm.pdf,/notices/medias/fichiers/add/292,2022-07-08 15:53:44,2017-02-28 18:35:45+01:00
8252-le-roux-bva-punchline.pdf,,2017.0,8252 Le Roux BVA Punchline,archives/2017/mars/8252-le-roux-bva-punchline.pdf,,archives/2017/mars/,http://www.commission-des-sondages.fr/notices/files/notices/2017/mars/8252-le-roux-bva-punchline.pdf,/notices/medias/fichiers/add/412,2022-07-08 15:54:02,2017-03-24 18:13:04+01:00
8252-presitrack-18.pdf,Pres,2017.0,8252 Presitrack 18,archives/2017/mars/8252-presitrack-18.pdf,,archives/2017/mars/,http://www.commission-des-sondages.fr/notices/files/notices/2017/mars/8252-presitrack-18.pdf,/notices/medias/fichiers/add/293,2022-07-08 15:54:02,
8253-affaires-elabe-bfm.pdf,,2017.0,8253 Affaires Elabe BFM,archives/2017/mars/8253-affaires-elabe-bfm.pdf,,archives/2017/mars/,http://www.commission-des-sondages.fr/notices/files/notices/2017/mars/8253-affaires-elabe-bfm.pdf,/notices/medias/fichiers/add/294,2022-07-08 15:54:02,2017-03-01 16:09:53+01:00
8254-pb-eco-macron-odoxa-bfm.pdf,,2017.0,8254 Pb éco Macron Odoxa BFM,archives/2017/mars/8254-pb-eco-macron-odoxa-bfm.pdf,,archives/2017/mars/,http://www.commission-des-sondages.fr/notices/files/notices/2017/mars/8254-pb-eco-macron-odoxa-bfm.pdf,/notices/medias/fichiers/add/295,2022-07-08 15:54:02,2017-03-01 17:55:35+01:00
8255-roll-21-ifop-pm.pdf,,2017.0,8255 Roll 21 Ifop PM,archives/2017/mars/8255-roll-21-ifop-pm.pdf,,archives/2017/mars/,http://www.commission-des-sondages.fr/notices/files/notices/2017/mars/8255-roll-21-ifop-pm.pdf,/notices/medias/fichiers/add/296,2022-07-08 15:54:02,2017-03-01 18:43:36+01:00
8256-baro-yougov-huff.pdf,,2017.0,8256 Baro Yougov Huff,archives/2017/mars/8256-baro-yougov-huff.pdf,,archives/2017/mars/,http://www.commission-des-sondages.fr/notices/files/notices/2017/mars/8256-baro-yougov-huff.pdf,/notices/medias/fichiers/add/297,2022-07-08 15:54:02,
8257-fillon-hi-rmc.pdf,,2017.0,8257 Fillon HI RMC,archives/2017/mars/8257-fillon-hi-rmc.pdf,,archives/2017/mars/,http://www.commission-des-sondages.fr/notices/files/notices/2017/mars/8257-fillon-hi-rmc.pdf,/notices/medias/fichiers/add/300,2022-07-08 15:54:03,
8258-pres-elabe-les-echos.pdf,Pres,2017.0,8258 Pres elabe les échos,archives/2017/mars/8258-pres-elabe-les-echos.pdf,,archives/2017/mars/,http://www.commission-des-sondages.fr/notices/files/notices/2017/mars/8258-pres-elabe-les-echos.pdf,/notices/medias/fichiers/add/301,2022-07-08 15:54:03,2017-03-02 14:50:07+01:00
8258-pres-elabe-les-echos.pdf,Pres,2017.0,8258 Pres elabe les échos,archives/2017/mars/8258-pres-elabe-les-echos.pdf,,archives/2017/mars/,http://www.commission-des-sondages.fr/notices/files/notices/2017/mars/8258-pres-elabe-les-echos.pdf,/notices/medias/fichiers/add/298,2022-07-08 15:54:03,2017-03-02 14:50:07+01:00
8258-pres-elabe-les-echos.pdf,Pres,2017.0,8258 Pres elabe les échos,archives/2017/mars/8258-pres-elabe-les-echos.pdf,,archives/2017/mars/,http://www.commission-des-sondages.fr/notices/files/notices/2017/mars/8258-pres-elabe-les-echos.pdf,/notices/medias/fichiers/add/301,2022-07-08 15:54:03,2017-03-02 14:50:07+01:00
8258-pres-elabe-les-echos.pdf,Pres,2017.0,8258 Pres elabe les échos,archives/2017/mars/8258-pres-elabe-les-echos.pdf,,archives/2017/mars/,http://www.commission-des-sondages.fr/notices/files/notices/2017/mars/8258-pres-elabe-les-echos.pdf,/notices/medias/fichiers/add/298,2022-07-08 15:54:03,2017-03-02 14:50:07+01:00
8259-presitrack-19-ow-les-echos.pdf,,2017.0,8259 PrésiTrack 19 OW les échos,archives/2017/mars/8259-presitrack-19-ow-les-echos.pdf,,archives/2017/mars/,http://www.commission-des-sondages.fr/notices/files/notices/2017/mars/8259-presitrack-19-ow-les-echos.pdf,/notices/medias/fichiers/add/302,2022-07-08 15:54:03,
8259-presitrack-19-ow-les-echos.pdf,,2017.0,8259 PrésiTrack 19 OW les échos,archives/2017/mars/8259-presitrack-19-ow-les-echos.pdf,,archives/2017/mars/,http://www.commission-des-sondages.fr/notices/files/notices/2017/mars/8259-presitrack-19-ow-les-echos.pdf,/notices/medias/fichiers/add/299,2022-07-08 15:54:03,
8259-presitrack-19-ow-les-echos.pdf,,2017.0,8259 PrésiTrack 19 OW les échos,archives/2017/mars/8259-presitrack-19-ow-les-echos.pdf,,archives/2017/mars/,http://www.commission-des-sondages.fr/notices/files/notices/2017/mars/8259-presitrack-19-ow-les-echos.pdf,/notices/medias/fichiers/add/302,2022-07-08 15:54:03,
8259-presitrack-19-ow-les-echos.pdf,,2017.0,8259 PrésiTrack 19 OW les échos,archives/2017/mars/8259-presitrack-19-ow-les-echos.pdf,,archives/2017/mars/,http://www.commission-des-sondages.fr/notices/files/notices/2017/mars/8259-presitrack-19-ow-les-echos.pdf,/notices/medias/fichiers/add/299,2022-07-08 15:54:03,
8260-roll-22-ifop-pm.pdf,,2017.0,8260 Roll 22 Ifop PM,archives/2017/mars/8260-roll-22-ifop-pm.pdf,,archives/2017/mars/,http://www.commission-des-sondages.fr/notices/files/notices/2017/mars/8260-roll-22-ifop-pm.pdf,/notices/medias/fichiers/add/303,2022-07-08 15:54:03,2017-03-02 18:36:59+01:00
8261-fillon-odoxa-france-info.pdf,,2017.0,8261 FIllon Odoxa France Info,archives/2017/mars/8261-fillon-odoxa-france-info.pdf,,archives/2017/mars/,http://www.commission-des-sondages.fr/notices/files/notices/2017/mars/8261-fillon-odoxa-france-info.pdf,/notices/medias/fichiers/add/304,2022-07-08 15:54:03,2017-03-02 17:56:53+01:00
8262-pres-odoxa-france-2.pdf,Pres,2017.0,8262 Pres Odoxa France 2,archives/2017/mars/8262-pres-odoxa-france-2.pdf,,archives/2017/mars/,http://www.commission-des-sondages.fr/notices/files/notices/2017/mars/8262-pres-odoxa-france-2.pdf,/notices/medias/fichiers/add/305,2022-07-08 15:54:03,2017-03-03 11:26:29+01:00
8263-presitrack-20-ow-les-echos.pdf,Pres,2017.0,8263 Presitrack 20 OW les échos,archives/2017/mars/8263-presitrack-20-ow-les-echos.pdf,,archives/2017/mars/,http://www.commission-des-sondages.fr/notices/files/notices/2017/mars/8263-presitrack-20-ow-les-echos.pdf,/notices/medias/fichiers/add/306,2022-07-08 15:54:03,
8264-roll-23-ifop-pm.pdf,,2017.0,8264 Roll 23 Ifop PM,archives/2017/mars/8264-roll-23-ifop-pm.pdf,,archives/2017/mars/,http://www.commission-des-sondages.fr/notices/files/notices/2017/mars/8264-roll-23-ifop-pm.pdf,/notices/medias/fichiers/add/307,2022-07-08 15:54:03,2017-03-03 18:24:42+01:00
8265-pres-bva-pqr.pdf,Pres,2017.0,8265 Pres BVA PQR,archives/2017/mars/8265-pres-bva-pqr.pdf,,archives/2017/mars/,http://www.commission-des-sondages.fr/notices/files/notices/2017/mars/8265-pres-bva-pqr.pdf,/notices/medias/fichiers/add/308,2022-07-08 15:54:04,2017-03-03 18:05:59+01:00
8266-pres-kantar-lci.pdf,Pres,2017.0,8266 Pres Kantar LCI,archives/2017/mars/8266-pres-kantar-lci.pdf,,archives/2017/mars/,http://www.commission-des-sondages.fr/notices/files/notices/2017/mars/8266-pres-kantar-lci.pdf,/notices/medias/fichiers/add/309,2022-07-08 15:54:04,2017-03-05 17:40:26+01:00
8267-pres-ifop-jdd-5-03.pdf,Pres,2017.0,8267 Pres Ifop JDD 5:03,archives/2017/mars/8267-pres-ifop-jdd-5-03.pdf,,archives/2017/mars/,http://www.commission-des-sondages.fr/notices/files/notices/2017/mars/8267-pres-ifop-jdd-5-03.pdf,/notices/medias/fichiers/add/310,2022-07-08 15:54:04,2017-03-06 14:06:27+01:00
8268-presitrack-21-ow-les-echos.pdf,Pres,2017.0,8268 Presitrack 21 OW Les échos,archives/2017/mars/8268-presitrack-21-ow-les-echos.pdf,,archives/2017/mars/,http://www.commission-des-sondages.fr/notices/files/notices/2017/mars/8268-presitrack-21-ow-les-echos.pdf,/notices/medias/fichiers/add/311,2022-07-08 15:54:04,
8269-pres-hi-atlantico.pdf,Pres,2017.0,8269 Pres HI Atlantico,archives/2017/mars/8269-pres-hi-atlantico.pdf,,archives/2017/mars/,http://www.commission-des-sondages.fr/notices/files/notices/2017/mars/8269-pres-hi-atlantico.pdf,/notices/medias/fichiers/add/318,2022-07-08 15:54:04,
8270-pres-l-express-elabe.pdf,Pres,2017.0,8270 Pres L'express Elabe,archives/2017/mars/8270-pres-l-express-elabe.pdf,,archives/2017/mars/,http://www.commission-des-sondages.fr/notices/files/notices/2017/mars/8270-pres-l-express-elabe.pdf,/notices/medias/fichiers/add/313,2022-07-08 15:54:04,2017-03-07 11:49:11+01:00
8271-presitrack-22-ow-les-echos.pdf,Pres,2017.0,8271 Presitrack 22 OW les échos,archives/2017/mars/8271-presitrack-22-ow-les-echos.pdf,,archives/2017/mars/,http://www.commission-des-sondages.fr/notices/files/notices/2017/mars/8271-presitrack-22-ow-les-echos.pdf,/notices/medias/fichiers/add/314,2022-07-08 15:54:04,
8272-roll-24-ifop-pm.pdf,,2017.0,8272 Roll 24 Ifop PM ,archives/2017/mars/8272-roll-24-ifop-pm.pdf,,archives/2017/mars/,http://www.commission-des-sondages.fr/notices/files/notices/2017/mars/8272-roll-24-ifop-pm.pdf,/notices/medias/fichiers/add/315,2022-07-08 15:54:04,2017-03-07 17:56:55+01:00
8273-roll-25-ifop-pm.pdf,,2017.0,8273 Roll 25 Ifop PM,archives/2017/mars/8273-roll-25-ifop-pm.pdf,,archives/2017/mars/,http://www.commission-des-sondages.fr/notices/files/notices/2017/mars/8273-roll-25-ifop-pm.pdf,/notices/medias/fichiers/add/316,2022-07-08 15:54:04,2017-03-07 18:03:16+01:00
8274-baro-fn-kantar-le-monde.pdf,,2017.0,8274 Baro FN Kantar le Monde,archives/2017/mars/8274-baro-fn-kantar-le-monde.pdf,,archives/2017/mars/,http://www.commission-des-sondages.fr/notices/files/notices/2017/mars/8274-baro-fn-kantar-le-monde.pdf,/notices/medias/fichiers/add/317,2022-07-08 15:54:05,2017-03-07 17:58:23+01:00
8275-baro-bva-la-tribune.pdf,,2017.0,8275 Baro BVA La Tribune,archives/2017/mars/8275-baro-bva-la-tribune.pdf,,archives/2017/mars/,http://www.commission-des-sondages.fr/notices/files/notices/2017/mars/8275-baro-bva-la-tribune.pdf,/notices/medias/fichiers/add/321,2022-07-08 15:54:05,2017-03-07 18:11:50+01:00
8276-valeurs-politiques-viavoice-wellcom.pdf,,2017.0,8276 Valeurs politiques Viavoice Wellcom,archives/2017/mars/8276-valeurs-politiques-viavoice-wellcom.pdf,,archives/2017/mars/,http://www.commission-des-sondages.fr/notices/files/notices/2017/mars/8276-valeurs-politiques-viavoice-wellcom.pdf,/notices/medias/fichiers/add/322,2022-07-08 15:54:05,2017-03-07 18:31:26+01:00
8277-femmes-hi-rtl.pdf,,2017.0,8277 Femmes HI RTL,archives/2017/mars/8277-femmes-hi-rtl.pdf,,archives/2017/mars/,http://www.commission-des-sondages.fr/notices/files/notices/2017/mars/8277-femmes-hi-rtl.pdf,/notices/medias/fichiers/add/323,2022-07-08 15:54:05,
8278-presitrack-23.pdf,,2017.0,8278 Présitrack 23,archives/2017/mars/8278-presitrack-23.pdf,,archives/2017/mars/,http://www.commission-des-sondages.fr/notices/files/notices/2017/mars/8278-presitrack-23.pdf,/notices/medias/fichiers/add/324,2022-07-08 15:54:05,
8279-fillon-elabe-bfm.pdf,,2017.0,8279 FIllon Elabe BFM,archives/2017/mars/8279-fillon-elabe-bfm.pdf,,archives/2017/mars/,http://www.commission-des-sondages.fr/notices/files/notices/2017/mars/8279-fillon-elabe-bfm.pdf,/notices/medias/fichiers/add/325,2022-07-08 15:54:05,2017-03-08 14:25:31+01:00
8280-roll-26-ifop-pm.pdf,,2017.0,8280 Roll 26 Ifop PM,archives/2017/mars/8280-roll-26-ifop-pm.pdf,,archives/2017/mars/,http://www.commission-des-sondages.fr/notices/files/notices/2017/mars/8280-roll-26-ifop-pm.pdf,/notices/medias/fichiers/add/326,2022-07-08 15:54:05,2017-03-08 18:13:17+01:00
8281-fn-bva-l-obs.pdf,,2017.0,8281 FN BVA L'Obs,archives/2017/mars/8281-fn-bva-l-obs.pdf,,archives/2017/mars/,http://www.commission-des-sondages.fr/notices/files/notices/2017/mars/8281-fn-bva-l-obs.pdf,/notices/medias/fichiers/add/327,2022-07-08 15:54:06,2017-03-08 18:27:53+01:00
8282-pres-iposos-cevipof-le-monde.pdf,Pres,2017.0,8282 Pres Iposos Cévipof le Monde,archives/2017/mars/8282-pres-iposos-cevipof-le-monde.pdf,,archives/2017/mars/,http://www.commission-des-sondages.fr/notices/files/notices/2017/mars/8282-pres-iposos-cevipof-le-monde.pdf,/notices/medias/fichiers/add/328,2022-07-08 15:54:06,2017-03-08 19:52:57+01:00
8283-pres-hi-france-2.pdf,Pres,2017.0,8283 Pres HI France 2,archives/2017/mars/8283-pres-hi-france-2.pdf,,archives/2017/mars/,http://www.commission-des-sondages.fr/notices/files/notices/2017/mars/8283-pres-hi-france-2.pdf,/notices/medias/fichiers/add/329,2022-07-08 15:54:06,
8284-pres-ipsos-le-monde.pdf,Pres,2017.0,8284 Pres Ipsos Le Monde,archives/2017/mars/8284-pres-ipsos-le-monde.pdf,,archives/2017/mars/,http://www.commission-des-sondages.fr/notices/files/notices/2017/mars/8284-pres-ipsos-le-monde.pdf,/notices/medias/fichiers/add/330,2022-07-08 15:54:06,2017-03-08 21:13:06+01:00
8285-baro-elabe-radio-classique.pdf,,2017.0,8285 Baro Elabe radio Classique ,archives/2017/mars/8285-baro-elabe-radio-classique.pdf,,archives/2017/mars/,http://www.commission-des-sondages.fr/notices/files/notices/2017/mars/8285-baro-elabe-radio-classique.pdf,/notices/medias/fichiers/add/331,2022-07-08 15:54:06,2017-03-09 10:29:44+01:00
8286-presitrack-24-ow-les-echos-precisions-de-la-commission-des-sondages.pdf,,2017.0,8286 Présitrack 24  OW les Échos –  précisions de la commission des sondages,archives/2017/mars/8286-presitrack-24-ow-les-echos-precisions-de-la-commission-des-sondages.pdf,,archives/2017/mars/,http://www.commission-des-sondages.fr/notices/files/notices/2017/mars/8286-presitrack-24-ow-les-echos-precisions-de-la-commission-des-sondages.pdf,/notices/medias/fichiers/add/354,2022-07-08 15:54:06,
8286-presitrack-24-ow-les-echos.pdf,,2017.0,8286 Présitrack 24 OW- les échos,archives/2017/mars/8286-presitrack-24-ow-les-echos.pdf,,archives/2017/mars/,http://www.commission-des-sondages.fr/notices/files/notices/2017/mars/8286-presitrack-24-ow-les-echos.pdf,/notices/medias/fichiers/add/332,2022-07-08 15:54:06,
8287-pres-ifop-pm.pdf,Pres,2017.0,8287 Pres Ifop PM,archives/2017/mars/8287-pres-ifop-pm.pdf,,archives/2017/mars/,http://www.commission-des-sondages.fr/notices/files/notices/2017/mars/8287-pres-ifop-pm.pdf,/notices/medias/fichiers/add/333,2022-07-08 15:54:06,2017-03-08 18:08:26+01:00
8288-roll-27-ifop-pm-precisions-de-la-commission-des-sondages.pdf,,2017.0,8288 Roll 27 Ifop PM – Précisions de la commission des sondages,archives/2017/mars/8288-roll-27-ifop-pm-precisions-de-la-commission-des-sondages.pdf,,archives/2017/mars/,http://www.commission-des-sondages.fr/notices/files/notices/2017/mars/8288-roll-27-ifop-pm-precisions-de-la-commission-des-sondages.pdf,/notices/medias/fichiers/add/355,2022-07-08 15:54:06,
8288-roll-27-ifop-pm.pdf,,2017.0,8288 Roll 27 Ifop PM,archives/2017/mars/8288-roll-27-ifop-pm.pdf,,archives/2017/mars/,http://www.commission-des-sondages.fr/notices/files/notices/2017/mars/8288-roll-27-ifop-pm.pdf,/notices/medias/fichiers/add/334,2022-07-08 15:54:07,2017-03-09 18:10:44+01:00
8289-gauche-odoxa-france-info-precisions-de-la-commission-des-sondages.pdf,,2017.0,8289 Gauche Odoxa France-Info – Précisions de la commission des sondages,archives/2017/mars/8289-gauche-odoxa-france-info-precisions-de-la-commission-des-sondages.pdf,,archives/2017/mars/,http://www.commission-des-sondages.fr/notices/files/notices/2017/mars/8289-gauche-odoxa-france-info-precisions-de-la-commission-des-sondages.pdf,/notices/medias/fichiers/add/356,2022-07-08 15:54:06,
8289-gauche-odoxa.pdf,,2017.0,8289 Gauche Odoxa,archives/2017/mars/8289-gauche-odoxa.pdf,,archives/2017/mars/,http://www.commission-des-sondages.fr/notices/files/notices/2017/mars/8289-gauche-odoxa.pdf,/notices/medias/fichiers/add/335,2022-07-08 15:54:07,2017-03-09 18:43:03+01:00
8290-emission-pol-hamon-hi-france-2.pdf,,2017.0,8290 émission pol Hamon HI France 2,archives/2017/mars/8290-emission-pol-hamon-hi-france-2.pdf,,archives/2017/mars/,http://www.commission-des-sondages.fr/notices/files/notices/2017/mars/8290-emission-pol-hamon-hi-france-2.pdf,/notices/medias/fichiers/add/336,2022-07-08 15:54:07,
8291-baro-viavoice-libe.pdf,,2017.0,8291 Baro Viavoice Libé,archives/2017/mars/8291-baro-viavoice-libe.pdf,,archives/2017/mars/,http://www.commission-des-sondages.fr/notices/files/notices/2017/mars/8291-baro-viavoice-libe.pdf,/notices/medias/fichiers/add/338,2022-07-08 15:54:07,2017-03-06 12:20:57+01:00
8292-precisions-de-la-commission-des-sondages.pdf,,2017.0,8292 Présitrack 25 OW les Échos ---- Précisions de la commission des sondages ,archives/2017/mars/8292-precisions-de-la-commission-des-sondages.pdf,,archives/2017/mars/,http://www.commission-des-sondages.fr/notices/files/notices/2017/mars/8292-precisions-de-la-commission-des-sondages.pdf,/notices/medias/fichiers/add/341,2022-07-08 15:54:07,
8292-presitrack-25.pdf,,2017.0,8292 Présitrack 25 OW les Échos,archives/2017/mars/8292-presitrack-25.pdf,,archives/2017/mars/,http://www.commission-des-sondages.fr/notices/files/notices/2017/mars/8292-presitrack-25.pdf,/notices/medias/fichiers/add/337,2022-07-08 15:54:07,
8293-roll-28-ifop-pm-precisions-de-la-commission-des-sondages.pdf,,2017.0,8293 Roll 28 Ifop PM – Précisions de la commission des sondages,archives/2017/mars/8293-roll-28-ifop-pm-precisions-de-la-commission-des-sondages.pdf,,archives/2017/mars/,http://www.commission-des-sondages.fr/notices/files/notices/2017/mars/8293-roll-28-ifop-pm-precisions-de-la-commission-des-sondages.pdf,/notices/medias/fichiers/add/358,2022-07-08 15:54:07,
8293-roll-28.pdf,,2017.0,8293 Roll 28,archives/2017/mars/8293-roll-28.pdf,,archives/2017/mars/,http://www.commission-des-sondages.fr/notices/files/notices/2017/mars/8293-roll-28.pdf,/notices/medias/fichiers/add/339,2022-07-08 15:54:08,2017-03-10 16:12:34+01:00
8294-pres-bva-pqr-11-03.pdf,Pres,2017.0,8294 Pres BVA PQR 11-03,archives/2017/mars/8294-pres-bva-pqr-11-03.pdf,,archives/2017/mars/,http://www.commission-des-sondages.fr/notices/files/notices/2017/mars/8294-pres-bva-pqr-11-03.pdf,/notices/medias/fichiers/add/340,2022-07-08 15:54:08,2017-03-10 18:48:20+01:00
8295-emploi-hi-indeed.pdf,,2017.0,8295 Emploi HI - Indeed,archives/2017/mars/8295-emploi-hi-indeed.pdf,,archives/2017/mars/,http://www.commission-des-sondages.fr/notices/files/notices/2017/mars/8295-emploi-hi-indeed.pdf,/notices/medias/fichiers/add/342,2022-07-08 15:54:08,
8296-barometre-ipsos-le-point.pdf,,2017.0,8296 Baromètre Ipsos le Point,archives/2017/mars/8296-barometre-ipsos-le-point.pdf,,archives/2017/mars/,http://www.commission-des-sondages.fr/notices/files/notices/2017/mars/8296-barometre-ipsos-le-point.pdf,/notices/medias/fichiers/add/344,2022-07-08 15:54:08,2017-03-12 22:18:46+01:00
8297-presitrack-26-ow-les-echos.pdf,,2017.0,8297 Présitrack 26 OW les Échos,archives/2017/mars/8297-presitrack-26-ow-les-echos.pdf,,archives/2017/mars/,http://www.commission-des-sondages.fr/notices/files/notices/2017/mars/8297-presitrack-26-ow-les-echos.pdf,/notices/medias/fichiers/add/343,2022-07-08 15:54:08,
8298-roll-29-ifop-pm-precisions-de-la-commission-des-sondages.pdf,,2017.0,8298 Roll 29 Ifop PM – Précisions de la commission des sondages,archives/2017/mars/8298-roll-29-ifop-pm-precisions-de-la-commission-des-sondages.pdf,,archives/2017/mars/,http://www.commission-des-sondages.fr/notices/files/notices/2017/mars/8298-roll-29-ifop-pm-precisions-de-la-commission-des-sondages.pdf,/notices/medias/fichiers/add/359,2022-07-08 15:54:08,
8298-roll-29-ifop-pm.pdf,,2017.0,8298 Roll 29 Ifop PM,archives/2017/mars/8298-roll-29-ifop-pm.pdf,,archives/2017/mars/,http://www.commission-des-sondages.fr/notices/files/notices/2017/mars/8298-roll-29-ifop-pm.pdf,/notices/medias/fichiers/add/345,2022-07-08 15:54:08,2017-03-13 19:44:14+01:00
8299-securite-sociale-ipsos-france-2.pdf,,2017.0,8299 Sécurité sociale Ipsos France 2,archives/2017/mars/8299-securite-sociale-ipsos-france-2.pdf,,archives/2017/mars/,http://www.commission-des-sondages.fr/notices/files/notices/2017/mars/8299-securite-sociale-ipsos-france-2.pdf,/notices/medias/fichiers/add/346,2022-07-08 15:54:08,2017-03-14 13:05:32+01:00
8300-presitrack-27-ow-les-echos-precisions-de-la-commission-des-sondages.pdf,,2017.0,8300 Présitrack 27 OW les Échos  – Précisions de la commission des sondages,archives/2017/mars/8300-presitrack-27-ow-les-echos-precisions-de-la-commission-des-sondages.pdf,,archives/2017/mars/,http://www.commission-des-sondages.fr/notices/files/notices/2017/mars/8300-presitrack-27-ow-les-echos-precisions-de-la-commission-des-sondages.pdf,/notices/medias/fichiers/add/360,2022-07-08 15:54:08,
8300-presitrack-ow-les-echos-14-mars-2017.pdf,,2017.0,8300 PrésiTrack OW Les Échos - 14 mars 2017,archives/2017/mars/8300-presitrack-ow-les-echos-14-mars-2017.pdf,,archives/2017/mars/,http://www.commission-des-sondages.fr/notices/files/notices/2017/mars/8300-presitrack-ow-les-echos-14-mars-2017.pdf,/notices/medias/fichiers/add/347,2022-07-08 15:54:08,
8301-barom-ipsos-le-point.pdf,,2017.0,8301 Barom Ipsos Le Point,archives/2017/mars/8301-barom-ipsos-le-point.pdf,,archives/2017/mars/,http://www.commission-des-sondages.fr/notices/files/notices/2017/mars/8301-barom-ipsos-le-point.pdf,/notices/medias/fichiers/add/348,2022-07-08 15:54:09,2017-03-12 22:18:46+01:00
8302-presitrack-28-ow-les-echos-precisions-de-la-commission-des-sondages.pdf,Pres,2017.0,8302 Presitrack 28 OW les Échos – Précisions de la commission des sondages,archives/2017/mars/8302-presitrack-28-ow-les-echos-precisions-de-la-commission-des-sondages.pdf,,archives/2017/mars/,http://www.commission-des-sondages.fr/notices/files/notices/2017/mars/8302-presitrack-28-ow-les-echos-precisions-de-la-commission-des-sondages.pdf,/notices/medias/fichiers/add/361,2022-07-08 15:54:09,
8302-presitrack15-ow-les-echos-mars-2017.pdf,,2017.0,8302 PrésiTrack15 OW les Échos,archives/2017/mars/8302-presitrack15-ow-les-echos-mars-2017.pdf,,archives/2017/mars/,http://www.commission-des-sondages.fr/notices/files/notices/2017/mars/8302-presitrack15-ow-les-echos-mars-2017.pdf,/notices/medias/fichiers/add/349,2022-07-08 15:54:09,
8303-fillon-elabe-bfm.pdf,,2017.0,8303 Fillon Elabe BFM,archives/2017/mars/8303-fillon-elabe-bfm.pdf,,archives/2017/mars/,http://www.commission-des-sondages.fr/notices/files/notices/2017/mars/8303-fillon-elabe-bfm.pdf,/notices/medias/fichiers/add/350,2022-07-08 15:54:09,2017-03-15 15:27:10+01:00
8304-roll-30-ifop-pm.pdf,,2017.0,8304 Roll 30 Ifop PM,archives/2017/mars/8304-roll-30-ifop-pm.pdf,,archives/2017/mars/,http://www.commission-des-sondages.fr/notices/files/notices/2017/mars/8304-roll-30-ifop-pm.pdf,/notices/medias/fichiers/add/351,2022-07-08 15:54:09,2017-03-15 18:02:03+01:00
8305-bis-roll-32-ifop-pm.pdf,,2017.0,8305 Bis Roll 32 Ifop Pm,archives/2017/mars/8305-bis-roll-32-ifop-pm.pdf,,archives/2017/mars/,http://www.commission-des-sondages.fr/notices/files/notices/2017/mars/8305-bis-roll-32-ifop-pm.pdf,/notices/medias/fichiers/add/399,2022-07-08 15:54:09,2017-03-22 18:10:08+01:00
8305-roll-31-ifop-pm.pdf,,2017.0,8305 Roll 31 Ifop PM,archives/2017/mars/8305-roll-31-ifop-pm.pdf,,archives/2017/mars/,http://www.commission-des-sondages.fr/notices/files/notices/2017/mars/8305-roll-31-ifop-pm.pdf,/notices/medias/fichiers/add/352,2022-07-08 15:54:09,2017-03-15 19:22:26+01:00
8306-pres-future-thinking-womensports.pdf,Pres,2017.0,8306 Pres Future Thinking Womensports,archives/2017/mars/8306-pres-future-thinking-womensports.pdf,,archives/2017/mars/,http://www.commission-des-sondages.fr/notices/files/notices/2017/mars/8306-pres-future-thinking-womensports.pdf,/notices/medias/fichiers/add/362,2022-07-08 15:54:09,
8307-presitrack-29-ow-les-echos-precisions-de-la-commission.pdf,,2017.0,"8307 Présitrack 29 OW Les échos, Précisions de la commission",archives/2017/mars/8307-presitrack-29-ow-les-echos-precisions-de-la-commission.pdf,,archives/2017/mars/,http://www.commission-des-sondages.fr/notices/files/notices/2017/mars/8307-presitrack-29-ow-les-echos-precisions-de-la-commission.pdf,/notices/medias/fichiers/add/363,2022-07-08 15:54:09,
8307-presitrack-29-ow-les-echos.pdf,,2017.0,8307 Présitrack 29 OW Les Échos,archives/2017/mars/8307-presitrack-29-ow-les-echos.pdf,,archives/2017/mars/,http://www.commission-des-sondages.fr/notices/files/notices/2017/mars/8307-presitrack-29-ow-les-echos.pdf,/notices/medias/fichiers/add/364,2022-07-08 15:54:09,
8308-fillon-odoxa-france-info.pdf,,2017.0,8308 Fillon Odoxa France Info,archives/2017/mars/8308-fillon-odoxa-france-info.pdf,,archives/2017/mars/,http://www.commission-des-sondages.fr/notices/files/notices/2017/mars/8308-fillon-odoxa-france-info.pdf,/notices/medias/fichiers/add/365,2022-07-08 15:54:10,2017-03-16 18:31:28+01:00
8309-pres-ipsos-cevioif-le-monde.pdf,Pres,2017.0,8309 pres Ipsos Cévipof le Monde,archives/2017/mars/8309-pres-ipsos-cevioif-le-monde.pdf,,archives/2017/mars/,http://www.commission-des-sondages.fr/notices/files/notices/2017/mars/8309-pres-ipsos-cevioif-le-monde.pdf,/notices/medias/fichiers/add/367,2022-07-08 15:54:10,2017-03-16 20:34:12+01:00
8309-roll-36-ifop-pm.pdf,,2017.0,8339 Roll 36 Ifop PM,archives/2017/mars/8309-roll-36-ifop-pm.pdf,,archives/2017/mars/,http://www.commission-des-sondages.fr/notices/files/notices/2017/mars/8309-roll-36-ifop-pm.pdf,/notices/medias/fichiers/add/400,2022-07-08 15:54:10,2017-03-22 18:11:32+01:00
8310-presitrack-30-ow-les-echos-precisions-de-la-commission-des-sondages.pdf,,2017.0,8310 Présitrack 30  OW les échos – Précisions de la commission des sondages,archives/2017/mars/8310-presitrack-30-ow-les-echos-precisions-de-la-commission-des-sondages.pdf,,archives/2017/mars/,http://www.commission-des-sondages.fr/notices/files/notices/2017/mars/8310-presitrack-30-ow-les-echos-precisions-de-la-commission-des-sondages.pdf,/notices/medias/fichiers/add/396,2022-07-08 15:54:10,
8310-presitrack-30-ow-les-echos.pdf,Pres,2017.0,8310 Presitrack 30 OW Les Échos,archives/2017/mars/8310-presitrack-30-ow-les-echos.pdf,,archives/2017/mars/,http://www.commission-des-sondages.fr/notices/files/notices/2017/mars/8310-presitrack-30-ow-les-echos.pdf,/notices/medias/fichiers/add/366,2022-07-08 15:54:10,
8311-valls-hamon-bca-c8.pdf,,2017.0,8311 Valls/Hamon Bva C8,archives/2017/mars/8311-valls-hamon-bca-c8.pdf,,archives/2017/mars/,http://www.commission-des-sondages.fr/notices/files/notices/2017/mars/8311-valls-hamon-bca-c8.pdf,/notices/medias/fichiers/add/368,2022-07-08 15:54:11,2017-03-17 19:04:14+01:00
8312-roll-33-ifop-pm.pdf,,2017.0,8312 Roll 33 Ifop PM,archives/2017/mars/8312-roll-33-ifop-pm.pdf,,archives/2017/mars/,http://www.commission-des-sondages.fr/notices/files/notices/2017/mars/8312-roll-33-ifop-pm.pdf,/notices/medias/fichiers/add/369,2022-07-08 15:54:10,2017-03-17 19:11:33+01:00
8313-pres-kantar-lci-19-mars.pdf,Pres,2017.0,8313 Pres Kantar LCI 19 mars,archives/2017/mars/8313-pres-kantar-lci-19-mars.pdf,,archives/2017/mars/,http://www.commission-des-sondages.fr/notices/files/notices/2017/mars/8313-pres-kantar-lci-19-mars.pdf,/notices/medias/fichiers/add/370,2022-07-08 15:54:11,2017-03-19 13:45:41+01:00
8314-pres-odoxa-france-2-precisions-de-la-commission-des-sondages.pdf,Pres,2017.0,8314 Pres Odoxa france 2 – Précisions de la commission des sondages,archives/2017/mars/8314-pres-odoxa-france-2-precisions-de-la-commission-des-sondages.pdf,,archives/2017/mars/,http://www.commission-des-sondages.fr/notices/files/notices/2017/mars/8314-pres-odoxa-france-2-precisions-de-la-commission-des-sondages.pdf,/notices/medias/fichiers/add/397,2022-07-08 15:54:11,
8314-pres-odoxa-france-2.pdf,Pres,2017.0,8314 Pres Odoxa France 2,archives/2017/mars/8314-pres-odoxa-france-2.pdf,,archives/2017/mars/,http://www.commission-des-sondages.fr/notices/files/notices/2017/mars/8314-pres-odoxa-france-2.pdf,/notices/medias/fichiers/add/371,2022-07-08 15:54:11,2017-03-17 16:09:24+01:00
8315-baro-pol-ipsos-lepoint-13-mars-2017.pdf,,2017.0,8315 Baro pol Ipsos LePoint 13 Mars 2017,archives/2017/mars/8315-baro-pol-ipsos-lepoint-13-mars-2017.pdf,,archives/2017/mars/,http://www.commission-des-sondages.fr/notices/files/notices/2017/mars/8315-baro-pol-ipsos-lepoint-13-mars-2017.pdf,/notices/medias/fichiers/add/372,2022-07-08 15:54:11,2017-03-12 22:18:46+01:00
8316-pres-ara-ipsos-france3.pdf,Pres,2017.0,8316 Pres ARA Ipsos France3,archives/2017/mars/8316-pres-ara-ipsos-france3.pdf,,archives/2017/mars/,http://www.commission-des-sondages.fr/notices/files/notices/2017/mars/8316-pres-ara-ipsos-france3.pdf,/notices/medias/fichiers/add/373,2022-07-08 15:54:12,2017-03-17 18:02:51+01:00
8317-pres-reg-bfc-ipsos-france-3.pdf,Pres,2017.0,8317 pres Reg BFC Ipsos France 3,archives/2017/mars/8317-pres-reg-bfc-ipsos-france-3.pdf,,archives/2017/mars/,http://www.commission-des-sondages.fr/notices/files/notices/2017/mars/8317-pres-reg-bfc-ipsos-france-3.pdf,/notices/medias/fichiers/add/374,2022-07-08 15:54:12,2017-03-17 18:01:50+01:00
8318-pres-reg-bretagne-ipsos-france-3.pdf,Pres,2017.0,8318 Pres reg Brétagne Ipsos France 3,archives/2017/mars/8318-pres-reg-bretagne-ipsos-france-3.pdf,,archives/2017/mars/,http://www.commission-des-sondages.fr/notices/files/notices/2017/mars/8318-pres-reg-bretagne-ipsos-france-3.pdf,/notices/medias/fichiers/add/375,2022-07-08 15:54:12,2017-03-17 17:51:34+01:00
8319-pres-reg-centre-vdel-ipsos-france3.pdf,Pres,2017.0,8319  Pres reg Centre-VdeL Ipsos France3,archives/2017/mars/8319-pres-reg-centre-vdel-ipsos-france3.pdf,,archives/2017/mars/,http://www.commission-des-sondages.fr/notices/files/notices/2017/mars/8319-pres-reg-centre-vdel-ipsos-france3.pdf,/notices/medias/fichiers/add/376,2022-07-08 15:54:12,2017-03-17 17:57:40+01:00
8320-pres-reg-grand-est-ipsos-france3.pdf,Pres,2017.0,8320 Pres reg Grand-Est Ipsos France3,archives/2017/mars/8320-pres-reg-grand-est-ipsos-france3.pdf,,archives/2017/mars/,http://www.commission-des-sondages.fr/notices/files/notices/2017/mars/8320-pres-reg-grand-est-ipsos-france3.pdf,/notices/medias/fichiers/add/377,2022-07-08 15:54:12,2017-03-17 17:59:01+01:00
8321-pres-reg-hdf-ipsos-france-3.pdf,Pres,2017.0,8321 Pres reg HDF Ipsos France 3,archives/2017/mars/8321-pres-reg-hdf-ipsos-france-3.pdf,,archives/2017/mars/,http://www.commission-des-sondages.fr/notices/files/notices/2017/mars/8321-pres-reg-hdf-ipsos-france-3.pdf,/notices/medias/fichiers/add/378,2022-07-08 15:54:12,2017-03-17 18:05:50+01:00
8322-pres-reg-idf-ipsos-france3.pdf,Pres,2017.0,8322 Pres Reg IDF Ipsos France3,archives/2017/mars/8322-pres-reg-idf-ipsos-france3.pdf,,archives/2017/mars/,http://www.commission-des-sondages.fr/notices/files/notices/2017/mars/8322-pres-reg-idf-ipsos-france3.pdf,/notices/medias/fichiers/add/379,2022-07-08 15:54:13,2017-03-17 18:36:33+01:00
8323-pres-reg-normandie-ipsos-france3.pdf,Pres,2017.0,8323 pres Reg Normandie Ipsos France3,archives/2017/mars/8323-pres-reg-normandie-ipsos-france3.pdf,,archives/2017/mars/,http://www.commission-des-sondages.fr/notices/files/notices/2017/mars/8323-pres-reg-normandie-ipsos-france3.pdf,/notices/medias/fichiers/add/380,2022-07-08 15:54:13,2017-03-17 18:38:40+01:00
8324-reg-pres-nouvelle-aquitaine-france3.pdf,Pres,2017.0,8324 reg pres Nouvelle Aquitaine France3,archives/2017/mars/8324-reg-pres-nouvelle-aquitaine-france3.pdf,,archives/2017/mars/,http://www.commission-des-sondages.fr/notices/files/notices/2017/mars/8324-reg-pres-nouvelle-aquitaine-france3.pdf,/notices/medias/fichiers/add/381,2022-07-08 15:54:13,2017-03-17 18:41:02+01:00
8325-pres-reg-occitanie-france3.pdf,Pres,2017.0,8325 Pres reg Occitanie France3,archives/2017/mars/8325-pres-reg-occitanie-france3.pdf,,archives/2017/mars/,http://www.commission-des-sondages.fr/notices/files/notices/2017/mars/8325-pres-reg-occitanie-france3.pdf,/notices/medias/fichiers/add/382,2022-07-08 15:54:13,2017-03-17 18:43:20+01:00
8326-pres-paca-ipsos-france3.pdf,Pres,2017.0,8326 Pres PACA Ipsos France3,archives/2017/mars/8326-pres-paca-ipsos-france3.pdf,,archives/2017/mars/,http://www.commission-des-sondages.fr/notices/files/notices/2017/mars/8326-pres-paca-ipsos-france3.pdf,/notices/medias/fichiers/add/383,2022-07-08 15:54:13,2017-03-17 18:44:49+01:00
8327-pres-reg-pdll-ipsos-france3.pdf,Pres,2017.0,8327 Pres reg PDLL Ipsos France3,archives/2017/mars/8327-pres-reg-pdll-ipsos-france3.pdf,,archives/2017/mars/,http://www.commission-des-sondages.fr/notices/files/notices/2017/mars/8327-pres-reg-pdll-ipsos-france3.pdf,/notices/medias/fichiers/add/384,2022-07-08 15:54:13,2017-03-17 18:48:34+01:00
8328-pres-elabe-l-express.pdf,Pres,2017.0,8328 Pres Elabe L'express,archives/2017/mars/8328-pres-elabe-l-express.pdf,,archives/2017/mars/,http://www.commission-des-sondages.fr/notices/files/notices/2017/mars/8328-pres-elabe-l-express.pdf,/notices/medias/fichiers/add/385,2022-07-08 15:54:14,2017-03-20 14:23:36+01:00
8329-cinq-candidats-hi-fondapol.pdf,,2017.0,8329 Cinq candidats HI Fondapol,archives/2017/mars/8329-cinq-candidats-hi-fondapol.pdf,,archives/2017/mars/,http://www.commission-des-sondages.fr/notices/files/notices/2017/mars/8329-cinq-candidats-hi-fondapol.pdf,/notices/medias/fichiers/add/386,2022-07-08 15:54:14,
8330-perception-hi-fondapol.pdf,,2017.0,8330 Perception HI Fondapol,archives/2017/mars/8330-perception-hi-fondapol.pdf,,archives/2017/mars/,http://www.commission-des-sondages.fr/notices/files/notices/2017/mars/8330-perception-hi-fondapol.pdf,/notices/medias/fichiers/add/387,2022-07-08 15:54:14,
8331-roll-34-ifop-pm-precisions-de-la-commission-des-sondages.pdf,,2017.0,8331 Roll 34 Ifop PM – Précisions de la commission des sondages,archives/2017/mars/8331-roll-34-ifop-pm-precisions-de-la-commission-des-sondages.pdf,,archives/2017/mars/,http://www.commission-des-sondages.fr/notices/files/notices/2017/mars/8331-roll-34-ifop-pm-precisions-de-la-commission-des-sondages.pdf,/notices/medias/fichiers/add/398,2022-07-08 15:54:14,
8331-roll-34-ifop-pm.pdf,,2017.0,8331 Roll 34 Ifop PM,archives/2017/mars/8331-roll-34-ifop-pm.pdf,,archives/2017/mars/,http://www.commission-des-sondages.fr/notices/files/notices/2017/mars/8331-roll-34-ifop-pm.pdf,/notices/medias/fichiers/add/388,2022-07-08 15:54:14,2017-03-20 15:42:54+01:00
8332-laicite-ipsos-francetele.pdf,,2017.0,8332 Laïcité Ipsos FranceTélé,archives/2017/mars/8332-laicite-ipsos-francetele.pdf,,archives/2017/mars/,http://www.commission-des-sondages.fr/notices/files/notices/2017/mars/8332-laicite-ipsos-francetele.pdf,/notices/medias/fichiers/add/389,2022-07-08 15:54:14,2017-03-20 17:34:17+01:00
8333-presitrack-31-ow-les-echos.pdf,Pres,2017.0,8333 Presitrack 31 OW les Échos,archives/2017/mars/8333-presitrack-31-ow-les-echos.pdf,,archives/2017/mars/,http://www.commission-des-sondages.fr/notices/files/notices/2017/mars/8333-presitrack-31-ow-les-echos.pdf,/notices/medias/fichiers/add/390,2022-07-08 15:54:14,2017-03-20 15:53:55+00:00
8334-debat-tf1-elabe-bfm.pdf,,2017.0,8334 Débat TF1 Elabe BFM,archives/2017/mars/8334-debat-tf1-elabe-bfm.pdf,,archives/2017/mars/,http://www.commission-des-sondages.fr/notices/files/notices/2017/mars/8334-debat-tf1-elabe-bfm.pdf,/notices/medias/fichiers/add/391,2022-07-08 15:54:14,2017-03-21 10:52:27+01:00
8335-debat-tf1-hi-atlantico.pdf,,2017.0,8335 Débat TF1 HI Atlantico,archives/2017/mars/8335-debat-tf1-hi-atlantico.pdf,,archives/2017/mars/,http://www.commission-des-sondages.fr/notices/files/notices/2017/mars/8335-debat-tf1-hi-atlantico.pdf,/notices/medias/fichiers/add/392,2022-07-08 15:54:14,
8336-presitrack-32-ow-les-echos.pdf,,2017.0,8336 Présitrack 32 OW les échos,archives/2017/mars/8336-presitrack-32-ow-les-echos.pdf,,archives/2017/mars/,http://www.commission-des-sondages.fr/notices/files/notices/2017/mars/8336-presitrack-32-ow-les-echos.pdf,/notices/medias/fichiers/add/393,2022-07-08 15:54:14,
8337-roll35-ifop-pm.pdf,,2017.0,8337 Roll35 Ifop PM,archives/2017/mars/8337-roll35-ifop-pm.pdf,,archives/2017/mars/,http://www.commission-des-sondages.fr/notices/files/notices/2017/mars/8337-roll35-ifop-pm.pdf,/notices/medias/fichiers/add/394,2022-07-08 15:54:15,2017-03-21 18:53:53+01:00
8338-pres-elabe-bfm-21-03.pdf,Pres,2017.0,8338 Pres elabe BFM 21-03,archives/2017/mars/8338-pres-elabe-bfm-21-03.pdf,,archives/2017/mars/,http://www.commission-des-sondages.fr/notices/files/notices/2017/mars/8338-pres-elabe-bfm-21-03.pdf,/notices/medias/fichiers/add/395,2022-07-08 15:54:15,2017-03-21 22:32:27+01:00
8340-eco-bva-la-tribune.pdf,,2017.0,8340 éco Bva la Tribune,archives/2017/mars/8340-eco-bva-la-tribune.pdf,,archives/2017/mars/,http://www.commission-des-sondages.fr/notices/files/notices/2017/mars/8340-eco-bva-la-tribune.pdf,/notices/medias/fichiers/add/402,2022-07-08 15:54:15,2017-03-22 18:45:45+01:00
8341-presitrack-33.pdf,,2017.0,8341 Présitrack 33 OW les échos,archives/2017/mars/8341-presitrack-33.pdf,,archives/2017/mars/,http://www.commission-des-sondages.fr/notices/files/notices/2017/mars/8341-presitrack-33.pdf,/notices/medias/fichiers/add/401,2022-07-08 15:54:15,
8343-presitrack-34-ow-les-echos.pdf,,2017.0,8343 Présitrack 34 OW les échos,archives/2017/mars/8343-presitrack-34-ow-les-echos.pdf,,archives/2017/mars/,http://www.commission-des-sondages.fr/notices/files/notices/2017/mars/8343-presitrack-34-ow-les-echos.pdf,/notices/medias/fichiers/add/403,2022-07-08 15:54:15,
8344-pres-hi-l-emission-politique.pdf,Pres,2017.0,8344 Pres HI L'Émission politique ,archives/2017/mars/8344-pres-hi-l-emission-politique.pdf,,archives/2017/mars/,http://www.commission-des-sondages.fr/notices/files/notices/2017/mars/8344-pres-hi-l-emission-politique.pdf,/notices/medias/fichiers/add/404,2022-07-08 15:54:15,
8345-pres-indecision-odoxa-france-info.pdf,Pres,2017.0,8345 Pres.Indécision Odoxa France Info,archives/2017/mars/8345-pres-indecision-odoxa-france-info.pdf,,archives/2017/mars/,http://www.commission-des-sondages.fr/notices/files/notices/2017/mars/8345-pres-indecision-odoxa-france-info.pdf,/notices/medias/fichiers/add/405,2022-07-08 15:54:15,2017-03-23 18:16:46+01:00
8346-roll-37-ifop-pm.pdf,,2017.0,8346 Roll 37 Ifop PM,archives/2017/mars/8346-roll-37-ifop-pm.pdf,,archives/2017/mars/,http://www.commission-des-sondages.fr/notices/files/notices/2017/mars/8346-roll-37-ifop-pm.pdf,/notices/medias/fichiers/add/406,2022-07-08 15:54:15,2017-03-23 19:30:31+01:00
8347-fillon-emission-pol-hi-france-2.pdf,,2017.0,8347 Fillon émission pol HI France 2,archives/2017/mars/8347-fillon-emission-pol-hi-france-2.pdf,,archives/2017/mars/,http://www.commission-des-sondages.fr/notices/files/notices/2017/mars/8347-fillon-emission-pol-hi-france-2.pdf,/notices/medias/fichiers/add/407,2022-07-08 15:54:16,
8348-baro-idinvest-viavoice-le-figaro.pdf,,2017.0,8348 Baro Idinvest Viavoice Le Figaro,archives/2017/mars/8348-baro-idinvest-viavoice-le-figaro.pdf,,archives/2017/mars/,http://www.commission-des-sondages.fr/notices/files/notices/2017/mars/8348-baro-idinvest-viavoice-le-figaro.pdf,/notices/medias/fichiers/add/408,2022-07-08 15:54:16,2017-03-24 11:23:42+01:00
8349-baro-viavoice-bfm-l-express.pdf,Pres,2017.0,8349 Baro Viavoice Bfm L'express,archives/2017/mars/8349-baro-viavoice-bfm-l-express.pdf,,archives/2017/mars/,http://www.commission-des-sondages.fr/notices/files/notices/2017/mars/8349-baro-viavoice-bfm-l-express.pdf,/notices/medias/fichiers/add/409,2022-07-08 15:54:16,2017-03-24 14:56:39+01:00
8350-frontieres-viavoice-france-2-rtl.pdf,,2017.0,8350 Frontières Viavoice France 2 RTL,archives/2017/mars/8350-frontieres-viavoice-france-2-rtl.pdf,,archives/2017/mars/,http://www.commission-des-sondages.fr/notices/files/notices/2017/mars/8350-frontieres-viavoice-france-2-rtl.pdf,/notices/medias/fichiers/add/410,2022-07-08 15:54:16,2017-03-24 14:42:29+01:00
8351-presitrack-35-ow-les-echos.pdf,Pres,2017.0,8351 Presitrack 35 OW les échos,archives/2017/mars/8351-presitrack-35-ow-les-echos.pdf,,archives/2017/mars/,http://www.commission-des-sondages.fr/notices/files/notices/2017/mars/8351-presitrack-35-ow-les-echos.pdf,/notices/medias/fichiers/add/411,2022-07-08 15:54:16,
8353-pres-bva-pqr.pdf,Pres,2017.0,8353 Pres BVA PQR,archives/2017/mars/8353-pres-bva-pqr.pdf,,archives/2017/mars/,http://www.commission-des-sondages.fr/notices/files/notices/2017/mars/8353-pres-bva-pqr.pdf,/notices/medias/fichiers/add/413,2022-07-08 15:54:16,2017-03-24 18:20:36+01:00
8354-roll-38-ifop-pm.pdf,,2017.0,8354 Roll 38 Ifop PM,archives/2017/mars/8354-roll-38-ifop-pm.pdf,,archives/2017/mars/,http://www.commission-des-sondages.fr/notices/files/notices/2017/mars/8354-roll-38-ifop-pm.pdf,/notices/medias/fichiers/add/414,2022-07-08 15:54:16,2017-03-27 17:17:31+02:00
8355-roll-39-ifop-pm.pdf,,2017.0,8355 Roll 39 Ifop PM ,archives/2017/mars/8355-roll-39-ifop-pm.pdf,,archives/2017/mars/,http://www.commission-des-sondages.fr/notices/files/notices/2017/mars/8355-roll-39-ifop-pm.pdf,/notices/medias/fichiers/add/415,2022-07-08 15:54:16,2017-03-27 17:16:29+02:00
8356-baro-odoxa-l-express.pdf,Pres,2017.0,8356 Baro Odoxa l'Express,archives/2017/mars/8356-baro-odoxa-l-express.pdf,,archives/2017/mars/,http://www.commission-des-sondages.fr/notices/files/notices/2017/mars/8356-baro-odoxa-l-express.pdf,/notices/medias/fichiers/add/416,2022-07-08 15:54:17,2017-03-27 18:36:50+02:00
8357-2tat-d-esprit-ipsos-france-tele.pdf,,2017.0,8357 État d'esprit Ipsos France Télé,archives/2017/mars/8357-2tat-d-esprit-ipsos-france-tele.pdf,,archives/2017/mars/,http://www.commission-des-sondages.fr/notices/files/notices/2017/mars/8357-2tat-d-esprit-ipsos-france-tele.pdf,/notices/medias/fichiers/add/417,2022-07-08 15:54:17,2017-03-27 19:27:28+02:00
8358-presitrack-36-ow-les-echos.pdf,,2017.0,8358 présitrack 36 OW les échos,archives/2017/mars/8358-presitrack-36-ow-les-echos.pdf,,archives/2017/mars/,http://www.commission-des-sondages.fr/notices/files/notices/2017/mars/8358-presitrack-36-ow-les-echos.pdf,/notices/medias/fichiers/add/418,2022-07-08 15:54:17,
8359-presitrack-37-ow-les-echos.pdf,,2017.0, 8359 PrésiTrack 37 Ow Les échos,archives/2017/mars/8359-presitrack-37-ow-les-echos.pdf,,archives/2017/mars/,http://www.commission-des-sondages.fr/notices/files/notices/2017/mars/8359-presitrack-37-ow-les-echos.pdf,/notices/medias/fichiers/add/419,2022-07-08 15:54:17,
8360-pouvoir-d-achat-ipsos-france-tele.pdf,,2017.0,8360 Pouvoir d'achat Ipsos France télé,archives/2017/mars/8360-pouvoir-d-achat-ipsos-france-tele.pdf,,archives/2017/mars/,http://www.commission-des-sondages.fr/notices/files/notices/2017/mars/8360-pouvoir-d-achat-ipsos-france-tele.pdf,/notices/medias/fichiers/add/420,2022-07-08 15:54:17,2017-03-27 23:33:14+02:00
8361-l-argent-odoxa-les-echos.pdf,,2017.0,8361 L'argent Odoxa les Échos,archives/2017/mars/8361-l-argent-odoxa-les-echos.pdf,,archives/2017/mars/,http://www.commission-des-sondages.fr/notices/files/notices/2017/mars/8361-l-argent-odoxa-les-echos.pdf,/notices/medias/fichiers/add/421,2022-07-08 15:54:17,2017-03-29 13:48:28+02:00
8362-pres-elabe-l-express.pdf,Pres,2017.0,8362 Pres Elabe l'Express,archives/2017/mars/8362-pres-elabe-l-express.pdf,,archives/2017/mars/,http://www.commission-des-sondages.fr/notices/files/notices/2017/mars/8362-pres-elabe-l-express.pdf,/notices/medias/fichiers/add/422,2022-07-08 15:54:17,2017-03-29 17:55:40+02:00
8363-roll-40-ifop-pm.pdf,,2017.0,8363 roll 40 Ifop PM,archives/2017/mars/8363-roll-40-ifop-pm.pdf,,archives/2017/mars/,http://www.commission-des-sondages.fr/notices/files/notices/2017/mars/8363-roll-40-ifop-pm.pdf,/notices/medias/fichiers/add/423,2022-07-08 15:54:18,2017-03-29 18:28:33+02:00
8364-roll-41-ifop-pm.pdf,,2017.0,8364 Roll 41 Ifop PM,archives/2017/mars/8364-roll-41-ifop-pm.pdf,,archives/2017/mars/,http://www.commission-des-sondages.fr/notices/files/notices/2017/mars/8364-roll-41-ifop-pm.pdf,/notices/medias/fichiers/add/424,2022-07-08 15:54:18,2017-03-29 18:26:11+02:00
8365-presitrack-38-ow-les-echos.pdf,,2017.0,8365 Présitrack 38 OW les Échos,archives/2017/mars/8365-presitrack-38-ow-les-echos.pdf,,archives/2017/mars/,http://www.commission-des-sondages.fr/notices/files/notices/2017/mars/8365-presitrack-38-ow-les-echos.pdf,/notices/medias/fichiers/add/425,2022-07-08 15:54:18,
8366-baro-kantar-figmag.pdf,,2017.0,8366 BARO KANTAR FIGMAG,archives/2017/mars/8366-baro-kantar-figmag.pdf,,archives/2017/mars/,http://www.commission-des-sondages.fr/notices/files/notices/2017/mars/8366-baro-kantar-figmag.pdf,/notices/medias/fichiers/add/427,2022-07-08 15:54:18,2017-03-29 16:12:09+02:00
8367-presitrack-39-ow-les-echos.pdf,,2017.0,8367 PRÉSITRACK 39 OW les Échos,archives/2017/mars/8367-presitrack-39-ow-les-echos.pdf,,archives/2017/mars/,http://www.commission-des-sondages.fr/notices/files/notices/2017/mars/8367-presitrack-39-ow-les-echos.pdf,/notices/medias/fichiers/add/426,2022-07-08 15:54:18,
8368-roll-42-ifop-pm.pdf,,2017.0,8368 Roll 42 Ifop PM,archives/2017/mars/8368-roll-42-ifop-pm.pdf,,archives/2017/mars/,http://www.commission-des-sondages.fr/notices/files/notices/2017/mars/8368-roll-42-ifop-pm.pdf,/notices/medias/fichiers/add/428,2022-07-08 15:54:18,2017-03-30 17:58:13+02:00
8369-francais-de-l-etranger-bva-le-petit-journal-com.pdf,,2017.0,8369 Français de l'étranger BVA le petit journal. com ,archives/2017/mars/8369-francais-de-l-etranger-bva-le-petit-journal-com.pdf,,archives/2017/mars/,http://www.commission-des-sondages.fr/notices/files/notices/2017/mars/8369-francais-de-l-etranger-bva-le-petit-journal-com.pdf,/notices/medias/fichiers/add/429,2022-07-08 15:54:18,2017-03-30 16:28:52+02:00
8370-valls-soutien-macron-odoxa-france-info.pdf,,2017.0,8370 Valls soutien Macron Odoxa france info,archives/2017/mars/8370-valls-soutien-macron-odoxa-france-info.pdf,,archives/2017/mars/,http://www.commission-des-sondages.fr/notices/files/notices/2017/mars/8370-valls-soutien-macron-odoxa-france-info.pdf,/notices/medias/fichiers/add/430,2022-07-08 15:54:18,2017-03-30 18:07:31+02:00
8371-presitrack-40-ow-les-echos.pdf,,2017.0,8371 Présitrack 40 OW Les échos,archives/2017/mars/8371-presitrack-40-ow-les-echos.pdf,,archives/2017/mars/,http://www.commission-des-sondages.fr/notices/files/notices/2017/mars/8371-presitrack-40-ow-les-echos.pdf,/notices/medias/fichiers/add/433,2022-07-08 15:54:19,
8372-pres-bva-pqr.pdf,Pres,2017.0,8372 Pres Bva PQR,archives/2017/mars/8372-pres-bva-pqr.pdf,,archives/2017/mars/,http://www.commission-des-sondages.fr/notices/files/notices/2017/mars/8372-pres-bva-pqr.pdf,/notices/medias/fichiers/add/432,2022-07-08 15:54:19,2017-03-31 17:36:14+02:00
8373-roll-43-ifop-pm.pdf,,2017.0,8373 Roll 43 Ifop PM,archives/2017/mars/8373-roll-43-ifop-pm.pdf,,archives/2017/mars/,http://www.commission-des-sondages.fr/notices/files/notices/2017/mars/8373-roll-43-ifop-pm.pdf,/notices/medias/fichiers/add/434,2022-07-08 15:54:19,2017-03-31 17:48:07+02:00
8374-pres-odoxa-le-point.pdf,Pres,2017.0,8374 Pres Odoxa Le point,archives/2017/mars/8374-pres-odoxa-le-point.pdf,,archives/2017/mars/,http://www.commission-des-sondages.fr/notices/files/notices/2017/mars/8374-pres-odoxa-le-point.pdf,/notices/medias/fichiers/add/435,2022-07-08 15:54:19,2017-03-31 16:41:05+02:00
8375-moralisation-ipsos-le-monde.pdf,,2017.0,8375 moralisation Ipsos Le Monde,archives/2017/avril/8375-moralisation-ipsos-le-monde.pdf,,archives/2017/avril/,http://www.commission-des-sondages.fr/notices/files/notices/2017/avril/8375-moralisation-ipsos-le-monde.pdf,/notices/medias/fichiers/add/437,2022-07-08 15:53:19,2017-04-03 10:45:26+02:00
8377-presitrack-41-ow-les-echos.pdf,Pres,2017.0,8377 presitrack 41 OW les échos,archives/2017/avril/8377-presitrack-41-ow-les-echos.pdf,,archives/2017/avril/,http://www.commission-des-sondages.fr/notices/files/notices/2017/avril/8377-presitrack-41-ow-les-echos.pdf,/notices/medias/fichiers/add/438,2022-07-08 15:53:18,
8378-roll-44-ifop-pm.pdf,,2017.0,8378 roll 44 Ifop Pm,archives/2017/avril/8378-roll-44-ifop-pm.pdf,,archives/2017/avril/,http://www.commission-des-sondages.fr/notices/files/notices/2017/avril/8378-roll-44-ifop-pm.pdf,/notices/medias/fichiers/add/439,2022-07-08 15:53:19,2017-04-03 17:59:22+02:00
8379-cevipof-ipsos-le-monde.pdf,,2017.0,8379 Cevipof Ipsos le Monde,archives/2017/avril/8379-cevipof-ipsos-le-monde.pdf,,archives/2017/avril/,http://www.commission-des-sondages.fr/notices/files/notices/2017/avril/8379-cevipof-ipsos-le-monde.pdf,/notices/medias/fichiers/add/440,2022-07-08 15:53:20,2017-04-03 20:05:42+02:00
8380-presitrack-42-ow-les-echos.pdf,,2017.0,8380 Présitrack 42 OW Les échos,archives/2017/avril/8380-presitrack-42-ow-les-echos.pdf,,archives/2017/avril/,http://www.commission-des-sondages.fr/notices/files/notices/2017/avril/8380-presitrack-42-ow-les-echos.pdf,/notices/medias/fichiers/add/441,2022-07-08 15:53:19,
8381-roll-45-ifop-pm.pdf,,2017.0,8381 Roll 45 Ifop PM,archives/2017/avril/8381-roll-45-ifop-pm.pdf,,archives/2017/avril/,http://www.commission-des-sondages.fr/notices/files/notices/2017/avril/8381-roll-45-ifop-pm.pdf,/notices/medias/fichiers/add/442,2022-07-08 15:53:19,2017-04-04 18:09:29+02:00
8382-debat-elabe-bfm.pdf,,2017.0,8382 Débat Élabe BFM,archives/2017/avril/8382-debat-elabe-bfm.pdf,,archives/2017/avril/,http://www.commission-des-sondages.fr/notices/files/notices/2017/avril/8382-debat-elabe-bfm.pdf,/notices/medias/fichiers/add/443,2022-07-08 15:53:20,2017-04-05 11:32:23+02:00
8383-pres-le-terrain.pdf,Pres,2017.0,8383 Pres Le terrain,archives/2017/avril/8383-pres-le-terrain.pdf,,archives/2017/avril/,http://www.commission-des-sondages.fr/notices/files/notices/2017/avril/8383-pres-le-terrain.pdf,/notices/medias/fichiers/add/453,2022-07-08 15:53:20,2017-04-05 14:38:17+02:00
8383-pres-le-terrain.pdf,Pres,2017.0,8383 Pres Le terrain,archives/2017/avril/8383-pres-le-terrain.pdf,,archives/2017/avril/,http://www.commission-des-sondages.fr/notices/files/notices/2017/avril/8383-pres-le-terrain.pdf,/notices/medias/fichiers/add/444,2022-07-08 15:53:20,2017-04-05 14:38:17+02:00
8383-pres-le-terrain.pdf,Pres,2017.0,8383 Pres Le terrain,archives/2017/avril/8383-pres-le-terrain.pdf,,archives/2017/avril/,http://www.commission-des-sondages.fr/notices/files/notices/2017/avril/8383-pres-le-terrain.pdf,/notices/medias/fichiers/add/453,2022-07-08 15:53:20,2017-04-05 14:38:17+02:00
8383-pres-le-terrain.pdf,Pres,2017.0,8383 Pres Le terrain,archives/2017/avril/8383-pres-le-terrain.pdf,,archives/2017/avril/,http://www.commission-des-sondages.fr/notices/files/notices/2017/avril/8383-pres-le-terrain.pdf,/notices/medias/fichiers/add/444,2022-07-08 15:53:20,2017-04-05 14:38:17+02:00
8384-presitrack-43-ow-les-echos.pdf,,2017.0,8384 PrésiTrack 43 OW les échos,archives/2017/avril/8384-presitrack-43-ow-les-echos.pdf,,archives/2017/avril/,http://www.commission-des-sondages.fr/notices/files/notices/2017/avril/8384-presitrack-43-ow-les-echos.pdf,/notices/medias/fichiers/add/454,2022-07-08 15:53:20,
8384-presitrack-43-ow-les-echos.pdf,,2017.0,8384 PrésiTrack 43 OW les échos,archives/2017/avril/8384-presitrack-43-ow-les-echos.pdf,,archives/2017/avril/,http://www.commission-des-sondages.fr/notices/files/notices/2017/avril/8384-presitrack-43-ow-les-echos.pdf,/notices/medias/fichiers/add/445,2022-07-08 15:53:20,
8384-presitrack-43-ow-les-echos.pdf,,2017.0,8384 PrésiTrack 43 OW les échos,archives/2017/avril/8384-presitrack-43-ow-les-echos.pdf,,archives/2017/avril/,http://www.commission-des-sondages.fr/notices/files/notices/2017/avril/8384-presitrack-43-ow-les-echos.pdf,/notices/medias/fichiers/add/454,2022-07-08 15:53:20,
8384-presitrack-43-ow-les-echos.pdf,,2017.0,8384 PrésiTrack 43 OW les échos,archives/2017/avril/8384-presitrack-43-ow-les-echos.pdf,,archives/2017/avril/,http://www.commission-des-sondages.fr/notices/files/notices/2017/avril/8384-presitrack-43-ow-les-echos.pdf,/notices/medias/fichiers/add/445,2022-07-08 15:53:20,
8385-pres-hi-france-tele.pdf,Pres,2017.0,8385 Pres HI France Télé,archives/2017/avril/8385-pres-hi-france-tele.pdf,,archives/2017/avril/,http://www.commission-des-sondages.fr/notices/files/notices/2017/avril/8385-pres-hi-france-tele.pdf,/notices/medias/fichiers/add/455,2022-07-08 15:53:20,
8386-pres-elabe-l-express.pdf,Pres,2017.0,8386 Pres elabe l'express,archives/2017/avril/8386-pres-elabe-l-express.pdf,,archives/2017/avril/,http://www.commission-des-sondages.fr/notices/files/notices/2017/avril/8386-pres-elabe-l-express.pdf,/notices/medias/fichiers/add/456,2022-07-08 15:53:20,2017-04-06 08:04:36+02:00
8386-pres-elabe-l-express.pdf,Pres,2017.0,8386 Pres elabe l'express,archives/2017/avril/8386-pres-elabe-l-express.pdf,,archives/2017/avril/,http://www.commission-des-sondages.fr/notices/files/notices/2017/avril/8386-pres-elabe-l-express.pdf,/notices/medias/fichiers/add/446,2022-07-08 15:53:20,2017-04-06 08:04:36+02:00
8386-pres-elabe-l-express.pdf,Pres,2017.0,8386 Pres elabe l'express,archives/2017/avril/8386-pres-elabe-l-express.pdf,,archives/2017/avril/,http://www.commission-des-sondages.fr/notices/files/notices/2017/avril/8386-pres-elabe-l-express.pdf,/notices/medias/fichiers/add/456,2022-07-08 15:53:20,2017-04-06 08:04:36+02:00
8386-pres-elabe-l-express.pdf,Pres,2017.0,8386 Pres elabe l'express,archives/2017/avril/8386-pres-elabe-l-express.pdf,,archives/2017/avril/,http://www.commission-des-sondages.fr/notices/files/notices/2017/avril/8386-pres-elabe-l-express.pdf,/notices/medias/fichiers/add/446,2022-07-08 15:53:20,2017-04-06 08:04:36+02:00
8387-roll-46-ifop-pm.pdf,,2017.0,8387 roll 46 Ifop PM,archives/2017/avril/8387-roll-46-ifop-pm.pdf,,archives/2017/avril/,http://www.commission-des-sondages.fr/notices/files/notices/2017/avril/8387-roll-46-ifop-pm.pdf,/notices/medias/fichiers/add/457,2022-07-08 15:53:20,2017-04-06 11:56:50+02:00
8387-roll-46-ifop-pm.pdf,,2017.0,8387 roll 46 Ifop PM,archives/2017/avril/8387-roll-46-ifop-pm.pdf,,archives/2017/avril/,http://www.commission-des-sondages.fr/notices/files/notices/2017/avril/8387-roll-46-ifop-pm.pdf,/notices/medias/fichiers/add/447,2022-07-08 15:53:20,2017-04-06 11:56:50+02:00
8387-roll-46-ifop-pm.pdf,,2017.0,8387 roll 46 Ifop PM,archives/2017/avril/8387-roll-46-ifop-pm.pdf,,archives/2017/avril/,http://www.commission-des-sondages.fr/notices/files/notices/2017/avril/8387-roll-46-ifop-pm.pdf,/notices/medias/fichiers/add/457,2022-07-08 15:53:20,2017-04-06 11:56:50+02:00
8387-roll-46-ifop-pm.pdf,,2017.0,8387 roll 46 Ifop PM,archives/2017/avril/8387-roll-46-ifop-pm.pdf,,archives/2017/avril/,http://www.commission-des-sondages.fr/notices/files/notices/2017/avril/8387-roll-46-ifop-pm.pdf,/notices/medias/fichiers/add/447,2022-07-08 15:53:20,2017-04-06 11:56:50+02:00
8388-baro-bva-latrib.pdf,,2017.0,8388 Baro BVA LaTrib,archives/2017/avril/8388-baro-bva-latrib.pdf,,archives/2017/avril/,http://www.commission-des-sondages.fr/notices/files/notices/2017/avril/8388-baro-bva-latrib.pdf,/notices/medias/fichiers/add/458,2022-07-08 15:53:21,2017-04-06 16:25:32+02:00
8389-baro-elabe-les-echos.pdf,,2017.0,8389 Baro elabe les échos,archives/2017/avril/8389-baro-elabe-les-echos.pdf,,archives/2017/avril/,http://www.commission-des-sondages.fr/notices/files/notices/2017/avril/8389-baro-elabe-les-echos.pdf,/notices/medias/fichiers/add/459,2022-07-08 15:53:21,2017-04-06 16:39:43+02:00
8389-baro-elabe-les-echos.pdf,,2017.0,8389 Baro elabe les échos,archives/2017/avril/8389-baro-elabe-les-echos.pdf,,archives/2017/avril/,http://www.commission-des-sondages.fr/notices/files/notices/2017/avril/8389-baro-elabe-les-echos.pdf,/notices/medias/fichiers/add/449,2022-07-08 15:53:21,2017-04-06 16:39:43+02:00
8389-baro-elabe-les-echos.pdf,,2017.0,8389 Baro elabe les échos,archives/2017/avril/8389-baro-elabe-les-echos.pdf,,archives/2017/avril/,http://www.commission-des-sondages.fr/notices/files/notices/2017/avril/8389-baro-elabe-les-echos.pdf,/notices/medias/fichiers/add/459,2022-07-08 15:53:21,2017-04-06 16:39:43+02:00
8389-baro-elabe-les-echos.pdf,,2017.0,8389 Baro elabe les échos,archives/2017/avril/8389-baro-elabe-les-echos.pdf,,archives/2017/avril/,http://www.commission-des-sondages.fr/notices/files/notices/2017/avril/8389-baro-elabe-les-echos.pdf,/notices/medias/fichiers/add/449,2022-07-08 15:53:21,2017-04-06 16:39:43+02:00
8390-roll-47-ifop-pm.pdf,,2017.0,8390 Roll 47 Ifop PM,archives/2017/avril/8390-roll-47-ifop-pm.pdf,,archives/2017/avril/,http://www.commission-des-sondages.fr/notices/files/notices/2017/avril/8390-roll-47-ifop-pm.pdf,/notices/medias/fichiers/add/460,2022-07-08 15:53:21,2017-04-06 19:07:52+02:00
8390-roll-47-ifop-pm.pdf,,2017.0,8390 Roll 47 Ifop PM,archives/2017/avril/8390-roll-47-ifop-pm.pdf,,archives/2017/avril/,http://www.commission-des-sondages.fr/notices/files/notices/2017/avril/8390-roll-47-ifop-pm.pdf,/notices/medias/fichiers/add/450,2022-07-08 15:53:21,2017-04-06 19:07:52+02:00
8390-roll-47-ifop-pm.pdf,,2017.0,8390 Roll 47 Ifop PM,archives/2017/avril/8390-roll-47-ifop-pm.pdf,,archives/2017/avril/,http://www.commission-des-sondages.fr/notices/files/notices/2017/avril/8390-roll-47-ifop-pm.pdf,/notices/medias/fichiers/add/460,2022-07-08 15:53:21,2017-04-06 19:07:52+02:00
8390-roll-47-ifop-pm.pdf,,2017.0,8390 Roll 47 Ifop PM,archives/2017/avril/8390-roll-47-ifop-pm.pdf,,archives/2017/avril/,http://www.commission-des-sondages.fr/notices/files/notices/2017/avril/8390-roll-47-ifop-pm.pdf,/notices/medias/fichiers/add/450,2022-07-08 15:53:21,2017-04-06 19:07:52+02:00
8391presitrack-44-ow-les-echos.pdf,Pres,2017.0,8391Presitrack 44 OW les échos,archives/2017/avril/8391presitrack-44-ow-les-echos.pdf,,archives/2017/avril/,http://www.commission-des-sondages.fr/notices/files/notices/2017/avril/8391presitrack-44-ow-les-echos.pdf,/notices/medias/fichiers/add/461,2022-07-08 15:53:21,
8391presitrack-44-ow-les-echos.pdf,Pres,2017.0,8391Presitrack 44 OW les échos,archives/2017/avril/8391presitrack-44-ow-les-echos.pdf,,archives/2017/avril/,http://www.commission-des-sondages.fr/notices/files/notices/2017/avril/8391presitrack-44-ow-les-echos.pdf,/notices/medias/fichiers/add/451,2022-07-08 15:53:21,
8391presitrack-44-ow-les-echos.pdf,Pres,2017.0,8391Presitrack 44 OW les échos,archives/2017/avril/8391presitrack-44-ow-les-echos.pdf,,archives/2017/avril/,http://www.commission-des-sondages.fr/notices/files/notices/2017/avril/8391presitrack-44-ow-les-echos.pdf,/notices/medias/fichiers/add/461,2022-07-08 15:53:21,
8391presitrack-44-ow-les-echos.pdf,Pres,2017.0,8391Presitrack 44 OW les échos,archives/2017/avril/8391presitrack-44-ow-les-echos.pdf,,archives/2017/avril/,http://www.commission-des-sondages.fr/notices/files/notices/2017/avril/8391presitrack-44-ow-les-echos.pdf,/notices/medias/fichiers/add/451,2022-07-08 15:53:21,
8392-a-l-issue-de-l-emission-politique-hi-france-televisions.pdf,,2017.0,8392 à l'issue de L'Emission Politique HI – France Télévisions,archives/2017/avril/8392-a-l-issue-de-l-emission-politique-hi-france-televisions.pdf,,archives/2017/avril/,http://www.commission-des-sondages.fr/notices/files/notices/2017/avril/8392-a-l-issue-de-l-emission-politique-hi-france-televisions.pdf,/notices/medias/fichiers/add/462,2022-07-08 15:53:21,
8392-a-l-issue-de-l-emission-politique-hi-france-televisions.pdf,,2017.0,8392 à l'issue de L'Emission Politique HI – France Télévisions,archives/2017/avril/8392-a-l-issue-de-l-emission-politique-hi-france-televisions.pdf,,archives/2017/avril/,http://www.commission-des-sondages.fr/notices/files/notices/2017/avril/8392-a-l-issue-de-l-emission-politique-hi-france-televisions.pdf,/notices/medias/fichiers/add/452,2022-07-08 15:53:21,
8392-a-l-issue-de-l-emission-politique-hi-france-televisions.pdf,,2017.0,8392 à l'issue de L'Emission Politique HI – France Télévisions,archives/2017/avril/8392-a-l-issue-de-l-emission-politique-hi-france-televisions.pdf,,archives/2017/avril/,http://www.commission-des-sondages.fr/notices/files/notices/2017/avril/8392-a-l-issue-de-l-emission-politique-hi-france-televisions.pdf,/notices/medias/fichiers/add/462,2022-07-08 15:53:21,
8392-a-l-issue-de-l-emission-politique-hi-france-televisions.pdf,,2017.0,8392 à l'issue de L'Emission Politique HI – France Télévisions,archives/2017/avril/8392-a-l-issue-de-l-emission-politique-hi-france-televisions.pdf,,archives/2017/avril/,http://www.commission-des-sondages.fr/notices/files/notices/2017/avril/8392-a-l-issue-de-l-emission-politique-hi-france-televisions.pdf,/notices/medias/fichiers/add/452,2022-07-08 15:53:21,
8393-pres-odoxa-le-point.pdf,Pres,2017.0,8393 Pres Odoxa Le Point,archives/2017/avril/8393-pres-odoxa-le-point.pdf,,archives/2017/avril/,http://www.commission-des-sondages.fr/notices/files/notices/2017/avril/8393-pres-odoxa-le-point.pdf,/notices/medias/fichiers/add/463,2022-07-08 15:53:21,2017-04-07 12:03:33+02:00
8394-pres-hi-lcp.pdf,Pres,2017.0,8394 Pres HI LCP,archives/2017/avril/8394-pres-hi-lcp.pdf,,archives/2017/avril/,http://www.commission-des-sondages.fr/notices/files/notices/2017/avril/8394-pres-hi-lcp.pdf,/notices/medias/fichiers/add/464,2022-07-08 15:53:21,
8395-pres-you-gov-cnews.pdf,Pres,2017.0,8395 PRes YOu GOV Cnews,archives/2017/avril/8395-pres-you-gov-cnews.pdf,,archives/2017/avril/,http://www.commission-des-sondages.fr/notices/files/notices/2017/avril/8395-pres-you-gov-cnews.pdf,/notices/medias/fichiers/add/465,2022-07-08 15:53:21,
8396-pres-bva-pqr-8-04.pdf,Pres,2017.0,8396 Pres BVA pqr 8-04,archives/2017/avril/8396-pres-bva-pqr-8-04.pdf,,archives/2017/avril/,http://www.commission-des-sondages.fr/notices/files/notices/2017/avril/8396-pres-bva-pqr-8-04.pdf,/notices/medias/fichiers/add/467,2022-07-08 15:53:22,2017-04-07 17:55:20+02:00
8397-roll-48-ifop-pm.pdf,,2017.0,8397 Roll 48 Ifop PM,archives/2017/avril/8397-roll-48-ifop-pm.pdf,,archives/2017/avril/,http://www.commission-des-sondages.fr/notices/files/notices/2017/avril/8397-roll-48-ifop-pm.pdf,/notices/medias/fichiers/add/466,2022-07-08 15:53:22,2017-04-07 18:50:12+02:00
8398-pres-vox-mining.pdf,Pres,2017.0,8398 Pres Vox Mining,archives/2017/avril/8398-pres-vox-mining.pdf,,archives/2017/avril/,http://www.commission-des-sondages.fr/notices/files/notices/2017/avril/8398-pres-vox-mining.pdf,/notices/medias/fichiers/add/468,2022-07-08 15:53:22,2017-04-08 11:36:07+02:00
8399-pres-kantar-le-figaro-9-04.pdf,Pres,2017.0,8399 Pres Kantar Le Figaro 9:04,archives/2017/avril/8399-pres-kantar-le-figaro-9-04.pdf,,archives/2017/avril/,http://www.commission-des-sondages.fr/notices/files/notices/2017/avril/8399-pres-kantar-le-figaro-9-04.pdf,/notices/medias/fichiers/add/469,2022-07-08 15:53:22,2017-04-09 17:26:55+02:00
8401-barometre-viavoice-liberation-10-04.pdf,,2017.0,8401 Baromètre Viavoice Libération 10.04,archives/2017/avril/8401-barometre-viavoice-liberation-10-04.pdf,,archives/2017/avril/,http://www.commission-des-sondages.fr/notices/files/notices/2017/avril/8401-barometre-viavoice-liberation-10-04.pdf,/notices/medias/fichiers/add/470,2022-07-08 15:53:22,2017-04-10 09:10:07+02:00
8402-pres-ipsos-france-tele-11-04.pdf,Pres,2017.0,8402 Pres Ipsos France Télé 11-04,archives/2017/avril/8402-pres-ipsos-france-tele-11-04.pdf,,archives/2017/avril/,http://www.commission-des-sondages.fr/notices/files/notices/2017/avril/8402-pres-ipsos-france-tele-11-04.pdf,/notices/medias/fichiers/add/483,2022-07-08 15:53:23,2017-04-10 17:03:23+02:00
8403-pres-odoxa-les-echos.pdf,Pres,2017.0,8403 Pres Odoxa les échos,archives/2017/avril/8403-pres-odoxa-les-echos.pdf,,archives/2017/avril/,http://www.commission-des-sondages.fr/notices/files/notices/2017/avril/8403-pres-odoxa-les-echos.pdf,/notices/medias/fichiers/add/471,2022-07-08 15:53:23,2017-04-10 15:40:55+02:00
8404-presitrack-45-ow-les-echos.pdf,Pres,2017.0,8404 Presitrack 45 OW Les échos ,archives/2017/avril/8404-presitrack-45-ow-les-echos.pdf,,archives/2017/avril/,http://www.commission-des-sondages.fr/notices/files/notices/2017/avril/8404-presitrack-45-ow-les-echos.pdf,/notices/medias/fichiers/add/472,2022-07-08 15:53:23,
8405-presitrack-46-ow-les-echos-10-04.pdf,Pres,2017.0,8405 Presitrack 46 OW les échos 10-04,archives/2017/avril/8405-presitrack-46-ow-les-echos-10-04.pdf,,archives/2017/avril/,http://www.commission-des-sondages.fr/notices/files/notices/2017/avril/8405-presitrack-46-ow-les-echos-10-04.pdf,/notices/medias/fichiers/add/473,2022-07-08 15:53:23,
8406-roll-49-ifop-pm.pdf,,2017.0,8406 roll 49 Ifop PM,archives/2017/avril/8406-roll-49-ifop-pm.pdf,,archives/2017/avril/,http://www.commission-des-sondages.fr/notices/files/notices/2017/avril/8406-roll-49-ifop-pm.pdf,/notices/medias/fichiers/add/474,2022-07-08 15:53:23,2017-04-10 18:52:17+02:00
8407-baro-ipsos-le-point.pdf,,2017.0,8407 Baro Ipsos le Point,archives/2017/avril/8407-baro-ipsos-le-point.pdf,,archives/2017/avril/,http://www.commission-des-sondages.fr/notices/files/notices/2017/avril/8407-baro-ipsos-le-point.pdf,/notices/medias/fichiers/add/475,2022-07-08 15:53:23,2017-04-10 18:49:42+02:00
8408-pres-elabe-l-express.pdf,Pres,2017.0,8408 pres elabe L'express,archives/2017/avril/8408-pres-elabe-l-express.pdf,,archives/2017/avril/,http://www.commission-des-sondages.fr/notices/files/notices/2017/avril/8408-pres-elabe-l-express.pdf,/notices/medias/fichiers/add/476,2022-07-08 15:53:23,2017-04-11 10:14:34+02:00
8409-presitrack-47-ow-les-echos.pdf,,2017.0,8409 Présitrack 47 OW Les échos,archives/2017/avril/8409-presitrack-47-ow-les-echos.pdf,,archives/2017/avril/,http://www.commission-des-sondages.fr/notices/files/notices/2017/avril/8409-presitrack-47-ow-les-echos.pdf,/notices/medias/fichiers/add/477,2022-07-08 15:53:23,
8410-roll-50-ifop-pm.pdf,,2017.0,8410 - Roll 50 Ifop PM,archives/2017/avril/8410-roll-50-ifop-pm.pdf,,archives/2017/avril/,http://www.commission-des-sondages.fr/notices/files/notices/2017/avril/8410-roll-50-ifop-pm.pdf,/notices/medias/fichiers/add/478,2022-07-08 15:53:24,2017-04-11 19:21:33+02:00
8411-pres-elabe-bfm.pdf,Pres,2017.0,8411 Pres élabe BFM,archives/2017/avril/8411-pres-elabe-bfm.pdf,,archives/2017/avril/,http://www.commission-des-sondages.fr/notices/files/notices/2017/avril/8411-pres-elabe-bfm.pdf,/notices/medias/fichiers/add/479,2022-07-08 15:53:24,2017-04-12 15:45:24+02:00
8412-la-reunion-ipsos-oi.pdf,,2017.0,8412 La Réunion Ipsos OI,archives/2017/avril/8412-la-reunion-ipsos-oi.pdf,,archives/2017/avril/,http://www.commission-des-sondages.fr/notices/files/notices/2017/avril/8412-la-reunion-ipsos-oi.pdf,/notices/medias/fichiers/add/480,2022-07-08 15:53:23,2017-04-12 18:00:35
8413-presitrack-48-ow-les-echos.pdf,,2017.0,8413 Présitrack 48 OW les échos,archives/2017/avril/8413-presitrack-48-ow-les-echos.pdf,,archives/2017/avril/,http://www.commission-des-sondages.fr/notices/files/notices/2017/avril/8413-presitrack-48-ow-les-echos.pdf,/notices/medias/fichiers/add/481,2022-07-08 15:53:24,
8414-roll-51-ifop-pm.pdf,,2017.0,8414 Roll 51 Ifop PM,archives/2017/avril/8414-roll-51-ifop-pm.pdf,,archives/2017/avril/,http://www.commission-des-sondages.fr/notices/files/notices/2017/avril/8414-roll-51-ifop-pm.pdf,/notices/medias/fichiers/add/482,2022-07-08 15:53:24,2017-04-12 18:43:29+02:00
8415-pres-elabe-les-echos.pdf,Pres,2017.0,8415 Pres elabe les échos,archives/2017/avril/8415-pres-elabe-les-echos.pdf,,archives/2017/avril/,http://www.commission-des-sondages.fr/notices/files/notices/2017/avril/8415-pres-elabe-les-echos.pdf,/notices/medias/fichiers/add/484,2022-07-08 15:53:24,2017-04-13 09:04:23+02:00
8416-presitrack-49-13-avril-2017.pdf,,2017.0,8416 Présitrack 49 –  13 avril 2017,archives/2017/avril/8416-presitrack-49-13-avril-2017.pdf,,archives/2017/avril/,http://www.commission-des-sondages.fr/notices/files/notices/2017/avril/8416-presitrack-49-13-avril-2017.pdf,/notices/medias/fichiers/add/485,2022-07-08 15:53:24,
8417-pres-odoxa-france-info.pdf,Pres,2017.0,8417 Pres Odoxa France Info,archives/2017/avril/8417-pres-odoxa-france-info.pdf,,archives/2017/avril/,http://www.commission-des-sondages.fr/notices/files/notices/2017/avril/8417-pres-odoxa-france-info.pdf,/notices/medias/fichiers/add/486,2022-07-08 15:53:24,2017-04-13 18:29:18+02:00
8418-roll-52-ifop-pm.pdf,,2017.0,8418 Roll 52 Ifop PM,archives/2017/avril/8418-roll-52-ifop-pm.pdf,,archives/2017/avril/,http://www.commission-des-sondages.fr/notices/files/notices/2017/avril/8418-roll-52-ifop-pm.pdf,/notices/medias/fichiers/add/487,2022-07-08 15:53:24,2017-04-13 18:01:20+02:00
8419-pres-ipsos-le-monde.pdf,Pres,2017.0,8419 Pres Ipsos le Monde,archives/2017/avril/8419-pres-ipsos-le-monde.pdf,,archives/2017/avril/,http://www.commission-des-sondages.fr/notices/files/notices/2017/avril/8419-pres-ipsos-le-monde.pdf,/notices/medias/fichiers/add/488,2022-07-08 15:53:24,2017-04-13 19:38:13+02:00
8420-pres-hi-lcp-13-04.pdf,Pres,2017.0,8420 Pres HI LCP (13-04),archives/2017/avril/8420-pres-hi-lcp-13-04.pdf,,archives/2017/avril/,http://www.commission-des-sondages.fr/notices/files/notices/2017/avril/8420-pres-hi-lcp-13-04.pdf,/notices/medias/fichiers/add/489,2022-07-08 15:53:25,
8421-pres-odoxa-le-point.pdf,Pres,2017.0,8421 Pres ODOXA le Point,archives/2017/avril/8421-pres-odoxa-le-point.pdf,,archives/2017/avril/,http://www.commission-des-sondages.fr/notices/files/notices/2017/avril/8421-pres-odoxa-le-point.pdf,/notices/medias/fichiers/add/490,2022-07-08 15:53:25,2017-04-14 16:47:38+02:00
8422-presitrack50-ow-les-echos.pdf,Pres,2017.0,8422 Presitrack50 OW les Échos,archives/2017/avril/8422-presitrack50-ow-les-echos.pdf,,archives/2017/avril/,http://www.commission-des-sondages.fr/notices/files/notices/2017/avril/8422-presitrack50-ow-les-echos.pdf,/notices/medias/fichiers/add/492,2022-07-08 15:53:25,
8423-pres-bva-pqr.pdf,Pres,2017.0,8423 pres BVA PQR,archives/2017/avril/8423-pres-bva-pqr.pdf,,archives/2017/avril/,http://www.commission-des-sondages.fr/notices/files/notices/2017/avril/8423-pres-bva-pqr.pdf,/notices/medias/fichiers/add/493,2022-07-08 15:53:26,2017-04-14 17:09:20+02:00
8424-roll-53-ifop-pm.pdf,,2017.0,8424 Roll 53 Ifop PM,archives/2017/avril/8424-roll-53-ifop-pm.pdf,,archives/2017/avril/,http://www.commission-des-sondages.fr/notices/files/notices/2017/avril/8424-roll-53-ifop-pm.pdf,/notices/medias/fichiers/add/494,2022-07-08 15:53:25,2017-04-17 15:04:20+02:00
8425-elabe-l-express17-04.pdf,Pres,2017.0,8425 elabe l'express17-04,archives/2017/avril/8425-elabe-l-express17-04.pdf,,archives/2017/avril/,http://www.commission-des-sondages.fr/notices/files/notices/2017/avril/8425-elabe-l-express17-04.pdf,/notices/medias/fichiers/add/495,2022-07-08 15:53:25,2017-04-17 14:14:07+02:00
8426-roll-54-ifop-pm.pdf,,2017.0,8426 roll 54 Ifop PM,archives/2017/avril/8426-roll-54-ifop-pm.pdf,,archives/2017/avril/,http://www.commission-des-sondages.fr/notices/files/notices/2017/avril/8426-roll-54-ifop-pm.pdf,/notices/medias/fichiers/add/496,2022-07-08 15:53:26,2017-04-17 15:45:53+02:00
8427-presitrack-51-ow-les-echos.pdf,Pres,2017.0,8427 Presitrack 51 OW les échos,archives/2017/avril/8427-presitrack-51-ow-les-echos.pdf,,archives/2017/avril/,http://www.commission-des-sondages.fr/notices/files/notices/2017/avril/8427-presitrack-51-ow-les-echos.pdf,/notices/medias/fichiers/add/497,2022-07-08 15:53:26,
8428-presitrack-52-ow-les-echos.pdf,,2017.0,8428 présitrack 52 Ow les échos,archives/2017/avril/8428-presitrack-52-ow-les-echos.pdf,,archives/2017/avril/,http://www.commission-des-sondages.fr/notices/files/notices/2017/avril/8428-presitrack-52-ow-les-echos.pdf,/notices/medias/fichiers/add/498,2022-07-08 15:53:26,
8429-pres-le-terrain.pdf,Pres,2017.0,8429 Pres le Terrain,archives/2017/avril/8429-pres-le-terrain.pdf,,archives/2017/avril/,http://www.commission-des-sondages.fr/notices/files/notices/2017/avril/8429-pres-le-terrain.pdf,/notices/medias/fichiers/add/501,2022-07-08 15:53:26,2017-04-18 15:46:37+02:00
8430-pres-kantar-le-figaro.pdf,Pres,2017.0,8430 Pres Kantar le Figaro,archives/2017/avril/8430-pres-kantar-le-figaro.pdf,,archives/2017/avril/,http://www.commission-des-sondages.fr/notices/files/notices/2017/avril/8430-pres-kantar-le-figaro.pdf,/notices/medias/fichiers/add/499,2022-07-08 15:53:26,2017-04-18 18:12:58+02:00
8431-rolling-55-ifop-les-echos-18-04.pdf,,2017.0,8431 Rolling 55 Ifop les échos 18-04,archives/2017/avril/8431-rolling-55-ifop-les-echos-18-04.pdf,,archives/2017/avril/,http://www.commission-des-sondages.fr/notices/files/notices/2017/avril/8431-rolling-55-ifop-les-echos-18-04.pdf,/notices/medias/fichiers/add/500,2022-07-08 15:53:26,2017-04-18 18:22:48+02:00
8432-pres-ipsos-cevipof-le-monde.pdf,Pres,2017.0,8432 Pres Ipsos Cevipof Le monde,archives/2017/avril/8432-pres-ipsos-cevipof-le-monde.pdf,,archives/2017/avril/,http://www.commission-des-sondages.fr/notices/files/notices/2017/avril/8432-pres-ipsos-cevipof-le-monde.pdf,/notices/medias/fichiers/add/502,2022-07-08 15:53:27,2017-04-18 23:47:13+02:00
8433-la-reunion-ipsos-oi.pdf,,2017.0,8433 La Réunion Ipsos OI,archives/2017/avril/8433-la-reunion-ipsos-oi.pdf,,archives/2017/avril/,http://www.commission-des-sondages.fr/notices/files/notices/2017/avril/8433-la-reunion-ipsos-oi.pdf,/notices/medias/fichiers/add/503,2022-07-08 15:53:26,2017-04-19 16:16:04
8434-pres-bva-pqr.pdf,Pres,2017.0,8434 Pres BVA – PQR,archives/2017/avril/8434-pres-bva-pqr.pdf,,archives/2017/avril/,http://www.commission-des-sondages.fr/notices/files/notices/2017/avril/8434-pres-bva-pqr.pdf,/notices/medias/fichiers/add/504,2022-07-08 15:53:27,2017-04-19 18:33:13+02:00
8435-rolling-56-ifop-les-echos.pdf,,2017.0,8435 Rolling 56 Ifop Paris Match,archives/2017/avril/8435-rolling-56-ifop-les-echos.pdf,,archives/2017/avril/,http://www.commission-des-sondages.fr/notices/files/notices/2017/avril/8435-rolling-56-ifop-les-echos.pdf,/notices/medias/fichiers/add/505,2022-07-08 15:53:27,2017-04-19 18:55:32+02:00
8436-presitrak-53-ow-les-echos.pdf,,2017.0,8436 Présitrak 53 OW – Les échos,archives/2017/avril/8436-presitrak-53-ow-les-echos.pdf,,archives/2017/avril/,http://www.commission-des-sondages.fr/notices/files/notices/2017/avril/8436-presitrak-53-ow-les-echos.pdf,/notices/medias/fichiers/add/506,2022-07-08 15:53:27,
8437-pres-ipsos-france3-auvergne.pdf,Pres,2017.0,8437 Pres Ipsos France3 Auvergne,archives/2017/avril/8437-pres-ipsos-france3-auvergne.pdf,,archives/2017/avril/,http://www.commission-des-sondages.fr/notices/files/notices/2017/avril/8437-pres-ipsos-france3-auvergne.pdf,/notices/medias/fichiers/add/507,2022-07-08 15:53:27,2017-04-20 01:21:45+02:00
8438-presipsos-france-3-bourgogne.pdf,Pres,2017.0,8438 Pres Ipsos France 3 Bourgogne,archives/2017/avril/8438-presipsos-france-3-bourgogne.pdf,,archives/2017/avril/,http://www.commission-des-sondages.fr/notices/files/notices/2017/avril/8438-presipsos-france-3-bourgogne.pdf,/notices/medias/fichiers/add/508,2022-07-08 15:53:27,2017-04-20 01:26:17+02:00
8439-pres-ipsos-bretagne.pdf,Pres,2017.0,8439 Pres Ipsos France 3 Bretagne,archives/2017/avril/8439-pres-ipsos-bretagne.pdf,,archives/2017/avril/,http://www.commission-des-sondages.fr/notices/files/notices/2017/avril/8439-pres-ipsos-bretagne.pdf,/notices/medias/fichiers/add/509,2022-07-08 15:53:28,2017-04-20 01:30:48+02:00
8440-pres-ipsos-france-3-centre-vdl.pdf,Pres,2017.0,8440 Pres Ipsos France 3 Centre VdL,archives/2017/avril/8440-pres-ipsos-france-3-centre-vdl.pdf,,archives/2017/avril/,http://www.commission-des-sondages.fr/notices/files/notices/2017/avril/8440-pres-ipsos-france-3-centre-vdl.pdf,/notices/medias/fichiers/add/510,2022-07-08 15:53:28,2017-04-20 01:36:57+02:00
8441-pres-ipsos-grand-est.pdf,Pres,2017.0,8441 Pres Ipsos Grand-Est,archives/2017/avril/8441-pres-ipsos-grand-est.pdf,,archives/2017/avril/,http://www.commission-des-sondages.fr/notices/files/notices/2017/avril/8441-pres-ipsos-grand-est.pdf,/notices/medias/fichiers/add/511,2022-07-08 15:53:28,2017-04-20 01:41:19+02:00
8442-pres-ipsos-france-3-hauts-de-f.pdf,Pres,2017.0,8442 Pres Ipsos France 3 Hauts-de-F,archives/2017/avril/8442-pres-ipsos-france-3-hauts-de-f.pdf,,archives/2017/avril/,http://www.commission-des-sondages.fr/notices/files/notices/2017/avril/8442-pres-ipsos-france-3-hauts-de-f.pdf,/notices/medias/fichiers/add/512,2022-07-08 15:53:28,2017-04-20 01:45:11+02:00
8443-pres-ipsos-idf.pdf,Pres,2017.0,8443 Pres Ipsos IDF,archives/2017/avril/8443-pres-ipsos-idf.pdf,,archives/2017/avril/,http://www.commission-des-sondages.fr/notices/files/notices/2017/avril/8443-pres-ipsos-idf.pdf,/notices/medias/fichiers/add/513,2022-07-08 15:53:28,2017-04-20 10:28:27+02:00
8444-pres-ipsos-normandie.pdf,Pres,2017.0,8444 Pres Ipsos Normandie,archives/2017/avril/8444-pres-ipsos-normandie.pdf,,archives/2017/avril/,http://www.commission-des-sondages.fr/notices/files/notices/2017/avril/8444-pres-ipsos-normandie.pdf,/notices/medias/fichiers/add/514,2022-07-08 15:53:28,2017-04-20 10:31:36+02:00
8445-pres-ipsos-france-3-nouvelle-aquitaine.pdf,Pres,2017.0,8445 Pres Ipsos France 3 Nouvelle Aquitaine,archives/2017/avril/8445-pres-ipsos-france-3-nouvelle-aquitaine.pdf,,archives/2017/avril/,http://www.commission-des-sondages.fr/notices/files/notices/2017/avril/8445-pres-ipsos-france-3-nouvelle-aquitaine.pdf,/notices/medias/fichiers/add/515,2022-07-08 15:53:29,2017-04-20 10:36:08+02:00
8446-pres-ipsos-france-3-occitanie.pdf,Pres,2017.0,8446 Pres Ipsos France 3 Occitanie,archives/2017/avril/8446-pres-ipsos-france-3-occitanie.pdf,,archives/2017/avril/,http://www.commission-des-sondages.fr/notices/files/notices/2017/avril/8446-pres-ipsos-france-3-occitanie.pdf,/notices/medias/fichiers/add/516,2022-07-08 15:53:29,2017-04-20 10:38:42+02:00
8447-pres-ipsos-france-3-paca.pdf,Pres,2017.0,8447 Pres Ipsos France 3 PACA,archives/2017/avril/8447-pres-ipsos-france-3-paca.pdf,,archives/2017/avril/,http://www.commission-des-sondages.fr/notices/files/notices/2017/avril/8447-pres-ipsos-france-3-paca.pdf,/notices/medias/fichiers/add/517,2022-07-08 15:53:29,2017-04-20 10:47:44+02:00
8448-pres-ipsos-france-3-pdll.pdf,Pres,2017.0,8448 Pres Ipsos France 3 PDLL,archives/2017/avril/8448-pres-ipsos-france-3-pdll.pdf,,archives/2017/avril/,http://www.commission-des-sondages.fr/notices/files/notices/2017/avril/8448-pres-ipsos-france-3-pdll.pdf,/notices/medias/fichiers/add/518,2022-07-08 15:53:29,2017-04-20 11:06:52+02:00
8449-pres-hi-france-tele.pdf,Pres,2017.0,8449 Pres HI France Télé,archives/2017/avril/8449-pres-hi-france-tele.pdf,,archives/2017/avril/,http://www.commission-des-sondages.fr/notices/files/notices/2017/avril/8449-pres-hi-france-tele.pdf,/notices/medias/fichiers/add/519,2022-07-08 15:53:29,
8450-pres-hi-lcp.pdf,Pres,2017.0,8450 Pres HI LCP,archives/2017/avril/8450-pres-hi-lcp.pdf,,archives/2017/avril/,http://www.commission-des-sondages.fr/notices/files/notices/2017/avril/8450-pres-hi-lcp.pdf,/notices/medias/fichiers/add/520,2022-07-08 15:53:29,
8451-presitrack-54-ow-les-echos.pdf,Pres,2017.0,8451 Presitrack 54 OW les échos,archives/2017/avril/8451-presitrack-54-ow-les-echos.pdf,,archives/2017/avril/,http://www.commission-des-sondages.fr/notices/files/notices/2017/avril/8451-presitrack-54-ow-les-echos.pdf,/notices/medias/fichiers/add/521,2022-07-08 15:53:29,
8452-rolling-55-ifop-pm.pdf,,2017.0,8452 Rolling 55 Ifop PM,archives/2017/avril/8452-rolling-55-ifop-pm.pdf,,archives/2017/avril/,http://www.commission-des-sondages.fr/notices/files/notices/2017/avril/8452-rolling-55-ifop-pm.pdf,/notices/medias/fichiers/add/522,2022-07-08 15:53:29,2017-04-20 19:29:16+02:00
8453-pres-odoxa-france-info.pdf,Pres,2017.0,8453 Pres Odoxa France Info,archives/2017/avril/8453-pres-odoxa-france-info.pdf,,archives/2017/avril/,http://www.commission-des-sondages.fr/notices/files/notices/2017/avril/8453-pres-odoxa-france-info.pdf,/notices/medias/fichiers/add/523,2022-07-08 15:53:30,2017-04-20 19:17:27+02:00
8454-pres-ipsos-francetelevisions.pdf,Pres,2017.0,8454 Pres Ipsos FranceTélévisions,archives/2017/avril/8454-pres-ipsos-francetelevisions.pdf,,archives/2017/avril/,http://www.commission-des-sondages.fr/notices/files/notices/2017/avril/8454-pres-ipsos-francetelevisions.pdf,/notices/medias/fichiers/add/527,2022-07-08 15:53:30,2017-04-20 22:36:11+02:00
8455-pres-hi-rmc-atlantico.pdf,Pres,2017.0,8455 Pres HI RMC Atlantico,archives/2017/avril/8455-pres-hi-rmc-atlantico.pdf,,archives/2017/avril/,http://www.commission-des-sondages.fr/notices/files/notices/2017/avril/8455-pres-hi-rmc-atlantico.pdf,/notices/medias/fichiers/add/525,2022-07-08 15:53:30,
8456-presitrack-55-ow-les-echos.pdf,,2017.0,8456 Présitrack 55 OW les échos,archives/2017/avril/8456-presitrack-55-ow-les-echos.pdf,,archives/2017/avril/,http://www.commission-des-sondages.fr/notices/files/notices/2017/avril/8456-presitrack-55-ow-les-echos.pdf,/notices/medias/fichiers/add/528,2022-07-08 15:53:30,
8457-pres-elabe-bfm.pdf,Pres,2017.0,8457 Pres elabe BFM,archives/2017/avril/8457-pres-elabe-bfm.pdf,,archives/2017/avril/,http://www.commission-des-sondages.fr/notices/files/notices/2017/avril/8457-pres-elabe-bfm.pdf,/notices/medias/fichiers/add/529,2022-07-08 15:53:30,2017-04-20 22:24:02+02:00
8458-pres-odoxa-le-point.pdf,Pres,2017.0,8458 Pres Odoxa Le point,archives/2017/avril/8458-pres-odoxa-le-point.pdf,,archives/2017/avril/,http://www.commission-des-sondages.fr/notices/files/notices/2017/avril/8458-pres-odoxa-le-point.pdf,/notices/medias/fichiers/add/530,2022-07-08 15:53:30,2017-04-21 17:22:04+02:00
8459-roll-58-ifop-pm.pdf,,2017.0,8459 Roll 58 Ifop PM,archives/2017/avril/8459-roll-58-ifop-pm.pdf,,archives/2017/avril/,http://www.commission-des-sondages.fr/notices/files/notices/2017/avril/8459-roll-58-ifop-pm.pdf,/notices/medias/fichiers/add/531,2022-07-08 15:53:31,2017-04-21 18:36:15+02:00
8460-pres-bva-pqr.pdf,Pres,2017.0,8460 Pres BVA PQR,archives/2017/avril/8460-pres-bva-pqr.pdf,,archives/2017/avril/,http://www.commission-des-sondages.fr/notices/files/notices/2017/avril/8460-pres-bva-pqr.pdf,/notices/medias/fichiers/add/532,2022-07-08 15:53:31,2017-04-21 19:13:59+02:00
8461-comprendre-le-vote-ipsos-france-tele.pdf,,2017.0,8461 Comprendre le vote Ipsos France télé,archives/2017/avril/8461-comprendre-le-vote-ipsos-france-tele.pdf,,archives/2017/avril/,http://www.commission-des-sondages.fr/notices/files/notices/2017/avril/8461-comprendre-le-vote-ipsos-france-tele.pdf,/notices/medias/fichiers/add/533,2022-07-08 15:53:31,2017-04-22 20:09:42+02:00
8462-decryptage-bva-pqr.pdf,,2017.0,8462 Décryptage BVA PQR,archives/2017/avril/8462-decryptage-bva-pqr.pdf,,archives/2017/avril/,http://www.commission-des-sondages.fr/notices/files/notices/2017/avril/8462-decryptage-bva-pqr.pdf,/notices/medias/fichiers/add/534,2022-07-08 15:53:31,2017-04-23 22:16:24+02:00
8464-pres-ipsos-france-tele.pdf,Pres,2017.0,8464 Pres Ipsos France télé,archives/2017/avril/8464-pres-ipsos-france-tele.pdf,,archives/2017/avril/,http://www.commission-des-sondages.fr/notices/files/notices/2017/avril/8464-pres-ipsos-france-tele.pdf,/notices/medias/fichiers/add/535,2022-07-08 15:53:32,2017-04-24 13:04:30+02:00
8465-pres-elabe-l-express.pdf,Pres,2017.0,8465 Pres Elabe l'Express,archives/2017/avril/8465-pres-elabe-l-express.pdf,,archives/2017/avril/,http://www.commission-des-sondages.fr/notices/files/notices/2017/avril/8465-pres-elabe-l-express.pdf,/notices/medias/fichiers/add/536,2022-07-08 15:53:32,2017-04-24 21:04:49+02:00
8466-presitrack-56-ow-les-echos.pdf,,2017.0,8466 Présitrack 56 OW les échos,archives/2017/avril/8466-presitrack-56-ow-les-echos.pdf,,archives/2017/avril/,http://www.commission-des-sondages.fr/notices/files/notices/2017/avril/8466-presitrack-56-ow-les-echos.pdf,/notices/medias/fichiers/add/537,2022-07-08 15:53:32,
8467-rolling-61-ifopo-pm.pdf,,2017.0,8467 Rolling 61 Ifopo PM,archives/2017/avril/8467-rolling-61-ifopo-pm.pdf,,archives/2017/avril/,http://www.commission-des-sondages.fr/notices/files/notices/2017/avril/8467-rolling-61-ifopo-pm.pdf,/notices/medias/fichiers/add/538,2022-07-08 15:53:32,2017-04-25 17:30:56+02:00
8468-post-electorale-viavoice-liberation.pdf,,2017.0,8468 Post électorale Viavoice Libération,archives/2017/avril/8468-post-electorale-viavoice-liberation.pdf,,archives/2017/avril/,http://www.commission-des-sondages.fr/notices/files/notices/2017/avril/8468-post-electorale-viavoice-liberation.pdf,/notices/medias/fichiers/add/539,2022-07-08 15:53:32,2017-04-25 17:37:43+02:00
8469-baro-eco-viavoice-l-express.pdf,Pres,2017.0,8469 Baro éco Viavoice L'express,archives/2017/avril/8469-baro-eco-viavoice-l-express.pdf,,archives/2017/avril/,http://www.commission-des-sondages.fr/notices/files/notices/2017/avril/8469-baro-eco-viavoice-l-express.pdf,/notices/medias/fichiers/add/540,2022-07-08 15:53:32,2017-04-25 18:22:33+02:00
8470-presitracl-57-ow-les-echos.pdf,,2017.0,8470 Présitracl 57 OW Les échos,archives/2017/avril/8470-presitracl-57-ow-les-echos.pdf,,archives/2017/avril/,http://www.commission-des-sondages.fr/notices/files/notices/2017/avril/8470-presitracl-57-ow-les-echos.pdf,/notices/medias/fichiers/add/541,2022-07-08 15:53:32,
8471-prsitrack-58-ow-les-echos.pdf,,2017.0,8471 Prsitrack 58 OW les échos,archives/2017/avril/8471-prsitrack-58-ow-les-echos.pdf,,archives/2017/avril/,http://www.commission-des-sondages.fr/notices/files/notices/2017/avril/8471-prsitrack-58-ow-les-echos.pdf,/notices/medias/fichiers/add/542,2022-07-08 15:53:32,
8472-rolling-62-ifop-pm.pdf,,2017.0,8472 Rolling 62 Ifop PM,archives/2017/avril/8472-rolling-62-ifop-pm.pdf,,archives/2017/avril/,http://www.commission-des-sondages.fr/notices/files/notices/2017/avril/8472-rolling-62-ifop-pm.pdf,/notices/medias/fichiers/add/543,2022-07-08 15:53:32,2017-04-26 18:06:58+02:00
8473-odoxa-pqr.pdf,,2017.0,8473 Odoxa PQR,archives/2017/avril/8473-odoxa-pqr.pdf,,archives/2017/avril/,http://www.commission-des-sondages.fr/notices/files/notices/2017/avril/8473-odoxa-pqr.pdf,/notices/medias/fichiers/add/544,2022-07-08 15:53:33,2017-04-26 22:10:40+02:00
8474-elabe-bfm.pdf,,2017.0,8474 Elabe BFM,archives/2017/avril/8474-elabe-bfm.pdf,,archives/2017/avril/,http://www.commission-des-sondages.fr/notices/files/notices/2017/avril/8474-elabe-bfm.pdf,/notices/medias/fichiers/add/545,2022-07-08 15:53:33,2017-04-26 16:49:54+02:00
8475-odoxa-les-echos.pdf,,2017.0,8475 Odoxa les échos,archives/2017/avril/8475-odoxa-les-echos.pdf,,archives/2017/avril/,http://www.commission-des-sondages.fr/notices/files/notices/2017/avril/8475-odoxa-les-echos.pdf,/notices/medias/fichiers/add/546,2022-07-08 15:53:33,2017-04-27 16:41:18+02:00
8476-whirpool-odoxa-france-info.pdf,,2017.0,8476 Whirpool Odoxa France Info,archives/2017/avril/8476-whirpool-odoxa-france-info.pdf,,archives/2017/avril/,http://www.commission-des-sondages.fr/notices/files/notices/2017/avril/8476-whirpool-odoxa-france-info.pdf,/notices/medias/fichiers/add/547,2022-07-08 15:53:33,2017-04-27 17:50:32+02:00
8477-presitrack-59-ow-les-echos.pdf,,2017.0,8477 Présitrack 59 OW les échos,archives/2017/avril/8477-presitrack-59-ow-les-echos.pdf,,archives/2017/avril/,http://www.commission-des-sondages.fr/notices/files/notices/2017/avril/8477-presitrack-59-ow-les-echos.pdf,/notices/medias/fichiers/add/548,2022-07-08 15:53:33,
8478-pres-odoxa-le-point.pdf,Pres,2017.0,8478 pres odoxa Le point,archives/2017/avril/8478-pres-odoxa-le-point.pdf,,archives/2017/avril/,http://www.commission-des-sondages.fr/notices/files/notices/2017/avril/8478-pres-odoxa-le-point.pdf,/notices/medias/fichiers/add/549,2022-07-08 15:53:33,2017-04-28 12:22:13+02:00
8479-presitrack-60-ow-les-echos.pdf,Pres,2017.0,8479 Presitrack 60 OW les échos,archives/2017/avril/8479-presitrack-60-ow-les-echos.pdf,,archives/2017/avril/,http://www.commission-des-sondages.fr/notices/files/notices/2017/avril/8479-presitrack-60-ow-les-echos.pdf,/notices/medias/fichiers/add/550,2022-07-08 15:53:33,
8480-rolling-63-ifop-pm.pdf,,2017.0,8480 Rolling 63 Ifop PM,archives/2017/avril/8480-rolling-63-ifop-pm.pdf,,archives/2017/avril/,http://www.commission-des-sondages.fr/notices/files/notices/2017/avril/8480-rolling-63-ifop-pm.pdf,/notices/medias/fichiers/add/551,2022-07-08 15:53:33,2017-04-28 17:09:24+02:00
8481-rolling-64-ifop-pm.pdf,,2017.0,8481 Rolling 64 ifop PM,archives/2017/avril/8481-rolling-64-ifop-pm.pdf,,archives/2017/avril/,http://www.commission-des-sondages.fr/notices/files/notices/2017/avril/8481-rolling-64-ifop-pm.pdf,/notices/medias/fichiers/add/552,2022-07-08 15:53:33,2017-04-28 17:08:23+02:00
8482-pres-bva-pqr.pdf,Pres,2017.0,8482 Pres BVA PQR,archives/2017/avril/8482-pres-bva-pqr.pdf,,archives/2017/avril/,http://www.commission-des-sondages.fr/notices/files/notices/2017/avril/8482-pres-bva-pqr.pdf,/notices/medias/fichiers/add/553,2022-07-08 15:53:34,2017-04-28 18:20:53+02:00
8483-pres-kantar-sofres-lci.pdf,Pres,2017.0,8483 pres Kantar sofres LCI,archives/2017/mai/8483-pres-kantar-sofres-lci.pdf,,archives/2017/mai/,http://www.commission-des-sondages.fr/notices/files/notices/2017/mai/8483-pres-kantar-sofres-lci.pdf,/notices/medias/fichiers/add/554,2022-07-08 15:53:52,2017-05-01 15:36:21+02:00
8484-pres-ipsos-france-tele.pdf,Pres,2017.0,8484 Pres Ipsos France télé,archives/2017/mai/8484-pres-ipsos-france-tele.pdf,,archives/2017/mai/,http://www.commission-des-sondages.fr/notices/files/notices/2017/mai/8484-pres-ipsos-france-tele.pdf,/notices/medias/fichiers/add/555,2022-07-08 15:53:53,2017-04-30 22:41:02+02:00
8485-pres-elabe-bfm-tv.pdf,Pres,2017.0,8485 Pres Elabe BFM tv,archives/2017/mai/8485-pres-elabe-bfm-tv.pdf,,archives/2017/mai/,http://www.commission-des-sondages.fr/notices/files/notices/2017/mai/8485-pres-elabe-bfm-tv.pdf,/notices/medias/fichiers/add/556,2022-07-08 15:53:53,2017-05-02 14:52:27+02:00
8486-presitrack-62-ow-les-echos.pdf,,2017.0,8486 Présitrack 62 OW les échos,archives/2017/mai/8486-presitrack-62-ow-les-echos.pdf,,archives/2017/mai/,http://www.commission-des-sondages.fr/notices/files/notices/2017/mai/8486-presitrack-62-ow-les-echos.pdf,/notices/medias/fichiers/add/557,2022-07-08 15:53:53,
8487-aro-eco-odoxa-bfm.pdf,,2017.0,8487 aro éco Odoxa BFM,archives/2017/mai/8487-aro-eco-odoxa-bfm.pdf,,archives/2017/mai/,http://www.commission-des-sondages.fr/notices/files/notices/2017/mai/8487-aro-eco-odoxa-bfm.pdf,/notices/medias/fichiers/add/558,2022-07-08 15:53:53,2017-05-02 14:49:35+02:00
8488-rolling-65-ifop-pm.pdf,,2017.0,8488 Rolling 65 ifop PM,archives/2017/mai/8488-rolling-65-ifop-pm.pdf,,archives/2017/mai/,http://www.commission-des-sondages.fr/notices/files/notices/2017/mai/8488-rolling-65-ifop-pm.pdf,/notices/medias/fichiers/add/559,,
8489-rolling-66-ifop-pm.pdf,,2017.0,8489 Rolling 66 Ifop PM,archives/2017/mai/8489-rolling-66-ifop-pm.pdf,,archives/2017/mai/,http://www.commission-des-sondages.fr/notices/files/notices/2017/mai/8489-rolling-66-ifop-pm.pdf,/notices/medias/fichiers/add/561,2022-07-08 15:53:53,2017-05-02 18:11:23+02:00
8490-presitrack-63-ow-les-echos.pdf,,2017.0,8490 Présitrack 63 OW les échos,archives/2017/mai/8490-presitrack-63-ow-les-echos.pdf,,archives/2017/mai/,http://www.commission-des-sondages.fr/notices/files/notices/2017/mai/8490-presitrack-63-ow-les-echos.pdf,/notices/medias/fichiers/add/562,2022-07-08 15:53:53,
8491-pres-bva-pqr.pdf,Pres,2017.0,8491 Pres BVA PQR,archives/2017/mai/8491-pres-bva-pqr.pdf,,archives/2017/mai/,http://www.commission-des-sondages.fr/notices/files/notices/2017/mai/8491-pres-bva-pqr.pdf,/notices/medias/fichiers/add/563,2022-07-08 15:53:54,2017-05-02 19:03:28+02:00
8492-cevipof-ipsos-le-monde.pdf,,2017.0,8492 Cevipof Ipsos le Monde,archives/2017/mai/8492-cevipof-ipsos-le-monde.pdf,,archives/2017/mai/,http://www.commission-des-sondages.fr/notices/files/notices/2017/mai/8492-cevipof-ipsos-le-monde.pdf,/notices/medias/fichiers/add/564,2022-07-08 15:53:54,2017-05-02 21:49:52+02:00
8493-p-auvergne-ipsos-france-tele.pdf,,2017.0,8493 P– Auvergne Ipsos France télé,archives/2017/mai/8493-p-auvergne-ipsos-france-tele.pdf,,archives/2017/mai/,http://www.commission-des-sondages.fr/notices/files/notices/2017/mai/8493-p-auvergne-ipsos-france-tele.pdf,/notices/medias/fichiers/add/565,2022-07-08 15:53:54,2017-05-02 23:20:05+02:00
8494-p-bourgogne-france-comte.pdf,,2017.0,8494 P- Bourgogne France-Comté Ipsos France télé,archives/2017/mai/8494-p-bourgogne-france-comte.pdf,,archives/2017/mai/,http://www.commission-des-sondages.fr/notices/files/notices/2017/mai/8494-p-bourgogne-france-comte.pdf,/notices/medias/fichiers/add/566,2022-07-08 15:53:54,2017-05-02 23:23:42+02:00
8495-p-bretagne-ipsos-france-tele.pdf,,2017.0,8495 P– Bretagne Ipsos France télé,archives/2017/mai/8495-p-bretagne-ipsos-france-tele.pdf,,archives/2017/mai/,http://www.commission-des-sondages.fr/notices/files/notices/2017/mai/8495-p-bretagne-ipsos-france-tele.pdf,/notices/medias/fichiers/add/567,2022-07-08 15:53:55,2017-05-02 23:27:06+02:00
8496-p-centre-vdl-ipsos-france-tele.pdf,,2017.0,8496 P– Centre VDL Ipsos France télé,archives/2017/mai/8496-p-centre-vdl-ipsos-france-tele.pdf,,archives/2017/mai/,http://www.commission-des-sondages.fr/notices/files/notices/2017/mai/8496-p-centre-vdl-ipsos-france-tele.pdf,/notices/medias/fichiers/add/568,2022-07-08 15:53:55,2017-05-02 23:30:37+02:00
8497-p-grand-est-ipsos-france-tele.pdf,,2017.0,8497 P– Grand Est Ipsos France télé,archives/2017/mai/8497-p-grand-est-ipsos-france-tele.pdf,,archives/2017/mai/,http://www.commission-des-sondages.fr/notices/files/notices/2017/mai/8497-p-grand-est-ipsos-france-tele.pdf,/notices/medias/fichiers/add/569,2022-07-08 15:53:55,2017-05-02 23:34:35+02:00
8498-p-hauts-de-france-ipsos-france-tele.pdf,,2017.0,8498 P– Hauts de France Ipsos France télé,archives/2017/mai/8498-p-hauts-de-france-ipsos-france-tele.pdf,,archives/2017/mai/,http://www.commission-des-sondages.fr/notices/files/notices/2017/mai/8498-p-hauts-de-france-ipsos-france-tele.pdf,/notices/medias/fichiers/add/570,2022-07-08 15:53:55,2017-05-02 23:37:12+02:00
8499-p-idf-ipsos-france-tele.pdf,,2017.0,8499 P– IDF Ipsos France Télé,archives/2017/mai/8499-p-idf-ipsos-france-tele.pdf,,archives/2017/mai/,http://www.commission-des-sondages.fr/notices/files/notices/2017/mai/8499-p-idf-ipsos-france-tele.pdf,/notices/medias/fichiers/add/571,2022-07-08 15:53:55,2017-05-02 23:39:40+02:00
8500-p-normandie-ipsos-france-tele.pdf,,2017.0,8500 P- Normandie Ipsos france télé,archives/2017/mai/8500-p-normandie-ipsos-france-tele.pdf,,archives/2017/mai/,http://www.commission-des-sondages.fr/notices/files/notices/2017/mai/8500-p-normandie-ipsos-france-tele.pdf,/notices/medias/fichiers/add/572,2022-07-08 15:53:56,2017-05-02 23:56:20+02:00
8501-p-nouvelle-aquitaine-ipsos-france-tele.pdf,,2017.0,8501 P– Nouvelle Aquitaine Ipsos France télé,archives/2017/mai/8501-p-nouvelle-aquitaine-ipsos-france-tele.pdf,,archives/2017/mai/,http://www.commission-des-sondages.fr/notices/files/notices/2017/mai/8501-p-nouvelle-aquitaine-ipsos-france-tele.pdf,/notices/medias/fichiers/add/573,2022-07-08 15:53:56,2017-05-03 00:03:15+02:00
8502-p-occitanie-ipsos-france-tele.pdf,,2017.0,8502 P– Occitanie Ipsos France télé,archives/2017/mai/8502-p-occitanie-ipsos-france-tele.pdf,,archives/2017/mai/,http://www.commission-des-sondages.fr/notices/files/notices/2017/mai/8502-p-occitanie-ipsos-france-tele.pdf,/notices/medias/fichiers/add/574,2022-07-08 15:53:56,2017-05-03 00:06:52+02:00
8503-p-paca-ipsos-france-tele.pdf,,2017.0,8503 P- PACA Ipsos France Télé,archives/2017/mai/8503-p-paca-ipsos-france-tele.pdf,,archives/2017/mai/,http://www.commission-des-sondages.fr/notices/files/notices/2017/mai/8503-p-paca-ipsos-france-tele.pdf,/notices/medias/fichiers/add/575,2022-07-08 15:53:56,2017-05-03 00:14:25+02:00
8504-p-pdl-ipsos-france-tele.pdf,,2017.0,8504 P- PDL Ipsos France télé,archives/2017/mai/8504-p-pdl-ipsos-france-tele.pdf,,archives/2017/mai/,http://www.commission-des-sondages.fr/notices/files/notices/2017/mai/8504-p-pdl-ipsos-france-tele.pdf,/notices/medias/fichiers/add/576,2022-07-08 15:53:56,2017-05-03 00:16:53+02:00
8505-p-rolling-67-ifop-pm.pdf,,2017.0,8505 P- Rolling 67 Ifop PM,archives/2017/mai/8505-p-rolling-67-ifop-pm.pdf,,archives/2017/mai/,http://www.commission-des-sondages.fr/notices/files/notices/2017/mai/8505-p-rolling-67-ifop-pm.pdf,/notices/medias/fichiers/add/577,2022-07-08 15:53:56,2017-05-03 16:41:37+02:00
8506-baro-yougov-le-huff-post-cnews-mai17.pdf,,2017.0,8506 Baro YouGov- Le Huff Post_CNEWS_Mai17,archives/2017/mai/8506-baro-yougov-le-huff-post-cnews-mai17.pdf,,archives/2017/mai/,http://www.commission-des-sondages.fr/notices/files/notices/2017/mai/8506-baro-yougov-le-huff-post-cnews-mai17.pdf,/notices/medias/fichiers/add/578,2022-07-08 15:53:56,2017-05-03 17:29:32+02:00
8507-presitrack-64-ow-les-echos.pdf,,2017.0,8507 Présitrack 64 OW Les échos,archives/2017/mai/8507-presitrack-64-ow-les-echos.pdf,,archives/2017/mai/,http://www.commission-des-sondages.fr/notices/files/notices/2017/mai/8507-presitrack-64-ow-les-echos.pdf,/notices/medias/fichiers/add/579,2022-07-08 15:53:57,
8508-baro-kantar-sofres-le-figaro-magazine.pdf,,2017.0,8508 Baro Kantar Sofres Le Figaro Magazine,archives/2017/mai/8508-baro-kantar-sofres-le-figaro-magazine.pdf,,archives/2017/mai/,http://www.commission-des-sondages.fr/notices/files/notices/2017/mai/8508-baro-kantar-sofres-le-figaro-magazine.pdf,/notices/medias/fichiers/add/580,2022-07-08 15:53:57,2017-05-03 17:49:14+02:00
8509-pres-elabe-bfm.pdf,Pres,2017.0,8509 Pres Elabe BFM  ,archives/2017/mai/8509-pres-elabe-bfm.pdf,,archives/2017/mai/,http://www.commission-des-sondages.fr/notices/files/notices/2017/mai/8509-pres-elabe-bfm.pdf,/notices/medias/fichiers/add/581,2022-07-08 15:53:57,2017-05-04 14:59:03+02:00
8510-questions-eco-bva-la-tribune.pdf,,2017.0,8510 questions éco BVA La Tribune,archives/2017/mai/8510-questions-eco-bva-la-tribune.pdf,,archives/2017/mai/,http://www.commission-des-sondages.fr/notices/files/notices/2017/mai/8510-questions-eco-bva-la-tribune.pdf,/notices/medias/fichiers/add/582,2022-07-08 15:53:57,2017-05-04 17:09:45+02:00
8511-presitrack-65-ow-les-echos.pdf,,2017.0,8511 Présitrack 65 OW les échos,archives/2017/mai/8511-presitrack-65-ow-les-echos.pdf,,archives/2017/mai/,http://www.commission-des-sondages.fr/notices/files/notices/2017/mai/8511-presitrack-65-ow-les-echos.pdf,/notices/medias/fichiers/add/583,2022-07-08 15:53:57,
8512-cristallisation-odoxa-france-info.pdf,,2017.0,8512 Cristallisation Odoxa France-Info,archives/2017/mai/8512-cristallisation-odoxa-france-info.pdf,,archives/2017/mai/,http://www.commission-des-sondages.fr/notices/files/notices/2017/mai/8512-cristallisation-odoxa-france-info.pdf,/notices/medias/fichiers/add/584,2022-07-08 15:53:57,2017-05-04 17:30:07+02:00
8513-pres-ipsos-france-television.pdf,Pres,2017.0,8513 Pres Ipsos France Télévision,archives/2017/mai/8513-pres-ipsos-france-television.pdf,,archives/2017/mai/,http://www.commission-des-sondages.fr/notices/files/notices/2017/mai/8513-pres-ipsos-france-television.pdf,/notices/medias/fichiers/add/585,2022-07-08 15:53:58,2017-05-04 22:10:21+02:00
8514-pres-odoxa-le-point.pdf,Pres,2017.0,8514 Pres Odoxa le Point,archives/2017/mai/8514-pres-odoxa-le-point.pdf,,archives/2017/mai/,http://www.commission-des-sondages.fr/notices/files/notices/2017/mai/8514-pres-odoxa-le-point.pdf,/notices/medias/fichiers/add/586,2022-07-08 15:53:57,2017-05-05 10:03:31+02:00
8515-post-debat-hi-france-television.pdf,,2017.0,8515 Post débat HI France Télévision,archives/2017/mai/8515-post-debat-hi-france-television.pdf,,archives/2017/mai/,http://www.commission-des-sondages.fr/notices/files/notices/2017/mai/8515-post-debat-hi-france-television.pdf,/notices/medias/fichiers/add/587,2022-07-08 15:53:58,
8516-roll-68-ifop-pm.pdf,,2017.0,8516 Roll 68 Ifop PM,archives/2017/mai/8516-roll-68-ifop-pm.pdf,,archives/2017/mai/,http://www.commission-des-sondages.fr/notices/files/notices/2017/mai/8516-roll-68-ifop-pm.pdf,/notices/medias/fichiers/add/588,2022-07-08 15:53:58,2017-05-05 17:27:19+02:00
8517-roll-69-ifop-pm.pdf,,2017.0,8517 roll 69 Ifop PM,archives/2017/mai/8517-roll-69-ifop-pm.pdf,,archives/2017/mai/,http://www.commission-des-sondages.fr/notices/files/notices/2017/mai/8517-roll-69-ifop-pm.pdf,/notices/medias/fichiers/add/589,2022-07-08 15:53:58,2017-05-05 17:27:41+02:00
8518-pres-ipsos-le-monde.pdf,Pres,2017.0,8518 Pres Ipsos Le Monde,archives/2017/mai/8518-pres-ipsos-le-monde.pdf,,archives/2017/mai/,http://www.commission-des-sondages.fr/notices/files/notices/2017/mai/8518-pres-ipsos-le-monde.pdf,/notices/medias/fichiers/add/590,2022-07-08 15:53:58,2017-05-05 19:37:48+02:00
8600-legs-ow-les-echos.pdf,Leg,2017.0,8600 Legs. OW les échos,archives/2017/mai/8600-legs-ow-les-echos.pdf,,archives/2017/mai/,http://www.commission-des-sondages.fr/notices/files/notices/2017/mai/8600-legs-ow-les-echos.pdf,/notices/medias/fichiers/add/591,2022-07-08 15:53:58,
8601-leg-kantar-rtl.pdf,Leg,2017.0,8601 leg Kantar RTL,archives/2017/mai/8601-leg-kantar-rtl.pdf,,archives/2017/mai/,http://www.commission-des-sondages.fr/notices/files/notices/2017/mai/8601-leg-kantar-rtl.pdf,/notices/medias/fichiers/add/592,2022-07-08 15:53:58,2017-05-07 16:41:24+02:00
8602-leg-hi-m6.pdf,Leg,2017.0,8602 Leg HI M6,archives/2017/mai/8602-leg-hi-m6.pdf,,archives/2017/mai/,http://www.commission-des-sondages.fr/notices/files/notices/2017/mai/8602-leg-hi-m6.pdf,/notices/medias/fichiers/add/598,2022-07-08 15:53:58,
8603-ref-i-scope-caledonia.pdf,,2017.0,8603 Ref. I-scope Calédonia,archives/2017/mai/8603-ref-i-scope-caledonia.pdf,,archives/2017/mai/,http://www.commission-des-sondages.fr/notices/files/notices/2017/mai/8603-ref-i-scope-caledonia.pdf,/notices/medias/fichiers/add/594,2022-07-08 15:53:59,2017-05-10 16:03:39+11:00
8604-macron-elabe-bfm.pdf,,2017.0,8604 Macron Elabe BFM,archives/2017/mai/8604-macron-elabe-bfm.pdf,,archives/2017/mai/,http://www.commission-des-sondages.fr/notices/files/notices/2017/mai/8604-macron-elabe-bfm.pdf,/notices/medias/fichiers/add/595,2022-07-08 15:53:59,2017-05-10 16:18:51+02:00
8605-pm-odoxa-france-info.pdf,,2017.0,8605 PM Odoxa France Info,archives/2017/mai/8605-pm-odoxa-france-info.pdf,,archives/2017/mai/,http://www.commission-des-sondages.fr/notices/files/notices/2017/mai/8605-pm-odoxa-france-info.pdf,/notices/medias/fichiers/add/596,2022-07-08 15:53:59,2017-05-11 16:11:29+02:00
8606-leg-hi-lcp.pdf,Leg,2017.0,8606 Leg HI LCP,archives/2017/mai/8606-leg-hi-lcp.pdf,,archives/2017/mai/,http://www.commission-des-sondages.fr/notices/files/notices/2017/mai/8606-leg-hi-lcp.pdf,/notices/medias/fichiers/add/597,2022-07-08 15:53:59,
8607-e-philippe-hi-rmc.pdf,,2017.0,8607 E. Philippe HI  RMC,archives/2017/mai/8607-e-philippe-hi-rmc.pdf,,archives/2017/mai/,http://www.commission-des-sondages.fr/notices/files/notices/2017/mai/8607-e-philippe-hi-rmc.pdf,/notices/medias/fichiers/add/600,2022-07-08 15:53:59,
8608-legs-hi-france-tele.pdf,Leg,2017.0,8608 Legs HI France-télé,archives/2017/mai/8608-legs-hi-france-tele.pdf,,archives/2017/mai/,http://www.commission-des-sondages.fr/notices/files/notices/2017/mai/8608-legs-hi-france-tele.pdf,/notices/medias/fichiers/add/601,2022-07-08 15:53:59,
8609-baro-elabe-les-echos.pdf,,2017.0,8609 Baro Elabe Les échos,archives/2017/mai/8609-baro-elabe-les-echos.pdf,,archives/2017/mai/,http://www.commission-des-sondages.fr/notices/files/notices/2017/mai/8609-baro-elabe-les-echos.pdf,/notices/medias/fichiers/add/602,2022-07-08 15:53:59,2017-05-18 11:38:59+02:00
8610-legs-hi-france-tele.pdf,Leg,2017.0,8610 Legs HI France télé,archives/2017/mai/8610-legs-hi-france-tele.pdf,,archives/2017/mai/,http://www.commission-des-sondages.fr/notices/files/notices/2017/mai/8610-legs-hi-france-tele.pdf,/notices/medias/fichiers/add/603,2022-07-08 15:53:59,
8611-legitrack-ow-les-echos-18-mai-2017.pdf,,2017.0,8611  LégiTrack OW les échos 18 mai 2017,archives/2017/mai/8611-legitrack-ow-les-echos-18-mai-2017.pdf,,archives/2017/mai/,http://www.commission-des-sondages.fr/notices/files/notices/2017/mai/8611-legitrack-ow-les-echos-18-mai-2017.pdf,/notices/medias/fichiers/add/604,2022-07-08 15:53:59,
8613-baro-eco-viavoice-bfm.pdf,,2017.0,8613 Baro éco Viavoice BFM,archives/2017/mai/8613-baro-eco-viavoice-bfm.pdf,,archives/2017/mai/,http://www.commission-des-sondages.fr/notices/files/notices/2017/mai/8613-baro-eco-viavoice-bfm.pdf,/notices/medias/fichiers/add/605,2022-07-08 15:54:00,2017-05-23 10:09:39+02:00
8614-baro-bva-la-tribune.pdf,,2017.0,8614 Baro BVA la tribune,archives/2017/mai/8614-baro-bva-la-tribune.pdf,,archives/2017/mai/,http://www.commission-des-sondages.fr/notices/files/notices/2017/mai/8614-baro-bva-la-tribune.pdf,/notices/medias/fichiers/add/607,2022-07-08 15:54:00,2017-05-24 09:43:13+02:00
8615-baro-pol-viavoice-libe.pdf,,2017.0,8615 Baro pol Viavoice Libé,archives/2017/mai/8615-baro-pol-viavoice-libe.pdf,,archives/2017/mai/,http://www.commission-des-sondages.fr/notices/files/notices/2017/mai/8615-baro-pol-viavoice-libe.pdf,/notices/medias/fichiers/add/606,2022-07-08 15:54:00,2017-05-24 10:02:58+02:00
8616-baro-bva-l-obs.pdf,,2017.0,8616 baro BVA l'obs,archives/2017/mai/8616-baro-bva-l-obs.pdf,,archives/2017/mai/,http://www.commission-des-sondages.fr/notices/files/notices/2017/mai/8616-baro-bva-l-obs.pdf,/notices/medias/fichiers/add/608,2022-07-08 15:54:00,2017-05-24 16:49:34+02:00
8617-legs-elabe-bfm.pdf,Leg,2017.0,8617 legs elabe BFM,archives/2017/mai/8617-legs-elabe-bfm.pdf,,archives/2017/mai/,http://www.commission-des-sondages.fr/notices/files/notices/2017/mai/8617-legs-elabe-bfm.pdf,/notices/medias/fichiers/add/610,2022-07-08 15:54:00,2017-05-24 14:45:45+02:00
8618-legitrack-ow-les-echos.pdf,Leg,2017.0,8618 Legitrack OW les échos,archives/2017/mai/8618-legitrack-ow-les-echos.pdf,,archives/2017/mai/,http://www.commission-des-sondages.fr/notices/files/notices/2017/mai/8618-legitrack-ow-les-echos.pdf,/notices/medias/fichiers/add/609,2022-07-08 15:54:00,
8619-legs-hi-lcp.pdf,Leg,2017.0,8619 Legs HI LCP,archives/2017/mai/8619-legs-hi-lcp.pdf,,archives/2017/mai/,http://www.commission-des-sondages.fr/notices/files/notices/2017/mai/8619-legs-hi-lcp.pdf,/notices/medias/fichiers/add/611,2022-07-08 15:54:00,
8620-4eme-bdr-ifop-jdd.pdf,,2017.0,8620 4ème BdR Ifop JDD,archives/2017/mai/8620-4eme-bdr-ifop-jdd.pdf,,archives/2017/mai/,http://www.commission-des-sondages.fr/notices/files/notices/2017/mai/8620-4eme-bdr-ifop-jdd.pdf,/notices/medias/fichiers/add/612,2022-07-08 15:54:01,2017-05-29 14:42:21+02:00
8621-1ere-de-l-eure-ifop-jdd.pdf,,2017.0,8621 1ère de L'Eure Ifop JDD,archives/2017/mai/8621-1ere-de-l-eure-ifop-jdd.pdf,,archives/2017/mai/,http://www.commission-des-sondages.fr/notices/files/notices/2017/mai/8621-1ere-de-l-eure-ifop-jdd.pdf,/notices/medias/fichiers/add/613,2022-07-08 15:54:01,2017-05-29 14:43:11+02:00
8622-6eme-rhone-ifop-jdd.pdf,,2017.0,8622 6ème Rhone Ifop JDD,archives/2017/mai/8622-6eme-rhone-ifop-jdd.pdf,,archives/2017/mai/,http://www.commission-des-sondages.fr/notices/files/notices/2017/mai/8622-6eme-rhone-ifop-jdd.pdf,/notices/medias/fichiers/add/614,2022-07-08 15:54:01,2017-05-29 17:06:13+02:00
8623-legs-ipsos-radio-france.pdf,Leg,2017.0,8623 Legs Ipsos Radio France,archives/2017/mai/8623-legs-ipsos-radio-france.pdf,,archives/2017/mai/,http://www.commission-des-sondages.fr/notices/files/notices/2017/mai/8623-legs-ipsos-radio-france.pdf,/notices/medias/fichiers/add/615,2022-07-08 15:54:02,2017-05-29 18:32:13+02:00
8624-legs-ifop-pm.pdf,Leg,2017.0,8624 Legs Ifop PM,archives/2017/mai/8624-legs-ifop-pm.pdf,,archives/2017/mai/,http://www.commission-des-sondages.fr/notices/files/notices/2017/mai/8624-legs-ifop-pm.pdf,/notices/medias/fichiers/add/616,2022-07-08 15:54:02,2017-05-30 11:38:00+02:00
8625-legs-kantar-sofres-lci.pdf,Leg,2017.0,8625 Legs Kantar Sofres Lci,archives/2017/mai/8625-legs-kantar-sofres-lci.pdf,,archives/2017/mai/,http://www.commission-des-sondages.fr/notices/files/notices/2017/mai/8625-legs-kantar-sofres-lci.pdf,/notices/medias/fichiers/add/617,2022-07-08 15:54:02,2017-05-30 19:17:05+02:00
1ere-des-landes-ifop-sud-ouest.pdf,,2017.0,8637 – 1 ère des landes Ifop Sud-Ouest,archives/2017/juin/1ere-des-landes-ifop-sud-ouest.pdf,,archives/2017/juin/,http://www.commission-des-sondages.fr/notices/files/notices/2017/juin/1ere-des-landes-ifop-sud-ouest.pdf,/notices/medias/fichiers/add/629,2022-07-08 15:53:48,2017-06-06 18:37:06+02:00
8626-baro-yougov-huffpost.pdf,,2017.0,8626 Baro YouGov HuffPost,archives/2017/juin/8626-baro-yougov-huffpost.pdf,,archives/2017/juin/,http://www.commission-des-sondages.fr/notices/files/notices/2017/juin/8626-baro-yougov-huffpost.pdf,/notices/medias/fichiers/add/618,2022-07-08 15:53:48,2017-05-31 16:52:39+02:00
8627-baro-kantar-sofres-fig-mag.pdf,,2017.0,8627 Baro Kantar Sofres Fig-Mag,archives/2017/juin/8627-baro-kantar-sofres-fig-mag.pdf,,archives/2017/juin/,http://www.commission-des-sondages.fr/notices/files/notices/2017/juin/8627-baro-kantar-sofres-fig-mag.pdf,/notices/medias/fichiers/add/619,2022-07-08 15:53:48,2017-06-01 08:26:35+02:00
8628-legs-ipsos-le-monde.pdf,Leg,2017.0,8628 Legs Ipsos le Monde,archives/2017/juin/8628-legs-ipsos-le-monde.pdf,,archives/2017/juin/,http://www.commission-des-sondages.fr/notices/files/notices/2017/juin/8628-legs-ipsos-le-monde.pdf,/notices/medias/fichiers/add/620,2022-07-08 15:53:49,2017-06-01 12:07:56+02:00
8629-legitrack-2-juin-ow-les-echos.pdf,Leg,2017.0,8629 Legitrack 2 juin OW les échos,archives/2017/juin/8629-legitrack-2-juin-ow-les-echos.pdf,,archives/2017/juin/,http://www.commission-des-sondages.fr/notices/files/notices/2017/juin/8629-legitrack-2-juin-ow-les-echos.pdf,/notices/medias/fichiers/add/621,2022-07-08 15:53:48,
8631-1-essonne-ifop-jdd.pdf,,2017.0,8631 1-Essonne Ifop JDD,archives/2017/juin/8631-1-essonne-ifop-jdd.pdf,,archives/2017/juin/,http://www.commission-des-sondages.fr/notices/files/notices/2017/juin/8631-1-essonne-ifop-jdd.pdf,/notices/medias/fichiers/add/623,2022-07-08 15:53:49,2017-06-02 14:54:32+02:00
8632-2eme-gard-ifop-jdd.pdf,,2017.0,8632 2ème Gard Ifop JDD,archives/2017/juin/8632-2eme-gard-ifop-jdd.pdf,,archives/2017/juin/,http://www.commission-des-sondages.fr/notices/files/notices/2017/juin/8632-2eme-gard-ifop-jdd.pdf,/notices/medias/fichiers/add/624,2022-07-08 15:53:49,2017-06-02 19:01:19+02:00
8633-2eme-paris-ifop-jdd.pdf,,2017.0,8633 2ème Paris Ifop JDD,archives/2017/juin/8633-2eme-paris-ifop-jdd.pdf,,archives/2017/juin/,http://www.commission-des-sondages.fr/notices/files/notices/2017/juin/8633-2eme-paris-ifop-jdd.pdf,/notices/medias/fichiers/add/625,2022-07-08 15:53:49,2017-06-02 19:02:50+02:00
8634-affaires-odoxa-france-info.pdf,,2017.0,8634 Affaires Odoxa France Info,archives/2017/juin/8634-affaires-odoxa-france-info.pdf,,archives/2017/juin/,http://www.commission-des-sondages.fr/notices/files/notices/2017/juin/8634-affaires-odoxa-france-info.pdf,/notices/medias/fichiers/add/626,2022-07-08 15:53:49,2017-06-02 19:56:04+02:00
8635-legs-ipsos-lm.pdf,Leg,2017.0,8635 legs Ipsos LM,archives/2017/juin/8635-legs-ipsos-lm.pdf,,archives/2017/juin/,http://www.commission-des-sondages.fr/notices/files/notices/2017/juin/8635-legs-ipsos-lm.pdf,/notices/medias/fichiers/add/627,2022-07-08 15:53:50,2017-06-05 17:09:48+02:00
8636-4eme-pa-ifop-sud-ouest.pdf,,2017.0,8636 4ème PA ifop Sud-Ouest,archives/2017/juin/8636-4eme-pa-ifop-sud-ouest.pdf,,archives/2017/juin/,http://www.commission-des-sondages.fr/notices/files/notices/2017/juin/8636-4eme-pa-ifop-sud-ouest.pdf,/notices/medias/fichiers/add/628,2022-07-08 15:53:50,2017-06-06 18:48:13+02:00
8638-11eme-du-pdc-ifop-vdn.pdf,,2017.0,8638 11ème du PdC Ifop VdN ,archives/2017/juin/8638-11eme-du-pdc-ifop-vdn.pdf,,archives/2017/juin/,http://www.commission-des-sondages.fr/notices/files/notices/2017/juin/8638-11eme-du-pdc-ifop-vdn.pdf,/notices/medias/fichiers/add/630,2022-07-08 15:53:50,2017-06-06 18:52:24+02:00
8639-9eme-des-hds-ifop-le-figarppdf.pdf,,2017.0,8639 9ème des HdS Ifop le Figarppdf,archives/2017/juin/8639-9eme-des-hds-ifop-le-figarppdf.pdf,,archives/2017/juin/,http://www.commission-des-sondages.fr/notices/files/notices/2017/juin/8639-9eme-des-hds-ifop-le-figarppdf.pdf,/notices/medias/fichiers/add/631,2022-07-08 15:53:50,2017-06-06 18:44:14+02:00
8640-legs-odoxa-le-point.pdf,Leg,2017.0,8640 Legs Odoxa Le Point,archives/2017/juin/8640-legs-odoxa-le-point.pdf,,archives/2017/juin/,http://www.commission-des-sondages.fr/notices/files/notices/2017/juin/8640-legs-odoxa-le-point.pdf,/notices/medias/fichiers/add/632,2022-07-08 15:53:50,2017-06-07 14:10:31+02:00
8641-1ere-charente-maritime-ifop-sud-ouest.pdf,,2017.0,8641 – 1ère Charente Maritime Ifop Sud-Ouest,archives/2017/juin/8641-1ere-charente-maritime-ifop-sud-ouest.pdf,,archives/2017/juin/,http://www.commission-des-sondages.fr/notices/files/notices/2017/juin/8641-1ere-charente-maritime-ifop-sud-ouest.pdf,/notices/medias/fichiers/add/633,2022-07-08 15:53:50,2017-06-07 16:35:26+02:00
8642-legs-bva-pqr-7-juin.pdf,Leg,2017.0,8642 Legs BVA Pqr 7 juin,archives/2017/juin/8642-legs-bva-pqr-7-juin.pdf,,archives/2017/juin/,http://www.commission-des-sondages.fr/notices/files/notices/2017/juin/8642-legs-bva-pqr-7-juin.pdf,/notices/medias/fichiers/add/634,2022-07-08 15:53:50,2017-06-07 14:32:02+02:00
8643-legs-ifop-fondapol.pdf,Leg,2017.0,8643 Legs Ifop Fondapol,archives/2017/juin/8643-legs-ifop-fondapol.pdf,,archives/2017/juin/,http://www.commission-des-sondages.fr/notices/files/notices/2017/juin/8643-legs-ifop-fondapol.pdf,/notices/medias/fichiers/add/635,2022-07-08 15:53:51,2017-06-08 11:57:21+02:00
8644-2e-gironde-ifop-sud-ouest.pdf,,2017.0,8644 2e Gironde Ifop Sud-Ouest,archives/2017/juin/8644-2e-gironde-ifop-sud-ouest.pdf,,archives/2017/juin/,http://www.commission-des-sondages.fr/notices/files/notices/2017/juin/8644-2e-gironde-ifop-sud-ouest.pdf,/notices/medias/fichiers/add/636,2022-07-08 15:53:51,2017-06-08 17:14:33+02:00
8645-legs-hi-lcp.pdf,Leg,2017.0,8645 Legs HI LCP,archives/2017/juin/8645-legs-hi-lcp.pdf,,archives/2017/juin/,http://www.commission-des-sondages.fr/notices/files/notices/2017/juin/8645-legs-hi-lcp.pdf,/notices/medias/fichiers/add/637,2022-07-08 15:53:51,
8646-legs-abst-odoxa-france-info.pdf,Leg,2017.0,8646 Legs-Abst Odoxa France Info,archives/2017/juin/8646-legs-abst-odoxa-france-info.pdf,,archives/2017/juin/,http://www.commission-des-sondages.fr/notices/files/notices/2017/juin/8646-legs-abst-odoxa-france-info.pdf,/notices/medias/fichiers/add/638,2022-07-08 15:53:51,2017-06-08 18:09:49+02:00
8647-legs-ipsos-france-tele.pdf,Leg,2017.0,8647 Legs Ipsos France Télé,archives/2017/juin/8647-legs-ipsos-france-tele.pdf,,archives/2017/juin/,http://www.commission-des-sondages.fr/notices/files/notices/2017/juin/8647-legs-ipsos-france-tele.pdf,/notices/medias/fichiers/add/639,2022-07-08 15:53:51,2017-06-09 10:14:23+02:00
8648-legs-ifop-pm.pdf,Leg,2017.0,8648 legs IFop Pm,archives/2017/juin/8648-legs-ifop-pm.pdf,,archives/2017/juin/,http://www.commission-des-sondages.fr/notices/files/notices/2017/juin/8648-legs-ifop-pm.pdf,/notices/medias/fichiers/add/640,2022-07-08 15:53:51,2017-06-09 11:27:41+02:00
8649-legs-ow-les-echos.pdf,Leg,2017.0,8649 Legs OW Les Échos,archives/2017/juin/8649-legs-ow-les-echos.pdf,,archives/2017/juin/,http://www.commission-des-sondages.fr/notices/files/notices/2017/juin/8649-legs-ow-les-echos.pdf,/notices/medias/fichiers/add/641,2022-07-08 15:53:51,
8650-legs-ipsos-france-television.pdf,Leg,2017.0,8650 Legs Ipsos France télévision,archives/2017/juin/8650-legs-ipsos-france-television.pdf,,archives/2017/juin/,http://www.commission-des-sondages.fr/notices/files/notices/2017/juin/8650-legs-ipsos-france-television.pdf,/notices/medias/fichiers/add/644,2022-07-08 15:53:52,2017-06-10 20:28:30+02:00
8651-legs-bva-l-obs.pdf,Leg,2017.0,8651 Legs BVA l'Obs,archives/2017/juin/8651-legs-bva-l-obs.pdf,,archives/2017/juin/,http://www.commission-des-sondages.fr/notices/files/notices/2017/juin/8651-legs-bva-l-obs.pdf,/notices/medias/fichiers/add/642,2022-07-08 15:53:52,2017-06-14 15:27:13+02:00
8652-legs-elabe-bfm.pdf,Leg,2017.0,8652 Legs Elabe BFM,archives/2017/juin/8652-legs-elabe-bfm.pdf,,archives/2017/juin/,http://www.commission-des-sondages.fr/notices/files/notices/2017/juin/8652-legs-elabe-bfm.pdf,/notices/medias/fichiers/add/643,2022-07-08 15:53:52,2017-06-15 11:20:21+02:00
8653-legs-odoxa-france-info.pdf,Leg,2017.0,8653 Legs Odoxa France Info,archives/2017/juin/8653-legs-odoxa-france-info.pdf,,archives/2017/juin/,http://www.commission-des-sondages.fr/notices/files/notices/2017/juin/8653-legs-odoxa-france-info.pdf,/notices/medias/fichiers/add/645,2022-07-08 15:53:52,2017-06-15 22:02:33+02:00
8654-legitrack-ow-les-echos-15-juin-2017.pdf,,2017.0,8654 - LégiTrack - OW les échos 15 juin 2017,archives/2017/juin/8654-legitrack-ow-les-echos-15-juin-2017.pdf,,archives/2017/juin/,http://www.commission-des-sondages.fr/notices/files/notices/2017/juin/8654-legitrack-ow-les-echos-15-juin-2017.pdf,/notices/medias/fichiers/add/646,2022-07-08 15:53:52,
8656-legs-hi-lcp.pdf,Leg,2017.0,8656 Legs HI  lcp,archives/2017/juin/8656-legs-hi-lcp.pdf,,archives/2017/juin/,http://www.commission-des-sondages.fr/notices/files/notices/2017/juin/8656-legs-hi-lcp.pdf,/notices/medias/fichiers/add/647,2022-07-08 15:53:52,
8657-landes-3eme-ifop-sus-ouest.pdf,,2017.0,8657 Landes 3ème Ifop Sud-Ouest,archives/2017/juin/8657-landes-3eme-ifop-sus-ouest.pdf,,archives/2017/juin/,http://www.commission-des-sondages.fr/notices/files/notices/2017/juin/8657-landes-3eme-ifop-sus-ouest.pdf,/notices/medias/fichiers/add/648,2022-07-08 15:53:52,2017-06-16 18:28:31+02:00
8659-pres-ifop-jdd-22-oct.pdf,Pres,2017.0,8659 Pres Ifop JDD 22 oct,archives/2017/octobre/8659-pres-ifop-jdd-22-oct.pdf,,archives/2017/octobre/,http://www.commission-des-sondages.fr/notices/files/notices/2017/octobre/8659-pres-ifop-jdd-22-oct.pdf,/notices/medias/fichiers/add/650,2022-07-08 15:54:19,
8760-mun-lille-notice-vdn.pdf,Mun,2017.0,8760 Mun Lille - ifop - VDN,archives/2017/decembre/8760-mun-lille-notice-vdn.pdf,,archives/2017/decembre/,http://www.commission-des-sondages.fr/notices/files/notices/2017/decembre/8760-mun-lille-notice-vdn.pdf,/notices/medias/fichiers/add/651,2022-07-08 15:53:34,2017-12-01 20:10:40+01:00
8761-eur-ifop-le-figaro.pdf,,2017.0,8761 Eur. Ifop Le Figaro,archives/2017/decembre/8761-eur-ifop-le-figaro.pdf,,archives/2017/decembre/,http://www.commission-des-sondages.fr/notices/files/notices/2017/decembre/8761-eur-ifop-le-figaro.pdf,/notices/medias/fichiers/add/652,2022-07-08 15:53:34,2017-12-18 11:44:40+01:00
8762-mun-nice-ifop.pdf,Mun,2018.0,8762 Mun. NIce Ifop,archives/2018/janvier/8762-mun-nice-ifop.pdf,,archives/2018/janvier/,http://www.commission-des-sondages.fr/notices/files/notices/2018/janvier/8762-mun-nice-ifop.pdf,/notices/medias/fichiers/add/654,2022-07-08 15:54:29,2018-01-15 16:40:41+01:00
8674-muni-marseille-ifop-pm.pdf,Mun,2018.0,8674 Muni. Marseille Ifop pm,archives/2018/fevrier/8674-muni-marseille-ifop-pm.pdf,,archives/2018/fevrier/,http://www.commission-des-sondages.fr/notices/files/notices/2018/fevrier/8674-muni-marseille-ifop-pm.pdf,/notices/medias/fichiers/add/655,2022-07-08 15:54:28,2018-02-27 14:20:34+01:00
8765-kantar-le-monde-baro-fn.pdf,,2018.0,8765 KANTAR le Monde Baro FN,archives/2018/mars/8765-kantar-le-monde-baro-fn.pdf,,archives/2018/mars/,http://www.commission-des-sondages.fr/notices/files/notices/2018/mars/8765-kantar-le-monde-baro-fn.pdf,/notices/medias/fichiers/add/656,2022-07-08 15:54:32,2018-03-02 12:50:01+01:00
8766-mun-paris-ifop-jdd.pdf,Mun,2018.0,8766 Mun. Paris IFop JDD,archives/2018/mars/8766-mun-paris-ifop-jdd.pdf,,archives/2018/mars/,http://www.commission-des-sondages.fr/notices/files/notices/2018/mars/8766-mun-paris-ifop-jdd.pdf,/notices/medias/fichiers/add/657,2022-07-08 15:54:32,2018-03-24 18:24:17+01:00
8767-pres-ifop-pm.pdf,Pres,2018.0,8767 Pres Ifop PM,archives/2018/avril/8767-pres-ifop-pm.pdf,,archives/2018/avril/,http://www.commission-des-sondages.fr/notices/files/notices/2018/avril/8767-pres-ifop-pm.pdf,/notices/medias/fichiers/add/658,2022-07-08 15:54:27,2018-04-18 18:23:40+02:00
8768-ref-n-c-i-scope-caledonia.pdf,,2018.0,8768 Réf. N.C. I-scope Calédonia,archives/2018/mai/8768-ref-n-c-i-scope-caledonia.pdf,,archives/2018/mai/,http://www.commission-des-sondages.fr/notices/files/notices/2018/mai/8768-ref-n-c-i-scope-caledonia.pdf,/notices/medias/fichiers/add/659,2022-07-08 15:54:31,2018-04-25 23:49:48+11:00
8769-ref-n-c-quidnovi.pdf,,2018.0,8769 Ref. N–C Quidnovi,archives/2018/mai/8769-ref-n-c-quidnovi.pdf,,archives/2018/mai/,http://www.commission-des-sondages.fr/notices/files/notices/2018/mai/8769-ref-n-c-quidnovi.pdf,/notices/medias/fichiers/add/660,2022-07-08 15:54:31,2018-05-04 17:46:30+11:00
8770-mun-montpellier-ifop-midi-libre.pdf,Mun,2018.0,8770 Mun Montpellier Ifop Midi-Libre ,archives/2018/mai/8770-mun-montpellier-ifop-midi-libre.pdf,,archives/2018/mai/,http://www.commission-des-sondages.fr/notices/files/notices/2018/mai/8770-mun-montpellier-ifop-midi-libre.pdf,/notices/medias/fichiers/add/661,2022-07-08 15:54:31,2018-05-15 15:37:19+02:00
8771-eur-ifop-va.pdf,,2018.0,8771 Eur. IFOP VA,archives/2018/mai/8771-eur-ifop-va.pdf,,archives/2018/mai/,http://www.commission-des-sondages.fr/notices/files/notices/2018/mai/8771-eur-ifop-va.pdf,/notices/medias/fichiers/add/662,2022-07-08 15:54:31,2018-05-18 12:06:59+02:00
8873-eur-hi-lcp-an.pdf,,2018.0,8873 eur HI LCP AN,archives/2018/mai/8873-eur-hi-lcp-an.pdf,,archives/2018/mai/,http://www.commission-des-sondages.fr/notices/files/notices/2018/mai/8873-eur-hi-lcp-an.pdf,/notices/medias/fichiers/add/664,2022-07-08 15:54:31,
8874-europ-elabe-bfm-tv.pdf,,2018.0,8874 Europ. Elabe BFM tv,archives/2018/mai/8874-europ-elabe-bfm-tv.pdf,,archives/2018/mai/,http://www.commission-des-sondages.fr/notices/files/notices/2018/mai/8874-europ-elabe-bfm-tv.pdf,/notices/medias/fichiers/add/665,2022-07-08 15:54:32,2018-05-30 19:13:01+02:00
8775-europ-ifop.pdf,,2018.0,8775 Europ Ifop ,archives/2018/juin/8775-europ-ifop.pdf,,archives/2018/juin/,http://www.commission-des-sondages.fr/notices/files/notices/2018/juin/8775-europ-ifop.pdf,/notices/medias/fichiers/add/666,2022-07-08 15:54:30,2018-06-28 19:25:50+02:00
8776-europ-union-des-droites-bva-l-obs.pdf,,2018.0,8776 Europ Union des droites BVA l'obs,archives/2018/juillet/8776-europ-union-des-droites-bva-l-obs.pdf,,archives/2018/juillet/,http://www.commission-des-sondages.fr/notices/files/notices/2018/juillet/8776-europ-union-des-droites-bva-l-obs.pdf,/notices/medias/fichiers/add/667,2022-07-08 15:54:29,2018-07-04 14:06:47+02:00
8777-eur-ipsos-le-monde-pdf.pdf,,2018.0,8777 Eur. Ipsos le monde pdf,archives/2018/juillet/8777-eur-ipsos-le-monde-pdf.pdf,,archives/2018/juillet/,http://www.commission-des-sondages.fr/notices/files/notices/2018/juillet/8777-eur-ipsos-le-monde-pdf.pdf,/notices/medias/fichiers/add/671,2022-07-08 15:54:30,
8778-nc-iscope-caledonia.pdf,,2018.0,8778 NC Iscope Calédonia,archives/2018/septembre/8778-nc-iscope-caledonia.pdf,,archives/2018/septembre/,http://www.commission-des-sondages.fr/notices/files/notices/2018/septembre/8778-nc-iscope-caledonia.pdf,/notices/medias/fichiers/add/668,2022-07-08 15:54:33,2018-08-25 20:38:52+11:00
8779-nc-quid-novi.pdf,,2018.0,8779 NC Quid novi ,archives/2018/septembre/8779-nc-quid-novi.pdf,,archives/2018/septembre/,http://www.commission-des-sondages.fr/notices/files/notices/2018/septembre/8779-nc-quid-novi.pdf,/notices/medias/fichiers/add/669,2022-07-08 15:54:34,2018-08-29 21:20:26+11:00
8780-eur-ifop-pm.pdf,,2018.0,"8780 Eur. Ifop, PM",archives/2018/septembre/8780-eur-ifop-pm.pdf,,archives/2018/septembre/,http://www.commission-des-sondages.fr/notices/files/notices/2018/septembre/8780-eur-ifop-pm.pdf,/notices/medias/fichiers/add/670,2022-07-08 15:54:33,2018-09-04 16:13:04+02:00
8781-mun-marseille-polling-vox-la-provence.pdf,Mun,2018.0,8781 Mun Marseille Polling vox La provence,archives/2018/septembre/8781-mun-marseille-polling-vox-la-provence.pdf,,archives/2018/septembre/,http://www.commission-des-sondages.fr/notices/files/notices/2018/septembre/8781-mun-marseille-polling-vox-la-provence.pdf,/notices/medias/fichiers/add/672,2022-07-08 15:54:33,
8782-europ-odoxa-le-figaro.pdf,,2018.0,8782 Europ Odoxa le Figaro,archives/2018/septembre/8782-europ-odoxa-le-figaro.pdf,,archives/2018/septembre/,http://www.commission-des-sondages.fr/notices/files/notices/2018/septembre/8782-europ-odoxa-le-figaro.pdf,/notices/medias/fichiers/add/673,2022-07-08 15:54:34,2018-09-13 16:38:58+02:00
8783-municipales-marseille-elabe-la-tribune.pdf,Mun,2018.0,"8783 Municipales Marseille Elabe, La Tribune",archives/2018/septembre/8783-municipales-marseille-elabe-la-tribune.pdf,,archives/2018/septembre/,http://www.commission-des-sondages.fr/notices/files/notices/2018/septembre/8783-municipales-marseille-elabe-la-tribune.pdf,/notices/medias/fichiers/add/674,2022-07-08 15:54:34,2018-09-20 15:35:13+02:00
8784-mun-paris-ifop-jdd.pdf,Mun,2018.0,8784 MUN Paris Ifop JDD,archives/2018/septembre/8784-mun-paris-ifop-jdd.pdf,,archives/2018/septembre/,http://www.commission-des-sondages.fr/notices/files/notices/2018/septembre/8784-mun-paris-ifop-jdd.pdf,/notices/medias/fichiers/add/675,2022-07-08 15:54:34,2018-09-18 14:13:11+02:00
8785-mun-lyon-ifop-lyon-cap-sud-radio.pdf,Mun,2018.0,8785 Mun Lyon IFOP Lyon Cap Sud Radio,archives/2018/octobre/8785-mun-lyon-ifop-lyon-cap-sud-radio.pdf,,archives/2018/octobre/,http://www.commission-des-sondages.fr/notices/files/notices/2018/octobre/8785-mun-lyon-ifop-lyon-cap-sud-radio.pdf,/notices/medias/fichiers/add/676,2022-07-08 15:54:33,2018-10-05 12:44:25+02:00
8786-ref-nc-lh2-france-tv.pdf,,2018.0,8786 Ref NC LH2 France TV,archives/2018/octobre/8786-ref-nc-lh2-france-tv.pdf,,archives/2018/octobre/,http://www.commission-des-sondages.fr/notices/files/notices/2018/octobre/8786-ref-nc-lh2-france-tv.pdf,/notices/medias/fichiers/add/677,2022-07-08 15:54:33,2018-10-05 15:15:24+02:00
8787-mun-paris-villani-ifop-jdd.pdf,Mun,2018.0,8787 Mun. Paris Villani Ifop JDD,archives/2018/octobre/8787-mun-paris-villani-ifop-jdd.pdf,,archives/2018/octobre/,http://www.commission-des-sondages.fr/notices/files/notices/2018/octobre/8787-mun-paris-villani-ifop-jdd.pdf,/notices/medias/fichiers/add/678,2022-07-08 15:54:33,2018-10-24 10:53:37+02:00
8788-eur-ifop-la-lettre-de-l-expansion.pdf,,2018.0,8788 Eur. Ifop La lettre de l'expansion,archives/2018/novembre/8788-eur-ifop-la-lettre-de-l-expansion.pdf,,archives/2018/novembre/,http://www.commission-des-sondages.fr/notices/files/notices/2018/novembre/8788-eur-ifop-la-lettre-de-l-expansion.pdf,/notices/medias/fichiers/add/679,2022-07-08 15:54:32,2018-11-08 12:18:59+01:00
8789-eur-elabe-bfm.pdf,,2018.0,8789 Eur. elabe BFM,archives/2018/novembre/8789-eur-elabe-bfm.pdf,,archives/2018/novembre/,http://www.commission-des-sondages.fr/notices/files/notices/2018/novembre/8789-eur-elabe-bfm.pdf,/notices/medias/fichiers/add/680,2022-07-08 15:54:32,2018-11-12 13:58:54+01:00
8790-eur-ifop-atlantico-14-nov.pdf,,2018.0,8790 eur. Ifop Atlantico 14 nov,archives/2018/novembre/8790-eur-ifop-atlantico-14-nov.pdf,,archives/2018/novembre/,http://www.commission-des-sondages.fr/notices/files/notices/2018/novembre/8790-eur-ifop-atlantico-14-nov.pdf,/notices/medias/fichiers/add/681,2022-07-08 15:54:32,2018-11-20 13:06:37+01:00
8791-eur-ipsos-jdd.pdf,,2018.0,8791 Eur. Ipsos JDD,archives/2018/decembre/8791-eur-ipsos-jdd.pdf,,archives/2018/decembre/,http://www.commission-des-sondages.fr/notices/files/notices/2018/decembre/8791-eur-ipsos-jdd.pdf,/notices/medias/fichiers/add/682,2022-07-08 15:54:28,
8792-eur-bva-pqr.pdf,,2018.0,8792 Eur. BVA PQR,archives/2018/decembre/8792-eur-bva-pqr.pdf,,archives/2018/decembre/,http://www.commission-des-sondages.fr/notices/files/notices/2018/decembre/8792-eur-bva-pqr.pdf,/notices/medias/fichiers/add/683,2022-07-08 15:54:28,2018-12-13 18:01:09+01:00
8793-eur-ifop-l-opinion.pdf,,2018.0,8793 EUR Ifop l'Opinion,archives/2018/decembre/8793-eur-ifop-l-opinion.pdf,,archives/2018/decembre/,http://www.commission-des-sondages.fr/notices/files/notices/2018/decembre/8793-eur-ifop-l-opinion.pdf,/notices/medias/fichiers/add/684,2022-07-08 15:54:28,2018-12-17 16:13:08+01:00
8794-pre-ifop-jdd.pdf,,2018.0,8794 Pre IFOP Jdd,archives/2018/decembre/8794-pre-ifop-jdd.pdf,,archives/2018/decembre/,http://www.commission-des-sondages.fr/notices/files/notices/2018/decembre/8794-pre-ifop-jdd.pdf,/notices/medias/fichiers/add/685,2022-07-08 15:54:28,2018-12-17 16:53:39+01:00
8795-euro-odoxa-france-info.pdf,,2018.0,8795 euro ODOXA France-info,archives/2018/decembre/8795-euro-odoxa-france-info.pdf,,archives/2018/decembre/,http://www.commission-des-sondages.fr/notices/files/notices/2018/decembre/8795-euro-odoxa-france-info.pdf,/notices/medias/fichiers/add/686,2022-07-08 15:54:28,2018-12-21 13:47:17+01:00
8796-eur-elabe-bfmtv.pdf,,2019.0,8796 eur Elabe BFMtv,archives/2019/janvier/8796-eur-elabe-bfmtv.pdf,,archives/2019/janvier/,http://www.commission-des-sondages.fr/notices/files/notices/2019/janvier/8796-eur-elabe-bfmtv.pdf,/notices/medias/fichiers/add/687,2022-07-08 15:54:59,2019-01-23 18:05:44+01:00
8797-eur-ifop-sud-radio.pdf,,2019.0,8797 eur ifop sud radio,archives/2019/janvier/8797-eur-ifop-sud-radio.pdf,,archives/2019/janvier/,http://www.commission-des-sondages.fr/notices/files/notices/2019/janvier/8797-eur-ifop-sud-radio.pdf,/notices/medias/fichiers/add/688,2022-07-08 15:54:59,2019-01-24 18:29:03+01:00
8798-eurotrack-1-owles-echos.pdf,,2019.0,"8798 Eurotrack 1 OWLes  échos,",archives/2019/fevrier/8798-eurotrack-1-owles-echos.pdf,,archives/2019/fevrier/,http://www.commission-des-sondages.fr/notices/files/notices/2019/fevrier/8798-eurotrack-1-owles-echos.pdf,/notices/medias/fichiers/add/689,2022-07-08 15:54:57,
8799-pres-ifop-marianne.pdf,Pres,2019.0,8799 Pres. Ifop Marianne,archives/2019/fevrier/8799-pres-ifop-marianne.pdf,,archives/2019/fevrier/,http://www.commission-des-sondages.fr/notices/files/notices/2019/fevrier/8799-pres-ifop-marianne.pdf,/notices/medias/fichiers/add/690,2022-07-08 15:54:57,2019-02-07 14:57:31+01:00
8800-eur-ifop-pm-sud-radio.pdf,,2019.0,8800 Eur Ifop PM Sud Radio,archives/2019/fevrier/8800-eur-ifop-pm-sud-radio.pdf,,archives/2019/fevrier/,http://www.commission-des-sondages.fr/notices/files/notices/2019/fevrier/8800-eur-ifop-pm-sud-radio.pdf,/notices/medias/fichiers/add/691,2022-07-08 15:54:57,2019-02-20 16:35:37+01:00
8801-euro-primaire-generations-libe.pdf,Prim,2019.0,8801 Euro. Primaire Générations Libé,archives/2019/fevrier/8801-euro-primaire-generations-libe.pdf,,archives/2019/fevrier/,http://www.commission-des-sondages.fr/notices/files/notices/2019/fevrier/8801-euro-primaire-generations-libe.pdf,/notices/medias/fichiers/add/695,2022-07-08 15:54:57,
8802-eur-bva-la-tribune.pdf,,2019.0,8802 Eur BVA La tribune,archives/2019/fevrier/8802-eur-bva-la-tribune.pdf,,archives/2019/fevrier/,http://www.commission-des-sondages.fr/notices/files/notices/2019/fevrier/8802-eur-bva-la-tribune.pdf,/notices/medias/fichiers/add/693,2022-07-08 15:54:58,2019-02-22 18:12:57+01:00
8803-eur-ipsos-cevipof-le-monde.pdf,,2019.0,8803 Eur Ipsos Cevipof Le Monde ,archives/2019/fevrier/8803-eur-ipsos-cevipof-le-monde.pdf,,archives/2019/fevrier/,http://www.commission-des-sondages.fr/notices/files/notices/2019/fevrier/8803-eur-ipsos-cevipof-le-monde.pdf,/notices/medias/fichiers/add/694,2022-07-08 15:54:58,
8804-eur-hi-le-figaro.pdf,,2019.0,8804 Eur. Hi le Figaro,archives/2019/fevrier/8804-eur-hi-le-figaro.pdf,,archives/2019/fevrier/,http://www.commission-des-sondages.fr/notices/files/notices/2019/fevrier/8804-eur-hi-le-figaro.pdf,/notices/medias/fichiers/add/697,2022-07-08 15:54:58,
8805-eur-elabe-bfm.pdf,,2019.0,8805 eur Elabe BFM,archives/2019/fevrier/8805-eur-elabe-bfm.pdf,,archives/2019/fevrier/,http://www.commission-des-sondages.fr/notices/files/notices/2019/fevrier/8805-eur-elabe-bfm.pdf,/notices/medias/fichiers/add/698,2022-07-08 15:54:58,2019-02-27 18:04:01+01:00
eurotrack-v2-ow-la-tribune-28-fevrier-2019.pdf,,2019.0,8806 Eurotrack V2 OW La tribune- 28 février 2019,archives/2019/fevrier/eurotrack-v2-ow-la-tribune-28-fevrier-2019.pdf,,archives/2019/fevrier/,http://www.commission-des-sondages.fr/notices/files/notices/2019/fevrier/eurotrack-v2-ow-la-tribune-28-fevrier-2019.pdf,/notices/medias/fichiers/add/699,2022-07-08 15:54:58,
8807-paris-viavoice-liberation.pdf,,2019.0,8807 Paris Viavoice Libération,archives/2019/mars/8807-paris-viavoice-liberation.pdf,,archives/2019/mars/,http://www.commission-des-sondages.fr/notices/files/notices/2019/mars/8807-paris-viavoice-liberation.pdf,/notices/medias/fichiers/add/700,2022-07-08 15:55:09,2019-03-04 18:21:46+01:00
8808-eur-rolling-ifop-pm.pdf,,2019.0,8808 EUR. rolling V 1 Ifop PM,archives/2019/mars/8808-eur-rolling-ifop-pm.pdf,,archives/2019/mars/,http://www.commission-des-sondages.fr/notices/files/notices/2019/mars/8808-eur-rolling-ifop-pm.pdf,/notices/medias/fichiers/add/701,2022-07-08 15:55:09,2019-03-07 20:54:28+01:00
8809-eur-ifop-rolling2-sud-radio.pdf,,2019.0,8809 eur ifop Rolling2 Sud-Radio,archives/2019/mars/8809-eur-ifop-rolling2-sud-radio.pdf,,archives/2019/mars/,http://www.commission-des-sondages.fr/notices/files/notices/2019/mars/8809-eur-ifop-rolling2-sud-radio.pdf,/notices/medias/fichiers/add/702,2022-07-08 15:55:09,2019-03-08 19:16:47+01:00
8810-marseille-ifop-sud-radio.pdf,,2019.0,8810 marseille Ifop sud Radio,archives/2019/mars/8810-marseille-ifop-sud-radio.pdf,,archives/2019/mars/,http://www.commission-des-sondages.fr/notices/files/notices/2019/mars/8810-marseille-ifop-sud-radio.pdf,/notices/medias/fichiers/add/703,2022-07-08 15:55:09,2019-03-08 20:54:00+01:00
8811-eur-hi-le-figaro-tf1.pdf,,2019.0,8811 Eur HI Le Figaro TF1,archives/2019/mars/8811-eur-hi-le-figaro-tf1.pdf,,archives/2019/mars/,http://www.commission-des-sondages.fr/notices/files/notices/2019/mars/8811-eur-hi-le-figaro-tf1.pdf,/notices/medias/fichiers/add/704,2022-07-08 15:55:10,
8812-eur-roll-3-ifop-pm.pdf,,2019.0,8812 eur roll 3 Ifop PM,archives/2019/mars/8812-eur-roll-3-ifop-pm.pdf,,archives/2019/mars/,http://www.commission-des-sondages.fr/notices/files/notices/2019/mars/8812-eur-roll-3-ifop-pm.pdf,/notices/medias/fichiers/add/705,2022-07-08 15:55:09,2019-03-11 17:02:45+01:00
8813-eur-roll-4-ifop-pm.pdf,,2019.0,8813 eur roll 4 ifop Pm,archives/2019/mars/8813-eur-roll-4-ifop-pm.pdf,,archives/2019/mars/,http://www.commission-des-sondages.fr/notices/files/notices/2019/mars/8813-eur-roll-4-ifop-pm.pdf,/notices/medias/fichiers/add/706,2022-07-08 15:55:09,2019-03-12 15:14:20+01:00
8814-eur-roll-5-ifop-pm.pdf,,2019.0,8814 eur roll 5 ifop pm,archives/2019/mars/8814-eur-roll-5-ifop-pm.pdf,,archives/2019/mars/,http://www.commission-des-sondages.fr/notices/files/notices/2019/mars/8814-eur-roll-5-ifop-pm.pdf,/notices/medias/fichiers/add/707,2022-07-08 15:55:10,2019-03-13 18:56:30+01:00
8815-eur-roll-7-ifop-pmpdf.pdf,,2019.0,8815 eur roll 7 ifop PMpdf,archives/2019/mars/8815-eur-roll-7-ifop-pmpdf.pdf,,archives/2019/mars/,http://www.commission-des-sondages.fr/notices/files/notices/2019/mars/8815-eur-roll-7-ifop-pmpdf.pdf,/notices/medias/fichiers/add/708,2022-07-08 15:55:10,2019-03-14 16:28:02+01:00
8816-eur-roll-7-ifop-pm.pdf,,2019.0,8816 Eur roll 7 Ifop PM,archives/2019/mars/8816-eur-roll-7-ifop-pm.pdf,,archives/2019/mars/,http://www.commission-des-sondages.fr/notices/files/notices/2019/mars/8816-eur-roll-7-ifop-pm.pdf,/notices/medias/fichiers/add/709,2022-07-08 15:55:10,2019-03-15 16:28:44+01:00
8817-eur-roll-8-ifop-pm.pdf,,2019.0,8817 Eur roll 8 Ifop PM,archives/2019/mars/8817-eur-roll-8-ifop-pm.pdf,,archives/2019/mars/,http://www.commission-des-sondages.fr/notices/files/notices/2019/mars/8817-eur-roll-8-ifop-pm.pdf,/notices/medias/fichiers/add/710,2022-07-08 15:55:10,2019-03-18 15:10:43+01:00
8818-eur-roll-9-ifop-pm.pdf,,2019.0,8818 eur roll 9 ifop PM,archives/2019/mars/8818-eur-roll-9-ifop-pm.pdf,,archives/2019/mars/,http://www.commission-des-sondages.fr/notices/files/notices/2019/mars/8818-eur-roll-9-ifop-pm.pdf,/notices/medias/fichiers/add/711,2022-07-08 15:55:11,2019-03-19 12:48:42+01:00
8819-eur-roll-10-ifop-pm.pdf,,2019.0,8819 eur roll 10 Ifop PM,archives/2019/mars/8819-eur-roll-10-ifop-pm.pdf,,archives/2019/mars/,http://www.commission-des-sondages.fr/notices/files/notices/2019/mars/8819-eur-roll-10-ifop-pm.pdf,/notices/medias/fichiers/add/712,2022-07-08 15:55:11,2019-03-20 15:07:05+01:00
8820-eur-roll-11-ifop-pm.pdf,,2019.0,8820 eur. Roll 11 Ifop PM,archives/2019/mars/8820-eur-roll-11-ifop-pm.pdf,,archives/2019/mars/,http://www.commission-des-sondages.fr/notices/files/notices/2019/mars/8820-eur-roll-11-ifop-pm.pdf,/notices/medias/fichiers/add/713,2022-07-08 15:55:11,2019-03-21 16:55:12+01:00
8821-eur-roll-12-ifop-pm.pdf,,2019.0,8821 Eur Roll 12 ifop. PM,archives/2019/mars/8821-eur-roll-12-ifop-pm.pdf,,archives/2019/mars/,http://www.commission-des-sondages.fr/notices/files/notices/2019/mars/8821-eur-roll-12-ifop-pm.pdf,/notices/medias/fichiers/add/714,2022-07-08 15:55:11,2019-03-22 16:01:52+01:00
8823-eur-hi-le-figaro-tf1.pdf,,2019.0,8823 Eur HI le Figaro TF1,archives/2019/mars/8823-eur-hi-le-figaro-tf1.pdf,,archives/2019/mars/,http://www.commission-des-sondages.fr/notices/files/notices/2019/mars/8823-eur-hi-le-figaro-tf1.pdf,/notices/medias/fichiers/add/715,2022-07-08 15:55:12,
8824-eur-bva-orange-la-tribune.pdf,,2019.0,8824 eur Bva Orange la tribune,archives/2019/mars/8824-eur-bva-orange-la-tribune.pdf,,archives/2019/mars/,http://www.commission-des-sondages.fr/notices/files/notices/2019/mars/8824-eur-bva-orange-la-tribune.pdf,/notices/medias/fichiers/add/716,2022-07-08 15:55:11,2019-03-25 13:26:01+01:00
8825-paris-ifop-jdd.pdf,,2019.0,8825 Paris IFOP JDD,archives/2019/mars/8825-paris-ifop-jdd.pdf,,archives/2019/mars/,http://www.commission-des-sondages.fr/notices/files/notices/2019/mars/8825-paris-ifop-jdd.pdf,/notices/medias/fichiers/add/717,2022-07-08 15:55:11,2019-03-25 15:01:44+01:00
8826-eur-roll-13-ifop-pm.pdf,,2019.0,8826 Eur. Roll 13 ifop PM,archives/2019/mars/8826-eur-roll-13-ifop-pm.pdf,,archives/2019/mars/,http://www.commission-des-sondages.fr/notices/files/notices/2019/mars/8826-eur-roll-13-ifop-pm.pdf,/notices/medias/fichiers/add/718,2022-07-08 15:55:12,2019-03-25 15:59:26+01:00
8827-eur-roll-14-ifop-pm.pdf,,2019.0,8827 Eur Roll 14 Ifop PM,archives/2019/mars/8827-eur-roll-14-ifop-pm.pdf,,archives/2019/mars/,http://www.commission-des-sondages.fr/notices/files/notices/2019/mars/8827-eur-roll-14-ifop-pm.pdf,/notices/medias/fichiers/add/719,2022-07-08 15:55:12,2019-03-26 15:49:23+01:00
8828-eur-elabe-bfmtv.pdf,,2019.0,8828 Eur. ELABE BFMtv,archives/2019/mars/8828-eur-elabe-bfmtv.pdf,,archives/2019/mars/,http://www.commission-des-sondages.fr/notices/files/notices/2019/mars/8828-eur-elabe-bfmtv.pdf,/notices/medias/fichiers/add/720,2022-07-08 15:55:12,2019-03-27 15:02:51+01:00
8829-eur-roll-15-ifop-pm.pdf,,2019.0,8829 Eur Roll 15 Ifop PM,archives/2019/mars/8829-eur-roll-15-ifop-pm.pdf,,archives/2019/mars/,http://www.commission-des-sondages.fr/notices/files/notices/2019/mars/8829-eur-roll-15-ifop-pm.pdf,/notices/medias/fichiers/add/721,2022-07-08 15:55:12,2019-03-27 14:18:40+01:00
8830-nice-elabe-nice-matin.pdf,,2019.0,8830 Nice Elabe Nice-Matin ,archives/2019/mars/8830-nice-elabe-nice-matin.pdf,,archives/2019/mars/,http://www.commission-des-sondages.fr/notices/files/notices/2019/mars/8830-nice-elabe-nice-matin.pdf,/notices/medias/fichiers/add/723,2022-07-08 15:55:12,2019-03-29 10:36:54+01:00
8831-eurotrack-3-op-les-echos.pdf,,2019.0,8831 Eurotrack 3 OP Les échos,archives/2019/mars/8831-eurotrack-3-op-les-echos.pdf,,archives/2019/mars/,http://www.commission-des-sondages.fr/notices/files/notices/2019/mars/8831-eurotrack-3-op-les-echos.pdf,/notices/medias/fichiers/add/724,2022-07-08 15:55:13,
8832-eur-roll-16-ifop-pm.pdf,,2019.0,8832 Eur Roll 16 Ifop PM,archives/2019/mars/8832-eur-roll-16-ifop-pm.pdf,,archives/2019/mars/,http://www.commission-des-sondages.fr/notices/files/notices/2019/mars/8832-eur-roll-16-ifop-pm.pdf,/notices/medias/fichiers/add/725,2022-07-08 15:55:13,2019-03-28 16:23:58+01:00
8833-eur-roll-17-ifom-pm.pdf,,2019.0,8833 Eur roll 17 Ifom PM,archives/2019/mars/8833-eur-roll-17-ifom-pm.pdf,,archives/2019/mars/,http://www.commission-des-sondages.fr/notices/files/notices/2019/mars/8833-eur-roll-17-ifom-pm.pdf,/notices/medias/fichiers/add/726,2022-07-08 15:55:13,2019-03-29 16:50:42+01:00
8834-toulon-elabe-nice-matin.pdf,,2019.0,8834 Toulon Elabe Nice-Matin,archives/2019/mars/8834-toulon-elabe-nice-matin.pdf,,archives/2019/mars/,http://www.commission-des-sondages.fr/notices/files/notices/2019/mars/8834-toulon-elabe-nice-matin.pdf,/notices/medias/fichiers/add/727,2022-07-08 15:55:13,2019-03-28 18:43:45+01:00
8835-paris-elabe-le-figaro.pdf,,2019.0,8835 Paris Elabe le Figaro,archives/2019/avril/8835-paris-elabe-le-figaro.pdf,,archives/2019/avril/,http://www.commission-des-sondages.fr/notices/files/notices/2019/avril/8835-paris-elabe-le-figaro.pdf,/notices/medias/fichiers/add/728,2022-07-08 15:54:44,2019-03-31 13:19:25+02:00
8836-eur-roll-18-ifop-pm.pdf,,2019.0,8836 eur Roll 18 Ifop Pm,archives/2019/avril/8836-eur-roll-18-ifop-pm.pdf,,archives/2019/avril/,http://www.commission-des-sondages.fr/notices/files/notices/2019/avril/8836-eur-roll-18-ifop-pm.pdf,/notices/medias/fichiers/add/729,2022-07-08 15:54:44,2019-04-01 16:28:22+02:00
8837-eur-roll-19-ifop-pm.pdf,,2019.0,8837 Eur. Roll 19 Ifop Pm ,archives/2019/avril/8837-eur-roll-19-ifop-pm.pdf,,archives/2019/avril/,http://www.commission-des-sondages.fr/notices/files/notices/2019/avril/8837-eur-roll-19-ifop-pm.pdf,/notices/medias/fichiers/add/730,2022-07-08 15:54:44,2019-04-02 15:46:08+02:00
8838-eur-roll-2a-ifop-pm.pdf,,2019.0,8838 eur. Roll 20 Ifop PM,archives/2019/avril/8838-eur-roll-2a-ifop-pm.pdf,,archives/2019/avril/,http://www.commission-des-sondages.fr/notices/files/notices/2019/avril/8838-eur-roll-2a-ifop-pm.pdf,/notices/medias/fichiers/add/731,2022-07-08 15:54:44,2019-04-03 16:18:27+02:00
8839-eur-roll-ifop-pm.pdf,,2019.0,8839 eur roll 21 Ifop pm,archives/2019/avril/8839-eur-roll-ifop-pm.pdf,,archives/2019/avril/,http://www.commission-des-sondages.fr/notices/files/notices/2019/avril/8839-eur-roll-ifop-pm.pdf,/notices/medias/fichiers/add/732,2022-07-08 15:54:45,2019-04-04 16:29:44+02:00
8840-eur-roll-22-ifop-pm.pdf,,2019.0,8840 Eur Roll 22 Ifop Pm,archives/2019/avril/8840-eur-roll-22-ifop-pm.pdf,,archives/2019/avril/,http://www.commission-des-sondages.fr/notices/files/notices/2019/avril/8840-eur-roll-22-ifop-pm.pdf,/notices/medias/fichiers/add/733,2022-07-08 15:54:45,2019-04-05 15:24:48+02:00
8841-eur-hi-v4-le-figaro-tf1.pdf,,2019.0,8841 eur HI V4 Le figaro TF1,archives/2019/avril/8841-eur-hi-v4-le-figaro-tf1.pdf,,archives/2019/avril/,http://www.commission-des-sondages.fr/notices/files/notices/2019/avril/8841-eur-hi-v4-le-figaro-tf1.pdf,/notices/medias/fichiers/add/734,2022-07-08 15:54:46,
8842-eur-roll23-ifop-pm.pdf,,2019.0,8842 eur roll23 ifop pm,archives/2019/avril/8842-eur-roll23-ifop-pm.pdf,,archives/2019/avril/,http://www.commission-des-sondages.fr/notices/files/notices/2019/avril/8842-eur-roll23-ifop-pm.pdf,/notices/medias/fichiers/add/735,2022-07-08 15:54:45,2019-04-08 15:32:34+02:00
8843-eur-roll-24-ifop-pm.pdf,,2019.0,8843 eur roll 24 ifop PM,archives/2019/avril/8843-eur-roll-24-ifop-pm.pdf,,archives/2019/avril/,http://www.commission-des-sondages.fr/notices/files/notices/2019/avril/8843-eur-roll-24-ifop-pm.pdf,/notices/medias/fichiers/add/736,2022-07-08 15:54:45,2019-04-09 16:25:53+02:00
8844-nimes-ow-objectif-gard.pdf,,2019.0,8844  Nîmes OW objectif gard,archives/2019/avril/8844-nimes-ow-objectif-gard.pdf,,archives/2019/avril/,http://www.commission-des-sondages.fr/notices/files/notices/2019/avril/8844-nimes-ow-objectif-gard.pdf,/notices/medias/fichiers/add/737,2022-07-08 15:54:46,
8845-eur-roll-25-ifop-pm.pdf,,2019.0,8845 eur roll 25 Ifop Pm,archives/2019/avril/8845-eur-roll-25-ifop-pm.pdf,,archives/2019/avril/,http://www.commission-des-sondages.fr/notices/files/notices/2019/avril/8845-eur-roll-25-ifop-pm.pdf,/notices/medias/fichiers/add/738,2022-07-08 15:54:46,2019-04-10 15:58:04+02:00
8846-perpignan-ifop-l-independant.pdf,,2019.0,8846 Perpignan ifop l'indépendant,archives/2019/avril/8846-perpignan-ifop-l-independant.pdf,,archives/2019/avril/,http://www.commission-des-sondages.fr/notices/files/notices/2019/avril/8846-perpignan-ifop-l-independant.pdf,/notices/medias/fichiers/add/739,2022-07-08 15:54:47,2019-04-10 20:17:50+02:00
8847-nice-ifop-c-news.pdf,,2019.0,8847  Nice  Ifop c news,archives/2019/avril/8847-nice-ifop-c-news.pdf,,archives/2019/avril/,http://www.commission-des-sondages.fr/notices/files/notices/2019/avril/8847-nice-ifop-c-news.pdf,/notices/medias/fichiers/add/740,2022-07-08 15:54:48,2019-04-10 20:09:59+02:00
8848-eur-roll-26-ifop-pm.pdf,,2019.0,8848 eur roll 26 ifop Pm,archives/2019/avril/8848-eur-roll-26-ifop-pm.pdf,,archives/2019/avril/,http://www.commission-des-sondages.fr/notices/files/notices/2019/avril/8848-eur-roll-26-ifop-pm.pdf,/notices/medias/fichiers/add/741,2022-07-08 15:54:47,2019-04-11 16:46:25+02:00
8849-eur-bva-la-tribune.pdf,,2019.0,8849 eur Bva La Tribune,archives/2019/avril/8849-eur-bva-la-tribune.pdf,,archives/2019/avril/,http://www.commission-des-sondages.fr/notices/files/notices/2019/avril/8849-eur-bva-la-tribune.pdf,/notices/medias/fichiers/add/742,2022-07-08 15:54:47,2019-04-11 17:26:25+02:00
8850-eur-roll-27-ifop-pm.pdf,,2019.0,8850 eur roll 27 Ifop Pm,archives/2019/avril/8850-eur-roll-27-ifop-pm.pdf,,archives/2019/avril/,http://www.commission-des-sondages.fr/notices/files/notices/2019/avril/8850-eur-roll-27-ifop-pm.pdf,/notices/medias/fichiers/add/743,2022-07-08 15:54:47,2019-04-12 15:56:27+02:00
8851-eur-hi-tf1-le-figaro.pdf,,2019.0,8851 eur hi tf1 le Figaro,archives/2019/avril/8851-eur-hi-tf1-le-figaro.pdf,,archives/2019/avril/,http://www.commission-des-sondages.fr/notices/files/notices/2019/avril/8851-eur-hi-tf1-le-figaro.pdf,/notices/medias/fichiers/add/744,2022-07-08 15:54:48,
8852-eur-roll-28-ifop-pm.pdf,,2019.0,8852 eur roll 28 ifop PM,archives/2019/avril/8852-eur-roll-28-ifop-pm.pdf,,archives/2019/avril/,http://www.commission-des-sondages.fr/notices/files/notices/2019/avril/8852-eur-roll-28-ifop-pm.pdf,/notices/medias/fichiers/add/745,2022-07-08 15:54:48,2019-04-15 16:12:11+02:00
8853-eur-roll-29-ifop-pm.pdf,,2019.0,8853 eur roll 29 Ifop PM,archives/2019/avril/8853-eur-roll-29-ifop-pm.pdf,,archives/2019/avril/,http://www.commission-des-sondages.fr/notices/files/notices/2019/avril/8853-eur-roll-29-ifop-pm.pdf,/notices/medias/fichiers/add/746,2022-07-08 15:54:49,2019-04-16 15:58:20+02:00
8854-eur-roll-30-ifop-pm.pdf,,2019.0,8854 eur roll 30 Ifop PM,archives/2019/avril/8854-eur-roll-30-ifop-pm.pdf,,archives/2019/avril/,http://www.commission-des-sondages.fr/notices/files/notices/2019/avril/8854-eur-roll-30-ifop-pm.pdf,/notices/medias/fichiers/add/747,2022-07-08 15:54:49,2019-04-17 16:09:03+02:00
8855-eur-roll-31-ifop-pm.pdf,,2019.0,8855 eur roll 31 Ifop Pm,archives/2019/avril/8855-eur-roll-31-ifop-pm.pdf,,archives/2019/avril/,http://www.commission-des-sondages.fr/notices/files/notices/2019/avril/8855-eur-roll-31-ifop-pm.pdf,/notices/medias/fichiers/add/748,2022-07-08 15:54:49,2019-04-18 16:39:01+02:00
8856-eur-roll-32-ifop-pm.pdf,,2019.0,8856 eur roll 32 ifop PM ,archives/2019/avril/8856-eur-roll-32-ifop-pm.pdf,,archives/2019/avril/,http://www.commission-des-sondages.fr/notices/files/notices/2019/avril/8856-eur-roll-32-ifop-pm.pdf,/notices/medias/fichiers/add/749,2022-07-08 15:54:49,2019-04-19 15:54:21+02:00
8857-toulouse-ifop-cnews.pdf,,2019.0,8857 Toulouse Ifop CNews,archives/2019/avril/8857-toulouse-ifop-cnews.pdf,,archives/2019/avril/,http://www.commission-des-sondages.fr/notices/files/notices/2019/avril/8857-toulouse-ifop-cnews.pdf,/notices/medias/fichiers/add/750,2022-07-08 15:54:49,2019-04-19 20:15:06+02:00
8858-eur-hi-le-figaro-tf1.pdf,,2019.0,8858 eur Hi le Figaro TF1,archives/2019/avril/8858-eur-hi-le-figaro-tf1.pdf,,archives/2019/avril/,http://www.commission-des-sondages.fr/notices/files/notices/2019/avril/8858-eur-hi-le-figaro-tf1.pdf,/notices/medias/fichiers/add/751,2022-07-08 15:54:50,
8859-eur-roll-33-ifop-pm.pdf,,2019.0,8859 eur roll 33 ifop Pm,archives/2019/avril/8859-eur-roll-33-ifop-pm.pdf,,archives/2019/avril/,http://www.commission-des-sondages.fr/notices/files/notices/2019/avril/8859-eur-roll-33-ifop-pm.pdf,/notices/medias/fichiers/add/752,2022-07-08 15:54:49,2019-04-23 14:58:51+02:00
8860-eur-ipsos-cevipof-le-monde.pdf,,2019.0,8860  eur Ipsos cevipof le Monde,archives/2019/avril/8860-eur-ipsos-cevipof-le-monde.pdf,,archives/2019/avril/,http://www.commission-des-sondages.fr/notices/files/notices/2019/avril/8860-eur-ipsos-cevipof-le-monde.pdf,/notices/medias/fichiers/add/753,2022-07-08 15:54:51,2019-04-23 19:18:58+02:00
8861-eur-roll-34-ifop.pdf,,2019.0,8861 eur roll 34 ifop,archives/2019/avril/8861-eur-roll-34-ifop.pdf,,archives/2019/avril/,http://www.commission-des-sondages.fr/notices/files/notices/2019/avril/8861-eur-roll-34-ifop.pdf,/notices/medias/fichiers/add/754,2022-07-08 15:54:51,2019-04-24 16:29:55+02:00
8862-eur-bva-pqr.pdf,,2019.0,8862 eur Bva  pqr,archives/2019/avril/8862-eur-bva-pqr.pdf,,archives/2019/avril/,http://www.commission-des-sondages.fr/notices/files/notices/2019/avril/8862-eur-bva-pqr.pdf,/notices/medias/fichiers/add/755,2022-07-08 15:54:51,2019-04-24 18:07:00+02:00
8863-eur-ow-les-echos-v4.pdf,,2019.0,8863 eur OW les échos V4,archives/2019/avril/8863-eur-ow-les-echos-v4.pdf,,archives/2019/avril/,http://www.commission-des-sondages.fr/notices/files/notices/2019/avril/8863-eur-ow-les-echos-v4.pdf,/notices/medias/fichiers/add/756,2022-07-08 15:54:51,
8864-eur-roll-335-ifop-pm.pdf,,2019.0,8864 eur roll 35 Ifop PM,archives/2019/avril/8864-eur-roll-335-ifop-pm.pdf,,archives/2019/avril/,http://www.commission-des-sondages.fr/notices/files/notices/2019/avril/8864-eur-roll-335-ifop-pm.pdf,/notices/medias/fichiers/add/757,2022-07-08 15:54:51,2019-04-25 19:46:32+02:00
8865-eur-hi-v7le-figaro.pdf,,2019.0,8865 eur HI  V7Le Figaro ,archives/2019/avril/8865-eur-hi-v7le-figaro.pdf,,archives/2019/avril/,http://www.commission-des-sondages.fr/notices/files/notices/2019/avril/8865-eur-hi-v7le-figaro.pdf,/notices/medias/fichiers/add/758,2022-07-08 15:54:53,
8866-eur-hi-v8-le-figaro.pdf,,2019.0,8866 eur HI V8 le figaro,archives/2019/avril/8866-eur-hi-v8-le-figaro.pdf,,archives/2019/avril/,http://www.commission-des-sondages.fr/notices/files/notices/2019/avril/8866-eur-hi-v8-le-figaro.pdf,/notices/medias/fichiers/add/761,2022-07-08 15:54:53,
8867-eur-hi-v9-le-figaro.pdf,,2019.0,8867 Eur Hi V9 le Figaro,archives/2019/avril/8867-eur-hi-v9-le-figaro.pdf,,archives/2019/avril/,http://www.commission-des-sondages.fr/notices/files/notices/2019/avril/8867-eur-hi-v9-le-figaro.pdf,/notices/medias/fichiers/add/760,2022-07-08 15:54:54,
8868-eur-roll-36-ifop-pm.pdf,,2019.0,8868 eur roll 36 ifop PM,archives/2019/avril/8868-eur-roll-36-ifop-pm.pdf,,archives/2019/avril/,http://www.commission-des-sondages.fr/notices/files/notices/2019/avril/8868-eur-roll-36-ifop-pm.pdf,/notices/medias/fichiers/add/762,2022-07-08 15:54:54,2019-04-29 14:56:32+02:00
8869-eur-roll-37-ifop-pm.pdf,,2019.0,8869 eur roll 37 Ifop PM,archives/2019/avril/8869-eur-roll-37-ifop-pm.pdf,,archives/2019/avril/,http://www.commission-des-sondages.fr/notices/files/notices/2019/avril/8869-eur-roll-37-ifop-pm.pdf,/notices/medias/fichiers/add/763,2022-07-08 15:54:54,2019-04-29 15:02:09+02:00
8870-eur-hi-v10-le-figaro.pdf,,2019.0,8870 eur HI V10 Le Figaro,archives/2019/avril/8870-eur-hi-v10-le-figaro.pdf,,archives/2019/avril/,http://www.commission-des-sondages.fr/notices/files/notices/2019/avril/8870-eur-hi-v10-le-figaro.pdf,/notices/medias/fichiers/add/764,2022-07-08 15:54:56,
8871-eur-elabe-bfmtv.pdf,,2019.0,8871 Eur Elabe BFMtv,archives/2019/avril/8871-eur-elabe-bfmtv.pdf,,archives/2019/avril/,http://www.commission-des-sondages.fr/notices/files/notices/2019/avril/8871-eur-elabe-bfmtv.pdf,/notices/medias/fichiers/add/765,2022-07-08 15:54:55,2019-05-01 02:08:26+02:00
8872-eur-roll-38-ifop-pm.pdf,,2019.0,8872 Eur roll 38 Ifop PM,archives/2019/avril/8872-eur-roll-38-ifop-pm.pdf,,archives/2019/avril/,http://www.commission-des-sondages.fr/notices/files/notices/2019/avril/8872-eur-roll-38-ifop-pm.pdf,/notices/medias/fichiers/add/766,2022-07-08 15:54:55,2019-04-30 15:16:59+02:00
8873-eur-hi-v11-le-figaro.pdf,,2019.0,8873 eur Hi V11 le figaro ,archives/2019/avril/8873-eur-hi-v11-le-figaro.pdf,,archives/2019/avril/,http://www.commission-des-sondages.fr/notices/files/notices/2019/avril/8873-eur-hi-v11-le-figaro.pdf,/notices/medias/fichiers/add/767,2022-07-08 15:54:56,2019-04-30 18:13:42+02:00
8874-eur-hi-v12-le-figaro.pdf,,2019.0,8874 eur HI V12 le Figaro,archives/2019/mai/8874-eur-hi-v12-le-figaro.pdf,,archives/2019/mai/,http://www.commission-des-sondages.fr/notices/files/notices/2019/mai/8874-eur-hi-v12-le-figaro.pdf,/notices/medias/fichiers/add/776,2022-07-08 15:55:00,2019-05-01 16:55:56+02:00
8875-eurotrack-5-ow-les-echos.pdf,,2019.0,8875 eurotrack 5 OW les échos,archives/2019/mai/8875-eurotrack-5-ow-les-echos.pdf,,archives/2019/mai/,http://www.commission-des-sondages.fr/notices/files/notices/2019/mai/8875-eurotrack-5-ow-les-echos.pdf,/notices/medias/fichiers/add/773,2022-07-08 15:55:00,
8876-eur-hi-v13-le-figaro.pdf,,2019.0,8876 eur HI V13 le Figaro,archives/2019/mai/8876-eur-hi-v13-le-figaro.pdf,,archives/2019/mai/,http://www.commission-des-sondages.fr/notices/files/notices/2019/mai/8876-eur-hi-v13-le-figaro.pdf,/notices/medias/fichiers/add/775,2022-07-08 15:55:00,2019-05-02 17:30:38+02:00
8877-eur-bva-la-tribune.pdf,,2019.0,8877 eur BVA la Tribune,archives/2019/mai/8877-eur-bva-la-tribune.pdf,,archives/2019/mai/,http://www.commission-des-sondages.fr/notices/files/notices/2019/mai/8877-eur-bva-la-tribune.pdf,/notices/medias/fichiers/add/774,2022-07-08 15:55:01,2019-05-02 17:38:53+02:00
8878-eur-ifop-roll39-pm.pdf,,2019.0,8878 eur Ifop roll 39  PM,archives/2019/mai/8878-eur-ifop-roll39-pm.pdf,,archives/2019/mai/,http://www.commission-des-sondages.fr/notices/files/notices/2019/mai/8878-eur-ifop-roll39-pm.pdf,/notices/medias/fichiers/add/772,2022-07-08 15:55:01,2019-05-02 14:46:32+02:00
8879-eur-ifop-roll-40-pm.pdf,,2019.0,8879 eur ifop Roll 40 PM,archives/2019/mai/8879-eur-ifop-roll-40-pm.pdf,,archives/2019/mai/,http://www.commission-des-sondages.fr/notices/files/notices/2019/mai/8879-eur-ifop-roll-40-pm.pdf,/notices/medias/fichiers/add/777,2022-07-08 15:55:01,2019-05-03 15:10:34+02:00
8880-eur-hi-v-14-le-figaro.pdf,,2019.0,8880 eur HI V 14 le figaro,archives/2019/mai/8880-eur-hi-v-14-le-figaro.pdf,,archives/2019/mai/,http://www.commission-des-sondages.fr/notices/files/notices/2019/mai/8880-eur-hi-v-14-le-figaro.pdf,/notices/medias/fichiers/add/778,2022-07-08 15:55:02,2019-05-03 18:10:03+02:00
8881-avertissement-de-la-commission.pdf,,2019.0,8881 Avertissement de la commission,archives/2019/mai/8881-avertissement-de-la-commission.pdf,,archives/2019/mai/,http://www.commission-des-sondages.fr/notices/files/notices/2019/mai/8881-avertissement-de-la-commission.pdf,/notices/medias/fichiers/add/780,2022-07-08 15:55:01,
8881-eur-ipsos-francetv.pdf,,2019.0,8881 eur ipsos Francetv,archives/2019/mai/8881-eur-ipsos-francetv.pdf,,archives/2019/mai/,http://www.commission-des-sondages.fr/notices/files/notices/2019/mai/8881-eur-ipsos-francetv.pdf,/notices/medias/fichiers/add/779,2022-07-08 15:55:02,2019-05-04 09:54:06+02:00
8882-avertissement-de-la-commission.pdf,,2019.0,8882 avertissement de la commission,archives/2019/mai/8882-avertissement-de-la-commission.pdf,,archives/2019/mai/,http://www.commission-des-sondages.fr/notices/files/notices/2019/mai/8882-avertissement-de-la-commission.pdf,/notices/medias/fichiers/add/781,2022-07-08 15:55:01,
8882-eur-hi-v15-lci.pdf,,2019.0,8882 eur HI v15 lci,archives/2019/mai/8882-eur-hi-v15-lci.pdf,,archives/2019/mai/,http://www.commission-des-sondages.fr/notices/files/notices/2019/mai/8882-eur-hi-v15-lci.pdf,/notices/medias/fichiers/add/782,2022-07-08 15:55:02,2019-05-04 19:42:13+02:00
8883-eur-hi-v16-le-figaro.pdf,,2019.0,8883 eur HI v16 Le figaro ,archives/2019/mai/8883-eur-hi-v16-le-figaro.pdf,,archives/2019/mai/,http://www.commission-des-sondages.fr/notices/files/notices/2019/mai/8883-eur-hi-v16-le-figaro.pdf,/notices/medias/fichiers/add/783,2022-07-08 15:55:02,2019-05-05 16:48:18+02:00
8884-eur-ifop-roll-41-pmpdf.pdf,,2019.0,8884 Eur ifop roll 41 PMpdf,archives/2019/mai/8884-eur-ifop-roll-41-pmpdf.pdf,,archives/2019/mai/,http://www.commission-des-sondages.fr/notices/files/notices/2019/mai/8884-eur-ifop-roll-41-pmpdf.pdf,/notices/medias/fichiers/add/784,2022-07-08 15:55:02,2019-05-06 16:29:29+02:00
8885-eur-hi-v17-le-figaro.pdf,,2019.0,8885 eur HI V17 le Figaro,archives/2019/mai/8885-eur-hi-v17-le-figaro.pdf,,archives/2019/mai/,http://www.commission-des-sondages.fr/notices/files/notices/2019/mai/8885-eur-hi-v17-le-figaro.pdf,/notices/medias/fichiers/add/785,2022-07-08 15:55:02,2019-05-06 19:51:23+02:00
8886-eur-ifop-roll-42-pm.pdf,,2019.0,8886 eur ifop roll 42 PM,archives/2019/mai/8886-eur-ifop-roll-42-pm.pdf,,archives/2019/mai/,http://www.commission-des-sondages.fr/notices/files/notices/2019/mai/8886-eur-ifop-roll-42-pm.pdf,/notices/medias/fichiers/add/786,2022-07-08 15:55:02,2019-05-07 17:04:11+02:00
8887-hi-vague-18-le-figaro.pdf,,2019.0,8887 HI vague 18 Le figaro,archives/2019/mai/8887-hi-vague-18-le-figaro.pdf,,archives/2019/mai/,http://www.commission-des-sondages.fr/notices/files/notices/2019/mai/8887-hi-vague-18-le-figaro.pdf,/notices/medias/fichiers/add/787,2022-07-08 15:55:03,2019-05-07 16:28:37+02:00
8888-eur-elabe-bfmtv.pdf,,2019.0,8888 eur elabe bfmtv,archives/2019/mai/8888-eur-elabe-bfmtv.pdf,,archives/2019/mai/,http://www.commission-des-sondages.fr/notices/files/notices/2019/mai/8888-eur-elabe-bfmtv.pdf,/notices/medias/fichiers/add/788,2022-07-08 15:55:03,2019-05-07 17:32:13+02:00
8889-eur-hi-v-19-le-figaro.pdf,,2019.0,8889 eur HI V 19 le Figaro,archives/2019/mai/8889-eur-hi-v-19-le-figaro.pdf,,archives/2019/mai/,http://www.commission-des-sondages.fr/notices/files/notices/2019/mai/8889-eur-hi-v-19-le-figaro.pdf,/notices/medias/fichiers/add/790,2022-07-08 15:55:03,2019-05-08 17:56:55+02:00
8890-eurotrack-6-ow-les-echos.pdf,,2019.0,8890 eurotrack 6 OW les échos,archives/2019/mai/8890-eurotrack-6-ow-les-echos.pdf,,archives/2019/mai/,http://www.commission-des-sondages.fr/notices/files/notices/2019/mai/8890-eurotrack-6-ow-les-echos.pdf,/notices/medias/fichiers/add/789,2022-07-08 15:55:03,
8891-eur-ifop-roll-43-pm.pdf,,2019.0,8891 eur Ifop roll 43 PM,archives/2019/mai/8891-eur-ifop-roll-43-pm.pdf,,archives/2019/mai/,http://www.commission-des-sondages.fr/notices/files/notices/2019/mai/8891-eur-ifop-roll-43-pm.pdf,/notices/medias/fichiers/add/791,2022-07-08 15:55:03,2019-05-09 16:50:25+02:00
8892-eur-ifop-roll-44-pm.pdf,,2019.0,8892 eur Ifop roll 44 PM,archives/2019/mai/8892-eur-ifop-roll-44-pm.pdf,,archives/2019/mai/,http://www.commission-des-sondages.fr/notices/files/notices/2019/mai/8892-eur-ifop-roll-44-pm.pdf,/notices/medias/fichiers/add/792,2022-07-08 15:55:03,2019-05-09 16:55:12+02:00
8893-eur-hi-v-20-le-figaro.pdf,,2019.0,8893 eur HI  V 20 le Figaro,archives/2019/mai/8893-eur-hi-v-20-le-figaro.pdf,,archives/2019/mai/,http://www.commission-des-sondages.fr/notices/files/notices/2019/mai/8893-eur-hi-v-20-le-figaro.pdf,/notices/medias/fichiers/add/793,2022-07-08 15:55:03,2019-05-09 18:20:31+02:00
8894-eur-hi-v-21-le-figaro.pdf,,2019.0,8894 eur HI v 21 le Figaro,archives/2019/mai/8894-eur-hi-v-21-le-figaro.pdf,,archives/2019/mai/,http://www.commission-des-sondages.fr/notices/files/notices/2019/mai/8894-eur-hi-v-21-le-figaro.pdf,/notices/medias/fichiers/add/795,2022-07-08 15:55:03,2019-05-10 16:29:16+02:00
8895-eur-ifop-v-45-pm.pdf,,2019.0,8895 eur Ifop V 45 PM,archives/2019/mai/8895-eur-ifop-v-45-pm.pdf,,archives/2019/mai/,http://www.commission-des-sondages.fr/notices/files/notices/2019/mai/8895-eur-ifop-v-45-pm.pdf,/notices/medias/fichiers/add/794,2022-07-08 15:55:04,2019-05-10 15:59:22+02:00
8896-eur-hi-v-22-le-figaro.pdf,,2019.0,8896 eur HI v 22 le Figaro,archives/2019/mai/8896-eur-hi-v-22-le-figaro.pdf,,archives/2019/mai/,http://www.commission-des-sondages.fr/notices/files/notices/2019/mai/8896-eur-hi-v-22-le-figaro.pdf,/notices/medias/fichiers/add/796,2022-07-08 15:55:04,2019-05-11 18:36:01+02:00
8897-eur-hi-v23-le-figaro.pdf,,2019.0,8897 eur HI V23 Le Figaro,archives/2019/mai/8897-eur-hi-v23-le-figaro.pdf,,archives/2019/mai/,http://www.commission-des-sondages.fr/notices/files/notices/2019/mai/8897-eur-hi-v23-le-figaro.pdf,/notices/medias/fichiers/add/797,2022-07-08 15:55:04,2019-05-13 00:20:33+02:00
8898-eur-ifop-rolling-46-pm.pdf,,2019.0,8898 eur Ifop rolling 46 PM,archives/2019/mai/8898-eur-ifop-rolling-46-pm.pdf,,archives/2019/mai/,http://www.commission-des-sondages.fr/notices/files/notices/2019/mai/8898-eur-ifop-rolling-46-pm.pdf,/notices/medias/fichiers/add/798,2022-07-08 15:55:04,2019-05-13 16:32:32+02:00
8899-eur-hi-v-24-le-figaro.pdf,,2019.0,8899 eur HI V 24 Le Figaro,archives/2019/mai/8899-eur-hi-v-24-le-figaro.pdf,,archives/2019/mai/,http://www.commission-des-sondages.fr/notices/files/notices/2019/mai/8899-eur-hi-v-24-le-figaro.pdf,/notices/medias/fichiers/add/799,2022-07-08 15:55:04,2019-05-13 17:36:57+02:00
8900-eur-kantar-la-croix-14-mai.pdf,,2019.0,8900 eur Kantar la Croix 14 mai,archives/2019/mai/8900-eur-kantar-la-croix-14-mai.pdf,,archives/2019/mai/,http://www.commission-des-sondages.fr/notices/files/notices/2019/mai/8900-eur-kantar-la-croix-14-mai.pdf,/notices/medias/fichiers/add/800,2022-07-08 15:55:05,2019-05-14 17:13:25+02:00
8901-eur-ifop-rolling-47-pm.pdf,,2019.0,8901 eur Ifop rolling 47 PM,archives/2019/mai/8901-eur-ifop-rolling-47-pm.pdf,,archives/2019/mai/,http://www.commission-des-sondages.fr/notices/files/notices/2019/mai/8901-eur-ifop-rolling-47-pm.pdf,/notices/medias/fichiers/add/801,2022-07-08 15:55:04,2019-05-14 16:31:19+02:00
8902-eur-elabe-bfm.pdf,,2019.0,8902 eur Elabe BFM,archives/2019/mai/8902-eur-elabe-bfm.pdf,,archives/2019/mai/,http://www.commission-des-sondages.fr/notices/files/notices/2019/mai/8902-eur-elabe-bfm.pdf,/notices/medias/fichiers/add/802,2022-07-08 15:55:05,2019-05-14 21:07:28+02:00
8903-eur-hi-v-25-le-figaro.pdf,,2019.0,8903 eur HI V 25 Le Figaro,archives/2019/mai/8903-eur-hi-v-25-le-figaro.pdf,,archives/2019/mai/,http://www.commission-des-sondages.fr/notices/files/notices/2019/mai/8903-eur-hi-v-25-le-figaro.pdf,/notices/medias/fichiers/add/803,2022-07-08 15:55:05,2019-05-14 12:11:14+02:00
8904-eur-hi-v26-le-figaro.pdf,,2019.0,8904 eur HI V26 Le Figaro,archives/2019/mai/8904-eur-hi-v26-le-figaro.pdf,,archives/2019/mai/,http://www.commission-des-sondages.fr/notices/files/notices/2019/mai/8904-eur-hi-v26-le-figaro.pdf,/notices/medias/fichiers/add/807,2022-07-08 15:55:05,2019-05-15 16:48:37+02:00
8905-eur-ifop-rolling-48-pm.pdf,,2019.0,8905 eur Ifop rolling 48  PM,archives/2019/mai/8905-eur-ifop-rolling-48-pm.pdf,,archives/2019/mai/,http://www.commission-des-sondages.fr/notices/files/notices/2019/mai/8905-eur-ifop-rolling-48-pm.pdf,/notices/medias/fichiers/add/805,2022-07-08 15:55:05,2019-05-15 15:52:24+02:00
8906-eur-ow-eurotrack-7-les-echos.pdf,,2019.0,8906 eur OW eurotrack  7 les Échos,archives/2019/mai/8906-eur-ow-eurotrack-7-les-echos.pdf,,archives/2019/mai/,http://www.commission-des-sondages.fr/notices/files/notices/2019/mai/8906-eur-ow-eurotrack-7-les-echos.pdf,/notices/medias/fichiers/add/804,2022-07-08 15:55:05,
8907-eur-ifop-rolling-49-pm.pdf,,2019.0,8907 eur Ifop rolling 49  PM,archives/2019/mai/8907-eur-ifop-rolling-49-pm.pdf,,archives/2019/mai/,http://www.commission-des-sondages.fr/notices/files/notices/2019/mai/8907-eur-ifop-rolling-49-pm.pdf,/notices/medias/fichiers/add/806,2022-07-08 15:55:05,2019-05-16 16:18:07+02:00
8908-mun-toulouse-elabe-la-tribune.pdf,Mun,2019.0,8908 Mun. Toulouse elabe La Tribune ,archives/2019/mai/8908-mun-toulouse-elabe-la-tribune.pdf,,archives/2019/mai/,http://www.commission-des-sondages.fr/notices/files/notices/2019/mai/8908-mun-toulouse-elabe-la-tribune.pdf,/notices/medias/fichiers/add/810,2022-07-08 15:55:06,2019-05-16 17:40:05+02:00
8909-eur-hi-v-27-le-figaro.pdf,,2019.0,8909 eur HI V 28 le Figaro,archives/2019/mai/8909-eur-hi-v-27-le-figaro.pdf,,archives/2019/mai/,http://www.commission-des-sondages.fr/notices/files/notices/2019/mai/8909-eur-hi-v-27-le-figaro.pdf,/notices/medias/fichiers/add/809,2022-07-08 15:55:06,2019-05-17 16:40:18+02:00
8910-eur-ifop-roll-50-pm.pdf,,2019.0,8910 eur ifop roll 50 PM,archives/2019/mai/8910-eur-ifop-roll-50-pm.pdf,,archives/2019/mai/,http://www.commission-des-sondages.fr/notices/files/notices/2019/mai/8910-eur-ifop-roll-50-pm.pdf,/notices/medias/fichiers/add/808,2022-07-08 15:55:06,2019-05-17 15:36:18+02:00
8911-eur-ipsos-le-monde.pdf,,2019.0,8911 eur Ipsos Le Monde,archives/2019/mai/8911-eur-ipsos-le-monde.pdf,,archives/2019/mai/,http://www.commission-des-sondages.fr/notices/files/notices/2019/mai/8911-eur-ipsos-le-monde.pdf,/notices/medias/fichiers/add/827,,
8912-eur-hi-v29-le-figaro.pdf,,2019.0,8912 eur Hi v29 Le Figaro,archives/2019/mai/8912-eur-hi-v29-le-figaro.pdf,,archives/2019/mai/,http://www.commission-des-sondages.fr/notices/files/notices/2019/mai/8912-eur-hi-v29-le-figaro.pdf,/notices/medias/fichiers/add/811,2022-07-08 15:55:06,2019-05-18 20:02:00+02:00
8913-eur-hi-v30-le-figaro.pdf,,2019.0,8913 eur HI  V30 le Figaro,archives/2019/mai/8913-eur-hi-v30-le-figaro.pdf,,archives/2019/mai/,http://www.commission-des-sondages.fr/notices/files/notices/2019/mai/8913-eur-hi-v30-le-figaro.pdf,/notices/medias/fichiers/add/812,2022-07-08 15:55:07,2019-05-19 16:57:45+02:00
8914-eur-ifop-roll-51-pm.pdf,,2019.0,8914 eur Ifop roll 51 PM,archives/2019/mai/8914-eur-ifop-roll-51-pm.pdf,,archives/2019/mai/,http://www.commission-des-sondages.fr/notices/files/notices/2019/mai/8914-eur-ifop-roll-51-pm.pdf,/notices/medias/fichiers/add/813,2022-07-08 15:55:07,2019-05-20 16:30:06+02:00
8915-eur-ifop-roll-52-pm.pdf,,2019.0,8915 eur Ifop roll 52 PM,archives/2019/mai/8915-eur-ifop-roll-52-pm.pdf,,archives/2019/mai/,http://www.commission-des-sondages.fr/notices/files/notices/2019/mai/8915-eur-ifop-roll-52-pm.pdf,/notices/medias/fichiers/add/814,2022-07-08 15:55:07,2019-05-21 16:30:02+02:00
8916-eur-hi-v32-le-figaro.pdf,,2019.0,8916 eur HI V32 le Figaro,archives/2019/mai/8916-eur-hi-v32-le-figaro.pdf,,archives/2019/mai/,http://www.commission-des-sondages.fr/notices/files/notices/2019/mai/8916-eur-hi-v32-le-figaro.pdf,/notices/medias/fichiers/add/816,2022-07-08 15:55:07,2019-05-21 16:29:53+02:00
8917-eur-bva-pqr.pdf,,2019.0,8917 eur Bva Pqr,archives/2019/mai/8917-eur-bva-pqr.pdf,,archives/2019/mai/,http://www.commission-des-sondages.fr/notices/files/notices/2019/mai/8917-eur-bva-pqr.pdf,/notices/medias/fichiers/add/815,2022-07-08 15:55:07,2019-05-21 18:53:20+02:00
8918-eur-elabe-bfm.pdf,,2019.0,8918 eur Elabe BFM,archives/2019/mai/8918-eur-elabe-bfm.pdf,,archives/2019/mai/,http://www.commission-des-sondages.fr/notices/files/notices/2019/mai/8918-eur-elabe-bfm.pdf,/notices/medias/fichiers/add/817,2022-07-08 15:55:07,2019-05-21 16:22:06+02:00
8919-eur-hi-v31-le-figaro.pdf,,2019.0,8919 eur HI V31 Le Figaro,archives/2019/mai/8919-eur-hi-v31-le-figaro.pdf,,archives/2019/mai/,http://www.commission-des-sondages.fr/notices/files/notices/2019/mai/8919-eur-hi-v31-le-figaro.pdf,/notices/medias/fichiers/add/826,2022-07-08 15:55:07,2019-05-21 16:42:55+02:00
8920-ifop-roll-53-pm.pdf,,2019.0,8920 Ifop Roll 53 Pm,archives/2019/mai/8920-ifop-roll-53-pm.pdf,,archives/2019/mai/,http://www.commission-des-sondages.fr/notices/files/notices/2019/mai/8920-ifop-roll-53-pm.pdf,/notices/medias/fichiers/add/819,2022-07-08 15:55:08,2019-05-22 16:46:08+02:00
8921-eur-hi-v33-le-figaro.pdf,,2019.0,8921 eur Hi V33 le Figaro,archives/2019/mai/8921-eur-hi-v33-le-figaro.pdf,,archives/2019/mai/,http://www.commission-des-sondages.fr/notices/files/notices/2019/mai/8921-eur-hi-v33-le-figaro.pdf,/notices/medias/fichiers/add/820,2022-07-08 15:55:08,2019-05-22 18:10:03+02:00
8922-eur-ipsos-france-tv.pdf,,2019.0,8922 eur Ipsos France TV,archives/2019/mai/8922-eur-ipsos-france-tv.pdf,,archives/2019/mai/,http://www.commission-des-sondages.fr/notices/files/notices/2019/mai/8922-eur-ipsos-france-tv.pdf,/notices/medias/fichiers/add/823,2022-07-08 15:55:08,
8923-eur-ow-eurotrack-v8.pdf,,2019.0,8923 eur OW eurotrack V8 les Echos,archives/2019/mai/8923-eur-ow-eurotrack-v8.pdf,,archives/2019/mai/,http://www.commission-des-sondages.fr/notices/files/notices/2019/mai/8923-eur-ow-eurotrack-v8.pdf,/notices/medias/fichiers/add/821,2022-07-08 15:55:08,
8924-hi-v34-le-figaro.pdf,,2019.0,8924 hI V34 Le Figaro,archives/2019/mai/8924-hi-v34-le-figaro.pdf,,archives/2019/mai/,http://www.commission-des-sondages.fr/notices/files/notices/2019/mai/8924-hi-v34-le-figaro.pdf,/notices/medias/fichiers/add/824,2022-07-08 15:55:08,2019-05-24 15:53:39+02:00
8925-eur-ifop-roll-54-pm.pdf,,2019.0,8925 eur Ifop roll 54 PM,archives/2019/mai/8925-eur-ifop-roll-54-pm.pdf,,archives/2019/mai/,http://www.commission-des-sondages.fr/notices/files/notices/2019/mai/8925-eur-ifop-roll-54-pm.pdf,/notices/medias/fichiers/add/822,2022-07-08 15:55:09,2019-05-23 17:10:46+02:00
8926-eur-ifop-roll-55-pm.pdf,,2019.0,8926 eur Ifop Roll 55 Pm,archives/2019/mai/8926-eur-ifop-roll-55-pm.pdf,,archives/2019/mai/,http://www.commission-des-sondages.fr/notices/files/notices/2019/mai/8926-eur-ifop-roll-55-pm.pdf,/notices/medias/fichiers/add/828,2022-07-08 15:55:09,2019-05-24 16:25:32+02:00
8927-eur-elabe-bfm-tv.pdf,,2019.0,8927 eur elabe BFM tv,archives/2019/mai/8927-eur-elabe-bfm-tv.pdf,,archives/2019/mai/,http://www.commission-des-sondages.fr/notices/files/notices/2019/mai/8927-eur-elabe-bfm-tv.pdf,/notices/medias/fichiers/add/829,2022-07-08 15:55:09,2019-05-24 19:14:37+02:00
8928-reg-ara-ow-la-tribune.pdf,,2019.0,8928 reg ARA OW La Tribune,archives/2019/juin/8928-reg-ara-ow-la-tribune.pdf,,archives/2019/juin/,http://www.commission-des-sondages.fr/notices/files/notices/2019/juin/8928-reg-ara-ow-la-tribune.pdf,/notices/medias/fichiers/add/830,2022-07-08 15:55:00,
8929-paris-bva-la-tribune.pdf,,2019.0,8929 Paris BVA La tribune,archives/2019/juin/8929-paris-bva-la-tribune.pdf,,archives/2019/juin/,http://www.commission-des-sondages.fr/notices/files/notices/2019/juin/8929-paris-bva-la-tribune.pdf,/notices/medias/fichiers/add/832,2022-07-08 15:55:00,2019-06-20 22:05:09+02:00
8930-1-bordeaux-ifop-sud-o.pdf,,2019.0,8930-1 Bordeaux Ifop Esprit Bdx,archives/2019/juin/8930-1-bordeaux-ifop-sud-o.pdf,,archives/2019/juin/,http://www.commission-des-sondages.fr/notices/files/notices/2019/juin/8930-1-bordeaux-ifop-sud-o.pdf,/notices/medias/fichiers/add/839,2022-07-08 15:55:00,2019-08-02 17:05:41+02:00
8930-bordeaux-ifop-sud-ouest-mai-2019.pdf,,2019.0,8930 Bordeaux Ifop esprit bordeaux Mai 2019,archives/2019/juin/8930-bordeaux-ifop-sud-ouest-mai-2019.pdf,,archives/2019/juin/,http://www.commission-des-sondages.fr/notices/files/notices/2019/juin/8930-bordeaux-ifop-sud-ouest-mai-2019.pdf,/notices/medias/fichiers/add/833,2022-07-08 15:55:00,2019-06-24 18:36:41+02:00
8931-marseille-polling-vox-la-provence.pdf,,2019.0,8931 Marseille Polling Vox la Provence,archives/2019/juillet/8931-marseille-polling-vox-la-provence.pdf,,archives/2019/juillet/,http://www.commission-des-sondages.fr/notices/files/notices/2019/juillet/8931-marseille-polling-vox-la-provence.pdf,/notices/medias/fichiers/add/834,2022-07-08 15:54:59,
8932-nancy-ifop-est-republicain.pdf,,2019.0,8932 Nancy Ifop Est Républicain,archives/2019/juillet/8932-nancy-ifop-est-republicain.pdf,,archives/2019/juillet/,http://www.commission-des-sondages.fr/notices/files/notices/2019/juillet/8932-nancy-ifop-est-republicain.pdf,/notices/medias/fichiers/add/835,2022-07-08 15:54:59,2019-07-05 19:04:48+02:00
8933-paris-ifop-villani.pdf,,2019.0,8933 Paris Ifop Villani,archives/2019/juillet/8933-paris-ifop-villani.pdf,,archives/2019/juillet/,http://www.commission-des-sondages.fr/notices/files/notices/2019/juillet/8933-paris-ifop-villani.pdf,/notices/medias/fichiers/add/836,2022-07-08 15:54:59,2019-07-10 12:23:32+02:00
notice-a-la-commission-des-sondages-paris-15-juillet-2019.pdf,,2019.0,"8934 Paris XV, OW Le Parisien",archives/2019/juillet/notice-a-la-commission-des-sondages-paris-15-juillet-2019.pdf,,archives/2019/juillet/,http://www.commission-des-sondages.fr/notices/files/notices/2019/juillet/notice-a-la-commission-des-sondages-paris-15-juillet-2019.pdf,/notices/medias/fichiers/add/837,2022-07-08 15:54:59,
8935-nantes-ifop-ps.pdf,,2019.0,8935 Nantes Ifop PS ,archives/2019/aout/8935-nantes-ifop-ps.pdf,,archives/2019/aout/,http://www.commission-des-sondages.fr/notices/files/notices/2019/aout/8935-nantes-ifop-ps.pdf,/notices/medias/fichiers/add/845,2022-07-08 15:54:43,2019-07-09 10:58:55+02:00
8936-bordeaux-ifop-mai-2018-co-te-juppe.pdf,,2019.0,8936 Bordeaux Ifop Mai 2018 Côté Juppé,archives/2019/aout/8936-bordeaux-ifop-mai-2018-co-te-juppe.pdf,,archives/2019/aout/,http://www.commission-des-sondages.fr/notices/files/notices/2019/aout/8936-bordeaux-ifop-mai-2018-co-te-juppe.pdf,/notices/medias/fichiers/add/843,2022-07-08 15:54:43,2019-08-02 17:00:40+02:00
8937-metz-ifop-lrem.pdf,,2019.0,8937 Metz Ifop lrem,archives/2019/aout/8937-metz-ifop-lrem.pdf,,archives/2019/aout/,http://www.commission-des-sondages.fr/notices/files/notices/2019/aout/8937-metz-ifop-lrem.pdf,/notices/medias/fichiers/add/844,2022-07-08 15:54:44,2019-08-02 17:48:55+02:00
8938-reims-ifop-le-figaro.pdf,,2019.0,8938-Reims-Ifop-Le-Figaro,archives/2019/aout/8938-reims-ifop-le-figaro.pdf,,archives/2019/aout/,http://www.commission-des-sondages.fr/notices/files/notices/2019/aout/8938-reims-ifop-le-figaro.pdf,/notices/medias/fichiers/add/866,2022-07-08 15:54:44,2019-09-13 11:57:13+02:00
8939-paris-ifop-jdd.pdf,,2019.0,8939 Paris Ifop Jdd,archives/2019/septembre/8939-paris-ifop-jdd.pdf,,archives/2019/septembre/,http://www.commission-des-sondages.fr/notices/files/notices/2019/septembre/8939-paris-ifop-jdd.pdf,/notices/medias/fichiers/add/847,2022-07-08 15:55:15,2019-09-16 14:23:29+02:00
8940-montpellier-bva-lcp.pdf,,2019.0,8940 Montpellier Bva Lcp,archives/2019/septembre/8940-montpellier-bva-lcp.pdf,,archives/2019/septembre/,http://www.commission-des-sondages.fr/notices/files/notices/2019/septembre/8940-montpellier-bva-lcp.pdf,/notices/medias/fichiers/add/848,2022-07-08 15:55:15,2019-09-19 22:51:49+02:00
8941-la-reunion-sagis-journal-de-lile.pdf,,2019.0,8941 la réunion Sagis Journal de lîle,archives/2019/septembre/8941-la-reunion-sagis-journal-de-lile.pdf,,archives/2019/septembre/,http://www.commission-des-sondages.fr/notices/files/notices/2019/septembre/8941-la-reunion-sagis-journal-de-lile.pdf,/notices/medias/fichiers/add/849,2022-07-08 15:55:15,2019-09-18 16:04:16+04:00
8942-paris-ipsos-le-figaro.pdf,,2019.0,8942 Paris Ipsos Le Figaro,archives/2019/septembre/8942-paris-ipsos-le-figaro.pdf,,archives/2019/septembre/,http://www.commission-des-sondages.fr/notices/files/notices/2019/septembre/8942-paris-ipsos-le-figaro.pdf,/notices/medias/fichiers/add/850,2022-07-08 15:55:15,2019-09-23 18:15:23+02:00
8943-marseille-elabe-la-tribune.pdf,,2019.0,8943 Marseille Elabe La Tribune,archives/2019/septembre/8943-marseille-elabe-la-tribune.pdf,,archives/2019/septembre/,http://www.commission-des-sondages.fr/notices/files/notices/2019/septembre/8943-marseille-elabe-la-tribune.pdf,/notices/medias/fichiers/add/851,2022-07-08 15:55:16,2019-09-26 17:59:26+02:00
8052-presidentielle-elabe-bfmtv.pdf,Pres,2019.0,8052 Présidentielle elabe BFMTV ,archives/2019/octobre/8052-presidentielle-elabe-bfmtv.pdf,,archives/2019/octobre/,http://www.commission-des-sondages.fr/notices/files/notices/2019/octobre/8052-presidentielle-elabe-bfmtv.pdf,/notices/medias/fichiers/add/962,2022-07-08 15:55:14,2019-10-30 16:53:50+01:00
8944-perpignan-ifop-lr.pdf,,2019.0,8944 Perpignan Ifop LR,archives/2019/octobre/8944-perpignan-ifop-lr.pdf,,archives/2019/octobre/,http://www.commission-des-sondages.fr/notices/files/notices/2019/octobre/8944-perpignan-ifop-lr.pdf,/notices/medias/fichiers/add/852,2022-07-08 15:55:14,2019-10-02 11:24:07+02:00
8945-caen-ifop-lr.pdf,,2019.0,8945 Caen Ifop  LR,archives/2019/octobre/8945-caen-ifop-lr.pdf,,archives/2019/octobre/,http://www.commission-des-sondages.fr/notices/files/notices/2019/octobre/8945-caen-ifop-lr.pdf,/notices/medias/fichiers/add/853,2022-07-08 15:55:14,2019-10-02 18:38:38+02:00
8946-grenoble-odoxa-la-tribune.pdf,,2019.0,8946 Grenoble Odoxa La Tribune,archives/2019/octobre/8946-grenoble-odoxa-la-tribune.pdf,,archives/2019/octobre/,http://www.commission-des-sondages.fr/notices/files/notices/2019/octobre/8946-grenoble-odoxa-la-tribune.pdf,/notices/medias/fichiers/add/854,2022-07-08 15:55:14,2019-10-03 18:45:52+02:00
8947-bordeaux-elabe-la-tribune.pdf,,2019.0,8947 Bordeaux Elabe la tribune,archives/2019/octobre/8947-bordeaux-elabe-la-tribune.pdf,,archives/2019/octobre/,http://www.commission-des-sondages.fr/notices/files/notices/2019/octobre/8947-bordeaux-elabe-la-tribune.pdf,/notices/medias/fichiers/add/855,2022-07-08 15:55:15,2019-10-08 20:59:06+02:00
8948-le-risque-populiste-oct-2019-ow-fondapol.pdf,,2019.0,8948 le risque populiste - Oct 2019 OW Fondapol,archives/2019/octobre/8948-le-risque-populiste-oct-2019-ow-fondapol.pdf,,archives/2019/octobre/,http://www.commission-des-sondages.fr/notices/files/notices/2019/octobre/8948-le-risque-populiste-oct-2019-ow-fondapol.pdf,/notices/medias/fichiers/add/856,2022-07-08 15:55:15,
8949-les-sables-ifop-journal-des-sables.pdf,,2019.0,8949 Les Sables Ifop Journal des Sables,archives/2019/octobre/8949-les-sables-ifop-journal-des-sables.pdf,,archives/2019/octobre/,http://www.commission-des-sondages.fr/notices/files/notices/2019/octobre/8949-les-sables-ifop-journal-des-sables.pdf,/notices/medias/fichiers/add/857,2022-07-08 15:55:15,2019-10-15 18:08:07+02:00
8950-nice-ipsos-nice-matin.pdf,,2019.0,8950 Nice Ipsos Nice-Matin,archives/2019/octobre/8950-nice-ipsos-nice-matin.pdf,,archives/2019/octobre/,http://www.commission-des-sondages.fr/notices/files/notices/2019/octobre/8950-nice-ipsos-nice-matin.pdf,/notices/medias/fichiers/add/858,2022-07-08 15:55:15,2019-10-15 19:11:56+02:00
8951-lyon-et-metropole-ow-lyon-mag.pdf,,2019.0,8951 Lyon et Métropole OW Lyon mag,archives/2019/octobre/8951-lyon-et-metropole-ow-lyon-mag.pdf,,archives/2019/octobre/,http://www.commission-des-sondages.fr/notices/files/notices/2019/octobre/8951-lyon-et-metropole-ow-lyon-mag.pdf,/notices/medias/fichiers/add/865,2022-07-08 15:55:15,
8953-pres-ifop-jdd.pdf,Pres,2019.0,8953 Pres Ifop JDD,archives/2019/novembre/8953-pres-ifop-jdd.pdf,,archives/2019/novembre/,http://www.commission-des-sondages.fr/notices/files/notices/2019/novembre/8953-pres-ifop-jdd.pdf,/notices/medias/fichiers/add/860,2022-07-08 15:55:13,2019-11-07 10:41:03+01:00
8954-metz-ow-le-rep-lorrain.pdf,,2019.0,8954 Metz OW le Rép Lorrain ,archives/2019/novembre/8954-metz-ow-le-rep-lorrain.pdf,,archives/2019/novembre/,http://www.commission-des-sondages.fr/notices/files/notices/2019/novembre/8954-metz-ow-le-rep-lorrain.pdf,/notices/medias/fichiers/add/861,2022-07-08 15:55:13,
8955-le-havre-ifop-lrem.pdf,,2019.0,8955 Le Havre Ifop LREM,archives/2019/novembre/8955-le-havre-ifop-lrem.pdf,,archives/2019/novembre/,http://www.commission-des-sondages.fr/notices/files/notices/2019/novembre/8955-le-havre-ifop-lrem.pdf,/notices/medias/fichiers/add/862,2022-07-08 15:55:13,2019-11-13 17:09:44+01:00
8956-marseille-ifop-lr.pdf,,2019.0,8956 Marseille Ifop LR,archives/2019/novembre/8956-marseille-ifop-lr.pdf,,archives/2019/novembre/,http://www.commission-des-sondages.fr/notices/files/notices/2019/novembre/8956-marseille-ifop-lr.pdf,/notices/medias/fichiers/add/863,2022-07-08 15:55:13,2019-11-13 11:59:42+01:00
8957-paris-ow-abg.pdf,,2019.0,8957 Paris OW. ABG,archives/2019/novembre/8957-paris-ow-abg.pdf,,archives/2019/novembre/,http://www.commission-des-sondages.fr/notices/files/notices/2019/novembre/8957-paris-ow-abg.pdf,/notices/medias/fichiers/add/864,2022-07-08 15:55:13,
8958-paris-ifop-villani.pdf,,2019.0,8958 Paris Ifop Villani,archives/2019/novembre/8958-paris-ifop-villani.pdf,,archives/2019/novembre/,http://www.commission-des-sondages.fr/notices/files/notices/2019/novembre/8958-paris-ifop-villani.pdf,/notices/medias/fichiers/add/867,2022-07-08 15:55:14,2019-11-21 15:17:18+01:00
8959-lyon-ifop-lord-nelson.pdf,,2019.0,8959 lyon ifop Lord Nelson,archives/2019/novembre/8959-lyon-ifop-lord-nelson.pdf,,archives/2019/novembre/,http://www.commission-des-sondages.fr/notices/files/notices/2019/novembre/8959-lyon-ifop-lord-nelson.pdf,/notices/medias/fichiers/add/868,2022-07-08 15:55:14,2019-11-22 11:05:32+01:00
8960-metropole-lyonnaise-ipsos-le-proges.pdf,,2019.0,8960 Métropole lyonnaise Ipsos Le progès ,archives/2019/novembre/8960-metropole-lyonnaise-ipsos-le-proges.pdf,,archives/2019/novembre/,http://www.commission-des-sondages.fr/notices/files/notices/2019/novembre/8960-metropole-lyonnaise-ipsos-le-proges.pdf,/notices/medias/fichiers/add/869,2022-07-08 15:55:14,2019-11-13 15:51:42+01:00
8961-argenteuil-cap-heloise-opinion-way.pdf,,2019.0,8961 Argenteuil Cap Héloïse Opinion Way ,archives/2019/novembre/8961-argenteuil-cap-heloise-opinion-way.pdf,,archives/2019/novembre/,http://www.commission-des-sondages.fr/notices/files/notices/2019/novembre/8961-argenteuil-cap-heloise-opinion-way.pdf,/notices/medias/fichiers/add/870,2022-07-08 15:55:14,
8962-lyon-et-metro-ow-lyon-mag.pdf,,2019.0,8962 Lyon et métro OW Lyon Mag,archives/2019/novembre/8962-lyon-et-metro-ow-lyon-mag.pdf,,archives/2019/novembre/,http://www.commission-des-sondages.fr/notices/files/notices/2019/novembre/8962-lyon-et-metro-ow-lyon-mag.pdf,/notices/medias/fichiers/add/871,2022-07-08 15:55:14,
8963-montpellier-hi-midi-libre.pdf,,2019.0,8963 Montpellier hi  Midi Libre,archives/2019/decembre/8963-montpellier-hi-midi-libre.pdf,,archives/2019/decembre/,http://www.commission-des-sondages.fr/notices/files/notices/2019/decembre/8963-montpellier-hi-midi-libre.pdf,/notices/medias/fichiers/add/872,2022-07-08 15:54:56,2019-12-05 13:52:28+01:00
8964-rouen-ifop-paris-normandie.pdf,,2019.0,8964-2 Rouen ifop LREM,archives/2019/decembre/8964-rouen-ifop-paris-normandie.pdf,,archives/2019/decembre/,http://www.commission-des-sondages.fr/notices/files/notices/2019/decembre/8964-rouen-ifop-paris-normandie.pdf,/notices/medias/fichiers/add/874,2022-07-08 15:54:56,2019-12-12 17:22:05+01:00
8965-paris-ifop-cedric-villani.pdf,,,8965 Paris Ifop Cédric Villani,archives/2019/decembre/8965-paris-ifop-cedric-villani.pdf,,archives/2019/decembre/,http://www.commission-des-sondages.fr/notices/files/notices/2019/decembre/8965-paris-ifop-cedric-villani.pdf,,,
8965-paris-ifop-cedric-villani.pdf,,,8965 Paris Ifop Cédric Villani,archives/2019/decembre/8965-paris-ifop-cedric-villani.pdf,,archives/2019/decembre/,http://www.commission-des-sondages.fr/notices/files/notices/2019/decembre/8965-paris-ifop-cedric-villani.pdf,,,
8966-lille-ipsos-vdn.pdf,,2019.0,8966 Lille Ipsos VDN,archives/2019/decembre/8966-lille-ipsos-vdn.pdf,,archives/2019/decembre/,http://www.commission-des-sondages.fr/notices/files/notices/2019/decembre/8966-lille-ipsos-vdn.pdf,/notices/medias/fichiers/add/876,2022-07-08 15:54:57,2019-12-12 14:59:50+01:00
8967-bordeaux-ipsos-fce-bleu-sud-ouest-191219.pdf,,2019.0,8967 Bordeaux Ipsos Fce Bleu Sud Ouest 191219,archives/2019/decembre/8967-bordeaux-ipsos-fce-bleu-sud-ouest-191219.pdf,,archives/2019/decembre/,http://www.commission-des-sondages.fr/notices/files/notices/2019/decembre/8967-bordeaux-ipsos-fce-bleu-sud-ouest-191219.pdf,/notices/medias/fichiers/add/877,2022-07-08 15:54:57,2019-12-19 09:07:03+01:00
8968-lyon-et-metrop-ow-lyon-mag.pdf,,2019.0,8968 Lyon et Métrop. OW - Lyon Mag,archives/2019/decembre/8968-lyon-et-metrop-ow-lyon-mag.pdf,,archives/2019/decembre/,http://www.commission-des-sondages.fr/notices/files/notices/2019/decembre/8968-lyon-et-metrop-ow-lyon-mag.pdf,/notices/medias/fichiers/add/878,2022-07-08 15:54:57,
8969-monteliar-ifop-le-dauphine.pdf,,2020.0,8969 Montélimar IFOP Le Dauphiné,archives/2020/janvier/8969-monteliar-ifop-le-dauphine.pdf,,archives/2020/janvier/,http://www.commission-des-sondages.fr/notices/files/notices/2020/janvier/8969-monteliar-ifop-le-dauphine.pdf,/notices/medias/fichiers/add/879,2022-07-08 15:55:53,2020-01-09 19:09:20+01:00
8970-perpignan-ifop-la-semaine-du-roussillon.pdf,,2020.0,8970 Perpignan IFOP la Semaine du Roussillon,archives/2020/janvier/8970-perpignan-ifop-la-semaine-du-roussillon.pdf,,archives/2020/janvier/,http://www.commission-des-sondages.fr/notices/files/notices/2020/janvier/8970-perpignan-ifop-la-semaine-du-roussillon.pdf,/notices/medias/fichiers/add/880,2022-07-08 15:55:53,2020-01-10 19:11:27+01:00
8971-besancon-ipsos-l-est-r.pdf,,2020.0,8971 Besancon Ipsos L'est R,archives/2020/janvier/8971-besancon-ipsos-l-est-r.pdf,,archives/2020/janvier/,http://www.commission-des-sondages.fr/notices/files/notices/2020/janvier/8971-besancon-ipsos-l-est-r.pdf,/notices/medias/fichiers/add/881,2022-07-08 15:55:53,2020-01-15 17:40:43+01:00
8972-marseille-ipsos-la-provence.pdf,,2020.0,8972 Marseille Ipsos la Provence,archives/2020/janvier/8972-marseille-ipsos-la-provence.pdf,,archives/2020/janvier/,http://www.commission-des-sondages.fr/notices/files/notices/2020/janvier/8972-marseille-ipsos-la-provence.pdf,/notices/medias/fichiers/add/882,2022-07-08 15:55:53,2020-01-16 16:45:32+01:00
8973-lyon-ifop-lyon-capitale.pdf,,2020.0,8973 Lyon Ifop Lyon Capitale,archives/2020/janvier/8973-lyon-ifop-lyon-capitale.pdf,,archives/2020/janvier/,http://www.commission-des-sondages.fr/notices/files/notices/2020/janvier/8973-lyon-ifop-lyon-capitale.pdf,/notices/medias/fichiers/add/883,2022-07-08 15:55:53,2020-01-16 17:39:38+01:00
8974-paris-ifop-jdd.pdf,,2020.0,8974 Paris Ifop Jdd,archives/2020/janvier/8974-paris-ifop-jdd.pdf,,archives/2020/janvier/,http://www.commission-des-sondages.fr/notices/files/notices/2020/janvier/8974-paris-ifop-jdd.pdf,/notices/medias/fichiers/add/884,2022-07-08 15:55:54,2020-01-20 18:58:54+01:00
8976-megeve-opinionenregion-alpes-people.pdf,,2020.0,8976 Megève OpinionenRégion Alpes people,archives/2020/janvier/8976-megeve-opinionenregion-alpes-people.pdf,,archives/2020/janvier/,http://www.commission-des-sondages.fr/notices/files/notices/2020/janvier/8976-megeve-opinionenregion-alpes-people.pdf,/notices/medias/fichiers/add/887,2022-07-08 15:55:54,
8977-montpellier-ifop-midi-libre.pdf,,2020.0,8977 Montpellier Ifop Midi Libre,archives/2020/janvier/8977-montpellier-ifop-midi-libre.pdf,,archives/2020/janvier/,http://www.commission-des-sondages.fr/notices/files/notices/2020/janvier/8977-montpellier-ifop-midi-libre.pdf,/notices/medias/fichiers/add/886,2022-07-08 15:55:54,2020-01-23 12:00:44+01:00
8978-paris-odoxa-le-figaro-vague-1.pdf,,2020.0,8978 Paris Odoxa le Figaro Vague 1,archives/2020/janvier/8978-paris-odoxa-le-figaro-vague-1.pdf,,archives/2020/janvier/,http://www.commission-des-sondages.fr/notices/files/notices/2020/janvier/8978-paris-odoxa-le-figaro-vague-1.pdf,/notices/medias/fichiers/add/888,2022-07-08 15:55:54,2020-01-24 15:10:38+01:00
8978-paris-odoxa-le-figaro-vague-2.pdf,,2020.0,8978 Paris Odoxa Le Figaro Vague 2,archives/2020/janvier/8978-paris-odoxa-le-figaro-vague-2.pdf,,archives/2020/janvier/,http://www.commission-des-sondages.fr/notices/files/notices/2020/janvier/8978-paris-odoxa-le-figaro-vague-2.pdf,/notices/medias/fichiers/add/889,2022-07-08 15:55:54,2020-01-24 15:11:03+01:00
8979-nimes-ipsos-la-provence.pdf,,2020.0,8979 Nîmes Ipsos La Provence,archives/2020/janvier/8979-nimes-ipsos-la-provence.pdf,,archives/2020/janvier/,http://www.commission-des-sondages.fr/notices/files/notices/2020/janvier/8979-nimes-ipsos-la-provence.pdf,/notices/medias/fichiers/add/890,2022-07-08 15:55:54,2020-01-16 16:45:32+01:00
8980-municipales-odoxan-l-express.pdf,Pres,2020.0,8980 municipales Odoxa l'Express ,archives/2020/janvier/8980-municipales-odoxan-l-express.pdf,,archives/2020/janvier/,http://www.commission-des-sondages.fr/notices/files/notices/2020/janvier/8980-municipales-odoxan-l-express.pdf,/notices/medias/fichiers/add/891,2022-07-08 15:55:54,2020-01-27 16:54:45+01:00
8981-lyon-et-metropole-ow-lyon-mag.pdf,,2020.0,8981 Lyon et Métropole - OW Lyon mag ,archives/2020/janvier/8981-lyon-et-metropole-ow-lyon-mag.pdf,,archives/2020/janvier/,http://www.commission-des-sondages.fr/notices/files/notices/2020/janvier/8981-lyon-et-metropole-ow-lyon-mag.pdf,/notices/medias/fichiers/add/892,2022-07-08 15:55:55,
8982-biarritz-ipsos-france-bleu.pdf,,2020.0,8982 Biarritz Ipsos France Bleu ,archives/2020/janvier/8982-biarritz-ipsos-france-bleu.pdf,,archives/2020/janvier/,http://www.commission-des-sondages.fr/notices/files/notices/2020/janvier/8982-biarritz-ipsos-france-bleu.pdf,/notices/medias/fichiers/add/893,2022-07-08 15:55:55,2020-01-31 15:31:36+01:00
8982-biarritz-ipsos-france-bleu.pdf,,2020.0,8982 Biarritz Ipsos France Bleu ,archives/2020/janvier/8982-biarritz-ipsos-france-bleu.pdf,,archives/2020/janvier/,http://www.commission-des-sondages.fr/notices/files/notices/2020/janvier/8982-biarritz-ipsos-france-bleu.pdf,/notices/medias/fichiers/add/894,2022-07-08 15:55:55,2020-01-31 15:31:36+01:00
nimes-ow-objectif-gard-janvier-2020.pdf,,2020.0,8975 Nîmes OW - Objectif Gard ,archives/2020/janvier/nimes-ow-objectif-gard-janvier-2020.pdf,,archives/2020/janvier/,http://www.commission-des-sondages.fr/notices/files/notices/2020/janvier/nimes-ow-objectif-gard-janvier-2020.pdf,/notices/medias/fichiers/add/885,2022-07-08 15:55:55,
8982-biarritz-ipsos-france-bleu.pdf,,2020.0,8982 Biarritz Ipsos France Bleu ,archives/2020/fevrier/8982-biarritz-ipsos-france-bleu.pdf,,archives/2020/fevrier/,http://www.commission-des-sondages.fr/notices/files/notices/2020/fevrier/8982-biarritz-ipsos-france-bleu.pdf,/notices/medias/fichiers/add/893,,
8982-biarritz-ipsos-france-bleu.pdf,,2020.0,8982 Biarritz Ipsos France Bleu ,archives/2020/fevrier/8982-biarritz-ipsos-france-bleu.pdf,,archives/2020/fevrier/,http://www.commission-des-sondages.fr/notices/files/notices/2020/fevrier/8982-biarritz-ipsos-france-bleu.pdf,/notices/medias/fichiers/add/894,,
8983-clermont-ferrand-bianchi.pdf,,2020.0,8983 Clermont-Ferrand Ifop Bianchi,archives/2020/fevrier/8983-clermont-ferrand-bianchi.pdf,,archives/2020/fevrier/,http://www.commission-des-sondages.fr/notices/files/notices/2020/fevrier/8983-clermont-ferrand-bianchi.pdf,/notices/medias/fichiers/add/895,2022-07-08 15:55:45,2020-02-04 14:07:19+01:00
8984-perigueux-ipsos-france-bleu.pdf,,2020.0,8984 Périgueux Ipsos France Bleu,archives/2020/fevrier/8984-perigueux-ipsos-france-bleu.pdf,,archives/2020/fevrier/,http://www.commission-des-sondages.fr/notices/files/notices/2020/fevrier/8984-perigueux-ipsos-france-bleu.pdf,/notices/medias/fichiers/add/896,2022-07-08 15:55:47,2020-02-06 16:25:36+00:00
8985-perpignan-ipsos-france-bleu.pdf,,2020.0,8985 Perpignan Ipsos France Bleu ,archives/2020/fevrier/8985-perpignan-ipsos-france-bleu.pdf,,archives/2020/fevrier/,http://www.commission-des-sondages.fr/notices/files/notices/2020/fevrier/8985-perpignan-ipsos-france-bleu.pdf,/notices/medias/fichiers/add/897,2022-07-08 15:55:45,2020-02-06 14:35:25+01:00
8986-nancy-ipson-france-bleu.pdf,,2020.0,8986 Nancy Ipson france Bleu,archives/2020/fevrier/8986-nancy-ipson-france-bleu.pdf,,archives/2020/fevrier/,http://www.commission-des-sondages.fr/notices/files/notices/2020/fevrier/8986-nancy-ipson-france-bleu.pdf,/notices/medias/fichiers/add/898,2022-07-08 15:55:45,2020-02-06 09:58:37+01:00
8987-perigueux-bva-dordogne-libre.pdf,,2020.0,8987 Périgueux  BVA Dordogne Libre,archives/2020/fevrier/8987-perigueux-bva-dordogne-libre.pdf,,archives/2020/fevrier/,http://www.commission-des-sondages.fr/notices/files/notices/2020/fevrier/8987-perigueux-bva-dordogne-libre.pdf,/notices/medias/fichiers/add/899,2022-07-08 15:55:46,2020-02-07 20:09:28+01:00
8988-strasbourg-ifop-sud-radio.pdf,,2020.0,8988 Strasbourg Ifop Sud-Radio,archives/2020/fevrier/8988-strasbourg-ifop-sud-radio.pdf,,archives/2020/fevrier/,http://www.commission-des-sondages.fr/notices/files/notices/2020/fevrier/8988-strasbourg-ifop-sud-radio.pdf,/notices/medias/fichiers/add/900,2022-07-08 15:55:46,2020-02-11 19:09:48+01:00
8989-lyon-et-metro-bva-mag2lyon.pdf,,2020.0,8989 Lyon et métro BVA Mag2Lyon,archives/2020/fevrier/8989-lyon-et-metro-bva-mag2lyon.pdf,,archives/2020/fevrier/,http://www.commission-des-sondages.fr/notices/files/notices/2020/fevrier/8989-lyon-et-metro-bva-mag2lyon.pdf,/notices/medias/fichiers/add/901,2022-07-08 15:55:48,2020-02-12 10:42:34+01:00
8990-orleans-ipsos-france-bleu.pdf,,2020.0,8990 Orléans Ipsos France Bleu ,archives/2020/fevrier/8990-orleans-ipsos-france-bleu.pdf,,archives/2020/fevrier/,http://www.commission-des-sondages.fr/notices/files/notices/2020/fevrier/8990-orleans-ipsos-france-bleu.pdf,/notices/medias/fichiers/add/902,2022-07-08 15:55:48,2020-02-10 17:56:14+01:00
8991-bordeaux-ipsos-france-bleu.pdf,,2020.0,8991 Bordeaux Ipsos France Bleu ,archives/2020/fevrier/8991-bordeaux-ipsos-france-bleu.pdf,,archives/2020/fevrier/,http://www.commission-des-sondages.fr/notices/files/notices/2020/fevrier/8991-bordeaux-ipsos-france-bleu.pdf,/notices/medias/fichiers/add/903,2022-07-08 15:55:48,2020-02-13 11:46:05+01:00
8992-calais-ifop-vdn.pdf,,2020.0,8992 Calais IFOP VDN,archives/2020/fevrier/8992-calais-ifop-vdn.pdf,,archives/2020/fevrier/,http://www.commission-des-sondages.fr/notices/files/notices/2020/fevrier/8992-calais-ifop-vdn.pdf,/notices/medias/fichiers/add/904,2022-07-08 15:55:48,2020-02-14 11:05:28+01:00
8993-beziers-ifop-ml.pdf,,2020.0,8993 Béziers Ifop ML,archives/2020/fevrier/8993-beziers-ifop-ml.pdf,,archives/2020/fevrier/,http://www.commission-des-sondages.fr/notices/files/notices/2020/fevrier/8993-beziers-ifop-ml.pdf,/notices/medias/fichiers/add/905,2022-07-08 15:55:48,2020-02-14 11:09:32+01:00
8994-2-metz-ifop-l-est-republicain.pdf,,2020.0,8994-2  Metz  ifop L'est républicain,archives/2020/fevrier/8994-2-metz-ifop-l-est-republicain.pdf,,archives/2020/fevrier/,http://www.commission-des-sondages.fr/notices/files/notices/2020/fevrier/8994-2-metz-ifop-l-est-republicain.pdf,/notices/medias/fichiers/add/915,2022-07-08 15:55:48,2020-02-21 16:47:54+01:00
8995-bordeaux-ifop-sud-ouest.pdf,,2020.0,8995 Bordeaux Ifop Sud-Ouest,archives/2020/fevrier/8995-bordeaux-ifop-sud-ouest.pdf,,archives/2020/fevrier/,http://www.commission-des-sondages.fr/notices/files/notices/2020/fevrier/8995-bordeaux-ifop-sud-ouest.pdf,/notices/medias/fichiers/add/907,2022-07-08 15:55:49,2020-02-14 19:11:28+01:00
8996-grasse-ifop-nice-matin.pdf,,2020.0,8996 Grasse ifop Nice-matin,archives/2020/fevrier/8996-grasse-ifop-nice-matin.pdf,,archives/2020/fevrier/,http://www.commission-des-sondages.fr/notices/files/notices/2020/fevrier/8996-grasse-ifop-nice-matin.pdf,/notices/medias/fichiers/add/908,2022-07-08 15:55:49,2020-02-17 17:36:31+01:00
8997-angouleme-bva-la-charente-libre.pdf,,2020.0,8997 Angoulême BVA la Charente-Libre,archives/2020/fevrier/8997-angouleme-bva-la-charente-libre.pdf,,archives/2020/fevrier/,http://www.commission-des-sondages.fr/notices/files/notices/2020/fevrier/8997-angouleme-bva-la-charente-libre.pdf,/notices/medias/fichiers/add/909,2022-07-08 15:55:49,2020-02-18 22:13:52+01:00
8998-paris-odoxa-le-figaro.pdf,,2020.0,8998 Paris Odoxa Le Figaro,archives/2020/fevrier/8998-paris-odoxa-le-figaro.pdf,,archives/2020/fevrier/,http://www.commission-des-sondages.fr/notices/files/notices/2020/fevrier/8998-paris-odoxa-le-figaro.pdf,/notices/medias/fichiers/add/910,2022-07-08 15:55:49,2020-02-19 11:37:58+01:00
8999-dijon-ifop-le-bien-public.pdf,,2020.0,8999 Dijon Ifop Le Bien Public,archives/2020/fevrier/8999-dijon-ifop-le-bien-public.pdf,,archives/2020/fevrier/,http://www.commission-des-sondages.fr/notices/files/notices/2020/fevrier/8999-dijon-ifop-le-bien-public.pdf,/notices/medias/fichiers/add/911,2022-07-08 15:55:49,2020-02-19 18:36:49+01:00
9000-frejus-ifop-var-matin.pdf,,2020.0,9000 Fréjus Ifop Var-Matin,archives/2020/fevrier/9000-frejus-ifop-var-matin.pdf,,archives/2020/fevrier/,http://www.commission-des-sondages.fr/notices/files/notices/2020/fevrier/9000-frejus-ifop-var-matin.pdf,/notices/medias/fichiers/add/912,2022-07-08 15:55:49,2020-02-19 18:53:42+01:00
9001-la-seyne-sur-mer-ifop-var-matin.pdf,,2020.0,9001 La-Seyne-sur-Mer Ifop Var matin,archives/2020/fevrier/9001-la-seyne-sur-mer-ifop-var-matin.pdf,,archives/2020/fevrier/,http://www.commission-des-sondages.fr/notices/files/notices/2020/fevrier/9001-la-seyne-sur-mer-ifop-var-matin.pdf,/notices/medias/fichiers/add/913,2022-07-08 15:55:49,2020-02-19 18:45:57+01:00
9002-bordeaux-bva-orange.pdf,,2020.0,9002 Bordeaux Bva Orange,archives/2020/fevrier/9002-bordeaux-bva-orange.pdf,,archives/2020/fevrier/,http://www.commission-des-sondages.fr/notices/files/notices/2020/fevrier/9002-bordeaux-bva-orange.pdf,/notices/medias/fichiers/add/914,2022-07-08 15:55:50,2020-02-19 19:12:55+01:00
9003-paris-ipsos-france-info.pdf,,2020.0,9003 Paris Ipsos France-Info,archives/2020/fevrier/9003-paris-ipsos-france-info.pdf,,archives/2020/fevrier/,http://www.commission-des-sondages.fr/notices/files/notices/2020/fevrier/9003-paris-ipsos-france-info.pdf,/notices/medias/fichiers/add/916,2022-07-08 15:55:50,2020-02-20 12:31:17+01:00
9004-lille-elabe-violette-spillebout.pdf,,2020.0,9004 Lille Elabe Violette Spillebout,archives/2020/fevrier/9004-lille-elabe-violette-spillebout.pdf,,archives/2020/fevrier/,http://www.commission-des-sondages.fr/notices/files/notices/2020/fevrier/9004-lille-elabe-violette-spillebout.pdf,/notices/medias/fichiers/add/917,2022-07-08 15:55:50,2020-02-20 14:03:44+01:00
9005-ref-nc-iscop-actu-nc.pdf,,2020.0,9005 Ref NC Iscop Actu .NC,archives/2020/fevrier/9005-ref-nc-iscop-actu-nc.pdf,,archives/2020/fevrier/,http://www.commission-des-sondages.fr/notices/files/notices/2020/fevrier/9005-ref-nc-iscop-actu-nc.pdf,/notices/medias/fichiers/add/918,2022-07-08 15:55:50,2020-02-21 19:11:59+11:00
9006-paris-hi-lci.pdf,,2020.0,9006 Paris Hi lci,archives/2020/fevrier/9006-paris-hi-lci.pdf,,archives/2020/fevrier/,http://www.commission-des-sondages.fr/notices/files/notices/2020/fevrier/9006-paris-hi-lci.pdf,/notices/medias/fichiers/add/919,2022-07-08 15:55:50,2020-02-21 10:50:17+01:00
9007-lens-ifop-vdn.pdf,,2020.0,9007 Lens IFOP VDN,archives/2020/fevrier/9007-lens-ifop-vdn.pdf,,archives/2020/fevrier/,http://www.commission-des-sondages.fr/notices/files/notices/2020/fevrier/9007-lens-ifop-vdn.pdf,/notices/medias/fichiers/add/922,2022-07-08 15:55:51,2020-02-25 17:24:51+01:00
9008-02-grenoble-ipsos-france-bleu.pdf,,2020.0,9008-02 Grenoble Ipsos France Bleu,archives/2020/fevrier/9008-02-grenoble-ipsos-france-bleu.pdf,,archives/2020/fevrier/,http://www.commission-des-sondages.fr/notices/files/notices/2020/fevrier/9008-02-grenoble-ipsos-france-bleu.pdf,/notices/medias/fichiers/add/921,2022-07-08 15:55:51,2020-02-21 14:27:23+01:00
9009-nice-ifop-la-tribune.pdf,,2020.0,9009 Nice Ifop La tribune,archives/2020/fevrier/9009-nice-ifop-la-tribune.pdf,,archives/2020/fevrier/,http://www.commission-des-sondages.fr/notices/files/notices/2020/fevrier/9009-nice-ifop-la-tribune.pdf,/notices/medias/fichiers/add/923,2022-07-08 15:55:51,2020-02-25 16:49:26+01:00
9010-la-rochelle-ipsos-france-bleu.pdf,,2020.0,9010 La rochelle Ipsos France-Bleu,archives/2020/fevrier/9010-la-rochelle-ipsos-france-bleu.pdf,,archives/2020/fevrier/,http://www.commission-des-sondages.fr/notices/files/notices/2020/fevrier/9010-la-rochelle-ipsos-france-bleu.pdf,/notices/medias/fichiers/add/924,2022-07-08 15:55:51,2020-02-07 09:14:11+01:00
9011-nimes-ipsos-france-bleu.pdf,,2020.0,9011 Nîmes Ipsos France bleu,archives/2020/fevrier/9011-nimes-ipsos-france-bleu.pdf,,archives/2020/fevrier/,http://www.commission-des-sondages.fr/notices/files/notices/2020/fevrier/9011-nimes-ipsos-france-bleu.pdf,/notices/medias/fichiers/add/925,2022-07-08 15:55:51,2020-02-25 10:39:47+01:00
9012-lille-ifop-vdn.pdf,,2020.0,9012 Lille Ifop VDN,archives/2020/fevrier/9012-lille-ifop-vdn.pdf,,archives/2020/fevrier/,http://www.commission-des-sondages.fr/notices/files/notices/2020/fevrier/9012-lille-ifop-vdn.pdf,/notices/medias/fichiers/add/926,2022-07-08 15:55:51,2020-02-25 18:11:05+01:00
9013-paris-ifop-jdd.pdf,,2020.0,9013 Paris Ifop JDD,archives/2020/fevrier/9013-paris-ifop-jdd.pdf,,archives/2020/fevrier/,http://www.commission-des-sondages.fr/notices/files/notices/2020/fevrier/9013-paris-ifop-jdd.pdf,/notices/medias/fichiers/add/927,2022-07-08 15:55:52,2020-02-25 18:49:11+01:00
9014-lyon-et-metropole-ow-lyonmag-fevrier-2020.pdf,,2020.0,9014 Lyon et Métropole  OW LyonMag- Février 2020,archives/2020/fevrier/9014-lyon-et-metropole-ow-lyonmag-fevrier-2020.pdf,,archives/2020/fevrier/,http://www.commission-des-sondages.fr/notices/files/notices/2020/fevrier/9014-lyon-et-metropole-ow-lyonmag-fevrier-2020.pdf,/notices/medias/fichiers/add/928,2022-07-08 15:55:52,
9015-tours-ifop-nouvelle-rep.pdf,,2020.0,9015 Tours Ifop Nouvelle Rep,archives/2020/fevrier/9015-tours-ifop-nouvelle-rep.pdf,,archives/2020/fevrier/,http://www.commission-des-sondages.fr/notices/files/notices/2020/fevrier/9015-tours-ifop-nouvelle-rep.pdf,/notices/medias/fichiers/add/929,2022-07-08 15:55:52,2020-02-26 18:42:50+01:00
9016-strasbourg-bva-orange.pdf,,2020.0,9016 Strasbourg BVA Orange,archives/2020/fevrier/9016-strasbourg-bva-orange.pdf,,archives/2020/fevrier/,http://www.commission-des-sondages.fr/notices/files/notices/2020/fevrier/9016-strasbourg-bva-orange.pdf,/notices/medias/fichiers/add/930,2022-07-08 15:55:52,2020-02-26 23:09:16+01:00
9017-montpellier-opinionway.pdf,,2020.0,9017 Montpellier OpinionWay,archives/2020/fevrier/9017-montpellier-opinionway.pdf,,archives/2020/fevrier/,http://www.commission-des-sondages.fr/notices/files/notices/2020/fevrier/9017-montpellier-opinionway.pdf,/notices/medias/fichiers/add/931,2022-07-08 15:55:52,
9018-montreuil-ifop-cnews.pdf,,2020.0,9018 Montreuil Ifop CNews,archives/2020/fevrier/9018-montreuil-ifop-cnews.pdf,,archives/2020/fevrier/,http://www.commission-des-sondages.fr/notices/files/notices/2020/fevrier/9018-montreuil-ifop-cnews.pdf,/notices/medias/fichiers/add/956,2022-07-08 15:55:53,2020-03-09 18:45:52+01:00
9019-paris-elabe-l-express.pdf,Pres,2020.0,9019 Paris Elabe L'express,archives/2020/mars/9019-paris-elabe-l-express.pdf,,archives/2020/mars/,http://www.commission-des-sondages.fr/notices/files/notices/2020/mars/9019-paris-elabe-l-express.pdf,/notices/medias/fichiers/add/932,2022-07-08 15:55:58,2020-03-01 21:13:53+01:00
9020-saint-denis-sagis-france-tv.pdf,,2020.0,9020 Saint-Denis Sagis France-Tv,archives/2020/mars/9020-saint-denis-sagis-france-tv.pdf,,archives/2020/mars/,http://www.commission-des-sondages.fr/notices/files/notices/2020/mars/9020-saint-denis-sagis-france-tv.pdf,/notices/medias/fichiers/add/933,2022-07-08 15:55:58,2020-03-02 15:16:18+04:00
9021-saint-paul-sagis-france-tv.pdf,,2020.0,9021 Saint-Paul Sagis France-TV,archives/2020/mars/9021-saint-paul-sagis-france-tv.pdf,,archives/2020/mars/,http://www.commission-des-sondages.fr/notices/files/notices/2020/mars/9021-saint-paul-sagis-france-tv.pdf,/notices/medias/fichiers/add/934,2022-07-08 15:55:58,2020-03-02 10:58:28+04:00
9022-saint-louis-sagis-france-tv.pdf,,2020.0,9022 Saint Louis Sagis France-TV,archives/2020/mars/9022-saint-louis-sagis-france-tv.pdf,,archives/2020/mars/,http://www.commission-des-sondages.fr/notices/files/notices/2020/mars/9022-saint-louis-sagis-france-tv.pdf,/notices/medias/fichiers/add/935,2022-07-08 15:55:58,2020-03-02 15:16:50+04:00
9023-perpignan-bva-orange.pdf,,2020.0,9023  Perpignan Bva Orange,archives/2020/mars/9023-perpignan-bva-orange.pdf,,archives/2020/mars/,http://www.commission-des-sondages.fr/notices/files/notices/2020/mars/9023-perpignan-bva-orange.pdf,/notices/medias/fichiers/add/936,2022-07-08 15:55:59,2020-03-04 19:22:15+01:00
9028-toulouse-ifop-la-depeche.pdf,,2020.0,9028 Toulouse Ifop La Dépèche,archives/2020/mars/9028-toulouse-ifop-la-depeche.pdf,,archives/2020/mars/,http://www.commission-des-sondages.fr/notices/files/notices/2020/mars/9028-toulouse-ifop-la-depeche.pdf,/notices/medias/fichiers/add/937,2022-07-08 15:55:59,2020-03-05 15:54:51+01:00
9029-poitiers-ifop-la-nouvelle-republique.pdf,,2020.0,9029 Poitiers Ifop la Nouvelle République ,archives/2020/mars/9029-poitiers-ifop-la-nouvelle-republique.pdf,,archives/2020/mars/,http://www.commission-des-sondages.fr/notices/files/notices/2020/mars/9029-poitiers-ifop-la-nouvelle-republique.pdf,/notices/medias/fichiers/add/938,2022-07-08 15:55:59,2020-03-05 16:04:17+01:00
9030-saint-etienne-ifop-le-progres.pdf,,2020.0,9030 Saint-Étienne IFOP Le Progrès,archives/2020/mars/9030-saint-etienne-ifop-le-progres.pdf,,archives/2020/mars/,http://www.commission-des-sondages.fr/notices/files/notices/2020/mars/9030-saint-etienne-ifop-le-progres.pdf,/notices/medias/fichiers/add/939,2022-07-08 15:55:59,2020-03-05 16:13:10+01:00
9031-rouen-ipsos-paris-normandie.pdf,,2020.0,9031 Rouen Ipsos Paris-Normandie,archives/2020/mars/9031-rouen-ipsos-paris-normandie.pdf,,archives/2020/mars/,http://www.commission-des-sondages.fr/notices/files/notices/2020/mars/9031-rouen-ipsos-paris-normandie.pdf,/notices/medias/fichiers/add/940,2022-07-08 15:55:59,2020-03-05 14:58:06+01:00
9032-troyes-ifop-est-eclair.pdf,,2020.0,9032 Troyes Ifop Est Eclair,archives/2020/mars/9032-troyes-ifop-est-eclair.pdf,,archives/2020/mars/,http://www.commission-des-sondages.fr/notices/files/notices/2020/mars/9032-troyes-ifop-est-eclair.pdf,/notices/medias/fichiers/add/941,2022-07-08 15:55:59,2020-03-05 17:17:32+01:00
9033-montpellier-bva-la-gazette.pdf,,2020.0,9033 Montpellier BVA La gazette,archives/2020/mars/9033-montpellier-bva-la-gazette.pdf,,archives/2020/mars/,http://www.commission-des-sondages.fr/notices/files/notices/2020/mars/9033-montpellier-bva-la-gazette.pdf,/notices/medias/fichiers/add/942,2022-07-08 15:56:00,2020-03-05 17:42:02+01:00
9034-avignon-ifop-vaucluse-matin.pdf,,2020.0,9034 Avignon Ifop Vaucluse Matin,archives/2020/mars/9034-avignon-ifop-vaucluse-matin.pdf,,archives/2020/mars/,http://www.commission-des-sondages.fr/notices/files/notices/2020/mars/9034-avignon-ifop-vaucluse-matin.pdf,/notices/medias/fichiers/add/943,2022-07-08 15:56:00,2020-03-05 19:33:44+01:00
9035-paris-ipsos-le-figaro.pdf,,2020.0,9035 Paris Ipsos Le Figaro,archives/2020/mars/9035-paris-ipsos-le-figaro.pdf,,archives/2020/mars/,http://www.commission-des-sondages.fr/notices/files/notices/2020/mars/9035-paris-ipsos-le-figaro.pdf,/notices/medias/fichiers/add/947,2022-07-08 15:56:00,2020-03-06 16:10:29+01:00
9036-bruay-la-buissiere-ifop-vdn.pdf,,2020.0,9036 Bruay la buissière Ifop VDN,archives/2020/mars/9036-bruay-la-buissiere-ifop-vdn.pdf,,archives/2020/mars/,http://www.commission-des-sondages.fr/notices/files/notices/2020/mars/9036-bruay-la-buissiere-ifop-vdn.pdf,/notices/medias/fichiers/add/944,2022-07-08 15:56:00,2020-03-06 16:53:43+01:00
9037-charleville-mezieres-ifop-l-union-l-ardennais.pdf,,2020.0,9037 Charleville Mézières IFOP L'Union-L'Ardennais,archives/2020/mars/9037-charleville-mezieres-ifop-l-union-l-ardennais.pdf,,archives/2020/mars/,http://www.commission-des-sondages.fr/notices/files/notices/2020/mars/9037-charleville-mezieres-ifop-l-union-l-ardennais.pdf,/notices/medias/fichiers/add/945,2022-07-08 15:56:00,2020-03-06 18:26:57+01:00
9038-le-havre-ifop-c-news.pdf,,2020.0,9038 Le havre Ifop C News ,archives/2020/mars/9038-le-havre-ifop-c-news.pdf,,archives/2020/mars/,http://www.commission-des-sondages.fr/notices/files/notices/2020/mars/9038-le-havre-ifop-c-news.pdf,/notices/medias/fichiers/add/946,2022-07-08 15:56:00,2020-03-06 19:07:17+01:00
9039-chambery-ipsos-dauphine-libere.pdf,,2020.0,9039 Chambéry Ipsos Dauphiné Libéré,archives/2020/mars/9039-chambery-ipsos-dauphine-libere.pdf,,archives/2020/mars/,http://www.commission-des-sondages.fr/notices/files/notices/2020/mars/9039-chambery-ipsos-dauphine-libere.pdf,/notices/medias/fichiers/add/948,2022-07-08 15:56:01,2020-03-08 11:25:12+01:00
9040-xxe-arrond-de-paris-kantar-eelv.pdf,,2020.0,9040 XXe arrond. de Paris Kantar EELV,archives/2020/mars/9040-xxe-arrond-de-paris-kantar-eelv.pdf,,archives/2020/mars/,http://www.commission-des-sondages.fr/notices/files/notices/2020/mars/9040-xxe-arrond-de-paris-kantar-eelv.pdf,/notices/medias/fichiers/add/949,2022-07-08 15:56:01,2020-03-09 13:46:46+01:00
9041-montpellier-ifop-midi-libre.pdf,,2020.0,9041 Montpellier IFOP Midi Libre,archives/2020/mars/9041-montpellier-ifop-midi-libre.pdf,,archives/2020/mars/,http://www.commission-des-sondages.fr/notices/files/notices/2020/mars/9041-montpellier-ifop-midi-libre.pdf,/notices/medias/fichiers/add/950,2022-07-08 15:56:01,2020-03-09 18:31:01+01:00
9042-paris-ifop-jdd.pdf,,2020.0,9042 Paris Ifop Jdd ,archives/2020/mars/9042-paris-ifop-jdd.pdf,,archives/2020/mars/,http://www.commission-des-sondages.fr/notices/files/notices/2020/mars/9042-paris-ifop-jdd.pdf,/notices/medias/fichiers/add/951,2022-07-08 15:56:01,2020-03-09 18:40:26+01:00
9043-villeurbanne-ifop-le-progres.pdf,,2020.0,9043 Villeurbanne IFOP le Progrès,archives/2020/mars/9043-villeurbanne-ifop-le-progres.pdf,,archives/2020/mars/,http://www.commission-des-sondages.fr/notices/files/notices/2020/mars/9043-villeurbanne-ifop-le-progres.pdf,/notices/medias/fichiers/add/952,2022-07-08 15:56:01,2020-03-09 18:58:40+01:00
9044-blois-ifop-la-nouvelle-republique.pdf,,2020.0,9044 Blois Ifop la nouvelle République,archives/2020/mars/9044-blois-ifop-la-nouvelle-republique.pdf,,archives/2020/mars/,http://www.commission-des-sondages.fr/notices/files/notices/2020/mars/9044-blois-ifop-la-nouvelle-republique.pdf,/notices/medias/fichiers/add/953,2022-07-08 15:56:01,2020-03-09 19:04:32+01:00
9045-nice-ifop-nice-matin.pdf,,2020.0,9045 Nice Ifop Nice Matin,archives/2020/mars/9045-nice-ifop-nice-matin.pdf,,archives/2020/mars/,http://www.commission-des-sondages.fr/notices/files/notices/2020/mars/9045-nice-ifop-nice-matin.pdf,/notices/medias/fichiers/add/954,2022-07-08 15:56:01,2020-03-09 19:11:15+01:00
9046-nimes-ifop-midi-libre.pdf,,2020.0,9046 Nimes ifop Midi Libre,archives/2020/mars/9046-nimes-ifop-midi-libre.pdf,,archives/2020/mars/,http://www.commission-des-sondages.fr/notices/files/notices/2020/mars/9046-nimes-ifop-midi-libre.pdf,/notices/medias/fichiers/add/955,2022-07-08 15:56:02,2020-03-09 19:17:23+01:00
9047-paris-ipsos-france-tv.pdf,,2020.0,9047 Paris Ipsos France TV,archives/2020/mars/9047-paris-ipsos-france-tv.pdf,,archives/2020/mars/,http://www.commission-des-sondages.fr/notices/files/notices/2020/mars/9047-paris-ipsos-france-tv.pdf,/notices/medias/fichiers/add/957,2022-07-08 15:56:02,2020-03-09 17:07:28+01:00
9049-paris-bva-ornage.pdf,,2020.0,9049 Paris BVA Ornage,archives/2020/mars/9049-paris-bva-ornage.pdf,,archives/2020/mars/,http://www.commission-des-sondages.fr/notices/files/notices/2020/mars/9049-paris-bva-ornage.pdf,/notices/medias/fichiers/add/958,2022-07-08 15:56:02,2020-03-11 15:06:03+01:00
9050-montpellier-odoxa-la-gazette.pdf,,2020.0,9050 Montpellier Odoxa la Gazette,archives/2020/mars/9050-montpellier-odoxa-la-gazette.pdf,,archives/2020/mars/,http://www.commission-des-sondages.fr/notices/files/notices/2020/mars/9050-montpellier-odoxa-la-gazette.pdf,/notices/medias/fichiers/add/959,2022-07-08 15:56:02,2020-03-11 11:19:50+01:00
9052-lyon-ow-lyon-mag.pdf,,2020.0,9052 Lyon OW Lyon Mag,archives/2020/mars/9052-lyon-ow-lyon-mag.pdf,,archives/2020/mars/,http://www.commission-des-sondages.fr/notices/files/notices/2020/mars/9052-lyon-ow-lyon-mag.pdf,/notices/medias/fichiers/add/960,2022-07-08 15:56:02,
9053-paris-ifop-jdd-treize-mars.pdf,,2020.0,9053 Paris Ifop JDD treize mars,archives/2020/mars/9053-paris-ifop-jdd-treize-mars.pdf,,archives/2020/mars/,http://www.commission-des-sondages.fr/notices/files/notices/2020/mars/9053-paris-ifop-jdd-treize-mars.pdf,/notices/medias/fichiers/add/961,2022-07-08 15:56:02,2020-03-13 18:42:52+01:00
9054-toulouse-et-m-ifop-archipel-citoyen.pdf,,2020.0,9054 Toulouse et M Ifop Archipel Citoyen,archives/2020/juin/9054-toulouse-et-m-ifop-archipel-citoyen.pdf,,archives/2020/juin/,http://www.commission-des-sondages.fr/notices/files/notices/2020/juin/9054-toulouse-et-m-ifop-archipel-citoyen.pdf,/notices/medias/fichiers/add/963,2022-07-08 15:55:56,2020-06-05 18:07:57+02:00
9055-paris-ifop-jdd.pdf,,2020.0,9055 Paris Ifop Jdd,archives/2020/juin/9055-paris-ifop-jdd.pdf,,archives/2020/juin/,http://www.commission-des-sondages.fr/notices/files/notices/2020/juin/9055-paris-ifop-jdd.pdf,/notices/medias/fichiers/add/964,2022-07-08 15:55:56,2020-06-08 14:07:37+02:00
9056-toulouse-bva-la-tribune.pdf,,2020.0,9056 Toulouse BVA la Tribune,archives/2020/juin/9056-toulouse-bva-la-tribune.pdf,,archives/2020/juin/,http://www.commission-des-sondages.fr/notices/files/notices/2020/juin/9056-toulouse-bva-la-tribune.pdf,/notices/medias/fichiers/add/965,2022-07-08 15:55:56,2020-06-15 15:07:14+02:00
9057-le-havre-ifop-paris-normandie.pdf,,2020.0,9057 le Havre Ifop Paris Normandie,archives/2020/juin/9057-le-havre-ifop-paris-normandie.pdf,,archives/2020/juin/,http://www.commission-des-sondages.fr/notices/files/notices/2020/juin/9057-le-havre-ifop-paris-normandie.pdf,/notices/medias/fichiers/add/966,2022-07-08 15:55:56,2020-06-16 18:25:37+02:00
9058-montpellier-ifop-la-tribune.pdf,,2020.0,9058 Montpellier Ifop La tribune ,archives/2020/juin/9058-montpellier-ifop-la-tribune.pdf,,archives/2020/juin/,http://www.commission-des-sondages.fr/notices/files/notices/2020/juin/9058-montpellier-ifop-la-tribune.pdf,/notices/medias/fichiers/add/967,2022-07-08 15:55:56,2020-06-16 18:37:56+02:00
9059-lille-ifop-vdn.pdf,,2020.0,9059 Lille Ifop vdn,archives/2020/juin/9059-lille-ifop-vdn.pdf,,archives/2020/juin/,http://www.commission-des-sondages.fr/notices/files/notices/2020/juin/9059-lille-ifop-vdn.pdf,/notices/medias/fichiers/add/968,2022-07-08 15:55:57,2020-06-17 11:47:18+02:00
9060-bordeaux-ipsos-france-bleu-fr3-sud-ouest.pdf,,2020.0,9060 Bordeaux  Ipsos - France Bleu Fr3 Sud Ouest,archives/2020/juin/9060-bordeaux-ipsos-france-bleu-fr3-sud-ouest.pdf,,archives/2020/juin/,http://www.commission-des-sondages.fr/notices/files/notices/2020/juin/9060-bordeaux-ipsos-france-bleu-fr3-sud-ouest.pdf,/notices/medias/fichiers/add/969,2022-07-08 15:55:57,2020-06-17 12:09:41+02:00
9061-marseille-bva-la-tribune.pdf,,2020.0,9061 Marseille BVA La tribune,archives/2020/juin/9061-marseille-bva-la-tribune.pdf,,archives/2020/juin/,http://www.commission-des-sondages.fr/notices/files/notices/2020/juin/9061-marseille-bva-la-tribune.pdf,/notices/medias/fichiers/add/970,2022-07-08 15:55:57,2020-06-19 10:36:17+02:00
9062-paris-bva-la-tribune.pdf,,2020.0,9062 Paris Bva La Tribune,archives/2020/juin/9062-paris-bva-la-tribune.pdf,,archives/2020/juin/,http://www.commission-des-sondages.fr/notices/files/notices/2020/juin/9062-paris-bva-la-tribune.pdf,/notices/medias/fichiers/add/971,2022-07-08 15:55:57,2020-06-19 18:51:49+02:00
9063-pdt-ifop-c-news.pdf,,2020.0,9063 Pdt Ifop C News,archives/2020/juin/9063-pdt-ifop-c-news.pdf,,archives/2020/juin/,http://www.commission-des-sondages.fr/notices/files/notices/2020/juin/9063-pdt-ifop-c-news.pdf,/notices/medias/fichiers/add/972,2022-07-08 15:55:57,2020-06-23 15:38:30+02:00
9064-lyon-metropole-ifop-lyon-capitale.pdf,,2020.0,9064 Lyon Métropole Ifop Lyon Capitale,archives/2020/juin/9064-lyon-metropole-ifop-lyon-capitale.pdf,,archives/2020/juin/,http://www.commission-des-sondages.fr/notices/files/notices/2020/juin/9064-lyon-metropole-ifop-lyon-capitale.pdf,/notices/medias/fichiers/add/973,2022-07-08 15:55:57,2020-06-23 16:34:23+02:00
9065-montpellier-ifop-midi-libre.pdf,,2020.0,9065 Montpellier Ifop Midi libre,archives/2020/juin/9065-montpellier-ifop-midi-libre.pdf,,archives/2020/juin/,http://www.commission-des-sondages.fr/notices/files/notices/2020/juin/9065-montpellier-ifop-midi-libre.pdf,/notices/medias/fichiers/add/974,2022-07-08 15:55:57,2020-06-23 16:54:54+02:00
9066-paris-elabe-bfmtv.pdf,,2020.0,9066 Paris ELABE BFMTV,archives/2020/juin/9066-paris-elabe-bfmtv.pdf,,archives/2020/juin/,http://www.commission-des-sondages.fr/notices/files/notices/2020/juin/9066-paris-elabe-bfmtv.pdf,/notices/medias/fichiers/add/975,2022-07-08 15:55:57,2020-06-23 22:58:26+02:00
9067-lille-elabe-spillebout.pdf,,2020.0,9067 Lille Elabe Spillebout,archives/2020/juin/9067-lille-elabe-spillebout.pdf,,archives/2020/juin/,http://www.commission-des-sondages.fr/notices/files/notices/2020/juin/9067-lille-elabe-spillebout.pdf,/notices/medias/fichiers/add/976,2022-07-08 15:55:58,2020-06-25 14:01:35+02:00
9068-paris-ifop-jdd.pdf,,2020.0,9068 Paris ifop JDD,archives/2020/juin/9068-paris-ifop-jdd.pdf,,archives/2020/juin/,http://www.commission-des-sondages.fr/notices/files/notices/2020/juin/9068-paris-ifop-jdd.pdf,/notices/medias/fichiers/add/977,2022-07-08 15:55:58,2020-06-26 16:32:17+02:00
9069-montpellier-saurel-odoxa.pdf,,2020.0,9069 Montpellier Saurel Odoxa,archives/2020/juin/9069-montpellier-saurel-odoxa.pdf,,archives/2020/juin/,http://www.commission-des-sondages.fr/notices/files/notices/2020/juin/9069-montpellier-saurel-odoxa.pdf,/notices/medias/fichiers/add/978,2022-07-08 15:55:58,2020-06-26 23:55:20+02:00
9070-pdt-elabe-bfm.pdf,,2020.0,9070 PDT Elabe BFM,archives/2020/juillet/9070-pdt-elabe-bfm.pdf,,archives/2020/juillet/,http://www.commission-des-sondages.fr/notices/files/notices/2020/juillet/9070-pdt-elabe-bfm.pdf,/notices/medias/fichiers/add/979,2022-07-08 15:55:55,2020-07-01 19:02:02+02:00
9071-st-ouen-hi-pyramid-consulting.pdf,,2020.0,9071 St Ouen HI Pyramid Consulting,archives/2020/juillet/9071-st-ouen-hi-pyramid-consulting.pdf,,archives/2020/juillet/,http://www.commission-des-sondages.fr/notices/files/notices/2020/juillet/9071-st-ouen-hi-pyramid-consulting.pdf,/notices/medias/fichiers/add/980,2022-07-08 15:55:56,2020-07-02 19:41:41+00:00
9072-ara-ow-la-tribune.pdf,,2020.0,9072 ARA OW La Tribune,archives/2020/juillet/9072-ara-ow-la-tribune.pdf,,archives/2020/juillet/,http://www.commission-des-sondages.fr/notices/files/notices/2020/juillet/9072-ara-ow-la-tribune.pdf,/notices/medias/fichiers/add/981,2022-07-08 15:55:55,
9073-idf-ifop-jdd.pdf,,2020.0,9073 IDF ifop jdd,archives/2020/juillet/9073-idf-ifop-jdd.pdf,,archives/2020/juillet/,http://www.commission-des-sondages.fr/notices/files/notices/2020/juillet/9073-idf-ifop-jdd.pdf,/notices/medias/fichiers/add/985,2022-07-08 15:55:56,2020-09-02 12:24:50+02:00
9074-pres-ifio-lettre-de-l-expansion.pdf,Pres,2020.0,9074 Pres. Ifio Lettre de l'Expansion,archives/2020/aout/9074-pres-ifio-lettre-de-l-expansion.pdf,,archives/2020/aout/,http://www.commission-des-sondages.fr/notices/files/notices/2020/aout/9074-pres-ifio-lettre-de-l-expansion.pdf,/notices/medias/fichiers/add/986,2022-07-08 15:55:44,2020-09-02 12:20:02+02:00
9075-idf-ifop-la-tribune.pdf,,2020.0,9075 Idf Ifop La Tribune,archives/2020/septembre/9075-idf-ifop-la-tribune.pdf,,archives/2020/septembre/,http://www.commission-des-sondages.fr/notices/files/notices/2020/septembre/9075-idf-ifop-la-tribune.pdf,/notices/medias/fichiers/add/989,2022-07-08 15:56:04,2020-09-07 16:11:31+02:00
9076-paca-ifop-nice-matin.pdf,,2020.0,9076 Paca Ifop Nice-Matin,archives/2020/septembre/9076-paca-ifop-nice-matin.pdf,,archives/2020/septembre/,http://www.commission-des-sondages.fr/notices/files/notices/2020/septembre/9076-paca-ifop-nice-matin.pdf,/notices/medias/fichiers/add/988,2022-07-08 15:56:04,2020-09-08 19:55:07+02:00
9077-occ-ifop-la-tribune.pdf,,2020.0,9077 Occ Ifop La Tribune,archives/2020/septembre/9077-occ-ifop-la-tribune.pdf,,archives/2020/septembre/,http://www.commission-des-sondages.fr/notices/files/notices/2020/septembre/9077-occ-ifop-la-tribune.pdf,/notices/medias/fichiers/add/990,2022-07-08 15:56:04,2020-09-11 17:13:51+02:00
9078-pres-ifop-jdd.pdf,Pres,2020.0,9078 Pres. Ifop Jdd,archives/2020/octobre/9078-pres-ifop-jdd.pdf,,archives/2020/octobre/,http://www.commission-des-sondages.fr/notices/files/notices/2020/octobre/9078-pres-ifop-jdd.pdf,/notices/medias/fichiers/add/991,2022-07-08 15:56:04,2020-10-05 12:14:07+02:00
9079-idf-ipsos-le-point.pdf,,2020.0,9079 IDF Ipsos Le point,archives/2020/octobre/9079-idf-ipsos-le-point.pdf,,archives/2020/octobre/,http://www.commission-des-sondages.fr/notices/files/notices/2020/octobre/9079-idf-ipsos-le-point.pdf,/notices/medias/fichiers/add/992,2022-07-08 15:56:04,2020-10-20 16:00:57+02:00
9080-nouvelle-aquitaine-ow-so.pdf,,2020.0,9080 Nouvelle Aquitaine OW SO,archives/2020/octobre/9080-nouvelle-aquitaine-ow-so.pdf,,archives/2020/octobre/,http://www.commission-des-sondages.fr/notices/files/notices/2020/octobre/9080-nouvelle-aquitaine-ow-so.pdf,/notices/medias/fichiers/add/993,2022-07-08 15:56:04,2020-10-22 07:52:48+00:00
9081-idf-ifop-l-obs.pdf,,2020.0,9081 IDF IFOP L'Obs,archives/2020/octobre/9081-idf-ifop-l-obs.pdf,,archives/2020/octobre/,http://www.commission-des-sondages.fr/notices/files/notices/2020/octobre/9081-idf-ifop-l-obs.pdf,/notices/medias/fichiers/add/994,2022-07-08 15:56:04,2020-10-23 17:43:34+02:00
9082-nouvelle-aquitaine-hi-eelv.pdf,,2020.0,9082 Nouvelle Aquitaine Hi Eelv,archives/2020/novembre/9082-nouvelle-aquitaine-hi-eelv.pdf,,archives/2020/novembre/,http://www.commission-des-sondages.fr/notices/files/notices/2020/novembre/9082-nouvelle-aquitaine-hi-eelv.pdf,/notices/medias/fichiers/add/995,2022-07-08 15:56:02,2020-11-04 12:29:18+01:00
9083-avertissement-du-19-novembre-2020.pdf,,2020.0,9083 avertissement du 19 novembre 2020,archives/2020/novembre/9083-avertissement-du-19-novembre-2020.pdf,,archives/2020/novembre/,http://www.commission-des-sondages.fr/notices/files/notices/2020/novembre/9083-avertissement-du-19-novembre-2020.pdf,/notices/medias/fichiers/add/1000,2022-07-08 15:56:02,2020-11-23 17:30:13+00:00
9083-normandie-ow-l-obs.pdf,,2020.0,9083 Normandie OW l'Obs,archives/2020/novembre/9083-normandie-ow-l-obs.pdf,,archives/2020/novembre/,http://www.commission-des-sondages.fr/notices/files/notices/2020/novembre/9083-normandie-ow-l-obs.pdf,/notices/medias/fichiers/add/999,2022-07-08 15:56:03,2020-11-19 11:14:35+00:00
9084-avertissement-du-23-novembre-2020.pdf,,2020.0,9084 avertissement du 23 novembre 2020,archives/2020/novembre/9084-avertissement-du-23-novembre-2020.pdf,,archives/2020/novembre/,http://www.commission-des-sondages.fr/notices/files/notices/2020/novembre/9084-avertissement-du-23-novembre-2020.pdf,/notices/medias/fichiers/add/1003,2022-07-08 15:56:03,2020-11-23 17:26:23+00:00
9084-normandie-ifop-fr3.pdf,,2020.0,9084 Normandie Ifop FR3,archives/2020/novembre/9084-normandie-ifop-fr3.pdf,,archives/2020/novembre/,http://www.commission-des-sondages.fr/notices/files/notices/2020/novembre/9084-normandie-ifop-fr3.pdf,/notices/medias/fichiers/add/1001,2022-07-08 15:56:03,2020-11-23 17:19:52+01:00
9085-hdf-ifop-la-tribune.pdf,,2020.0,9085 HDF Ifop La Tribune,archives/2020/novembre/9085-hdf-ifop-la-tribune.pdf,,archives/2020/novembre/,http://www.commission-des-sondages.fr/notices/files/notices/2020/novembre/9085-hdf-ifop-la-tribune.pdf,/notices/medias/fichiers/add/1006,2022-07-08 15:56:03,2020-11-23 17:41:22+01:00
9086-ara-ifop-lyon-capitale.pdf,,2020.0,9086 ARA Ifop Lyon Capitale,archives/2020/novembre/9086-ara-ifop-lyon-capitale.pdf,,archives/2020/novembre/,http://www.commission-des-sondages.fr/notices/files/notices/2020/novembre/9086-ara-ifop-lyon-capitale.pdf,/notices/medias/fichiers/add/1004,2022-07-08 15:56:03,2020-11-27 14:47:53+01:00
9087-pres-ifop-va.pdf,Pres,2020.0,9087 Pres. IFOP VA,archives/2020/novembre/9087-pres-ifop-va.pdf,,archives/2020/novembre/,http://www.commission-des-sondages.fr/notices/files/notices/2020/novembre/9087-pres-ifop-va.pdf,/notices/medias/fichiers/add/1005,2022-07-08 15:56:03,2020-11-27 17:27:28+01:00
9089-ref-odoxa-france-info.pdf,,2020.0,"9089 Ref. Odoxa, France info",archives/2020/decembre/9089-ref-odoxa-france-info.pdf,,archives/2020/decembre/,http://www.commission-des-sondages.fr/notices/files/notices/2020/decembre/9089-ref-odoxa-france-info.pdf,/notices/medias/fichiers/add/1008,2022-07-08 15:55:44,2020-12-18 08:29:20+01:00
9090-paca-ifop-la-tribune.pdf,,2021.0,9090 PACA IFOP la Tribune,archives/2021/janvier/9090-paca-ifop-la-tribune.pdf,,archives/2021/janvier/,http://www.commission-des-sondages.fr/notices/files/notices/2021/janvier/9090-paca-ifop-la-tribune.pdf,/notices/medias/fichiers/add/1011,2022-07-08 15:56:23,2021-01-05 16:35:54+01:00
9091-idf-hi-eelv-france-3.pdf,,2021.0,9091 IDF hi Eelv France 3,archives/2021/janvier/9091-idf-hi-eelv-france-3.pdf,,archives/2021/janvier/,http://www.commission-des-sondages.fr/notices/files/notices/2021/janvier/9091-idf-hi-eelv-france-3.pdf,/notices/medias/fichiers/add/1012,2022-07-08 15:56:23,2021-01-11 18:17:43+01:00
9092-p-hi-l-opinion.pdf,,2021.0,9092 P – Hi – l'Opinion,archives/2021/janvier/9092-p-hi-l-opinion.pdf,,archives/2021/janvier/,http://www.commission-des-sondages.fr/notices/files/notices/2021/janvier/9092-p-hi-l-opinion.pdf,/notices/medias/fichiers/add/1013,2022-07-08 15:56:23,2021-01-25 12:10:12+01:00
9093-pdloire-opinion-way.pdf,,2021.0,9093 PDLoire Opinion Way,archives/2021/janvier/9093-pdloire-opinion-way.pdf,,archives/2021/janvier/,http://www.commission-des-sondages.fr/notices/files/notices/2021/janvier/9093-pdloire-opinion-way.pdf,/notices/medias/fichiers/add/1014,2022-07-08 15:56:23,2021-01-26 11:46:19+00:00
9094-regiotrack-ow-les-echos.pdf,,2021.0,9094 Regiotrack OW Les Échos,archives/2021/janvier/9094-regiotrack-ow-les-echos.pdf,,archives/2021/janvier/,http://www.commission-des-sondages.fr/notices/files/notices/2021/janvier/9094-regiotrack-ow-les-echos.pdf,/notices/medias/fichiers/add/1015,2022-07-08 15:56:23,2021-01-28 16:29:08+00:00
9095-pres-ipsos-l-obs.pdf,Pres,2021.0,9095 Pres. Ipsos L'Obs,archives/2021/fevrier/9095-pres-ipsos-l-obs.pdf,,archives/2021/fevrier/,http://www.commission-des-sondages.fr/notices/files/notices/2021/fevrier/9095-pres-ipsos-l-obs.pdf,/notices/medias/fichiers/add/1016,2022-07-08 15:56:21,2021-02-03 00:01:06+01:00
9096-p-ifop-le-figaro.pdf,,2021.0,9096 P. IFOP le Figaro,archives/2021/fevrier/9096-p-ifop-le-figaro.pdf,,archives/2021/fevrier/,http://www.commission-des-sondages.fr/notices/files/notices/2021/fevrier/9096-p-ifop-le-figaro.pdf,/notices/medias/fichiers/add/1017,2022-07-08 15:56:21,2021-02-11 16:29:52+01:00
9097-reg-ow-europe-1-lrem.pdf,,2021.0,9097 Reg OW Europe 1 LREM,archives/2021/fevrier/9097-reg-ow-europe-1-lrem.pdf,,archives/2021/fevrier/,http://www.commission-des-sondages.fr/notices/files/notices/2021/fevrier/9097-reg-ow-europe-1-lrem.pdf,/notices/medias/fichiers/add/1018,2022-07-08 15:56:21,2021-02-11 13:30:42+00:00
9098-grand-est-ifop-lr.pdf,,2021.0,9098 Grand Est IFOP LR,archives/2021/fevrier/9098-grand-est-ifop-lr.pdf,,archives/2021/fevrier/,http://www.commission-des-sondages.fr/notices/files/notices/2021/fevrier/9098-grand-est-ifop-lr.pdf,/notices/medias/fichiers/add/1019,2022-07-08 15:56:22,2021-02-16 18:42:09+01:00
9099-regio-track-2-ow-les-echos.pdf,,2021.0,9099 Régio Track 2 OW les Échos,archives/2021/fevrier/9099-regio-track-2-ow-les-echos.pdf,,archives/2021/fevrier/,http://www.commission-des-sondages.fr/notices/files/notices/2021/fevrier/9099-regio-track-2-ow-les-echos.pdf,/notices/medias/fichiers/add/1020,2022-07-08 15:56:22,2021-02-25 14:04:41+00:00
9100-ara-hi-eelv.pdf,,2021.0,9100 Ara HI EELV,archives/2021/fevrier/9100-ara-hi-eelv.pdf,,archives/2021/fevrier/,http://www.commission-des-sondages.fr/notices/files/notices/2021/fevrier/9100-ara-hi-eelv.pdf,/notices/medias/fichiers/add/1021,2022-07-08 15:56:22,2021-02-26 09:51:59+01:00
9101-p-ez-ifop-va.pdf,,2021.0,9101 P. EZ IFOP VA,archives/2021/mars/9101-p-ez-ifop-va.pdf,,archives/2021/mars/,http://www.commission-des-sondages.fr/notices/files/notices/2021/mars/9101-p-ez-ifop-va.pdf,/notices/medias/fichiers/add/1023,2022-07-08 15:56:37,2021-03-01 17:23:56+01:00
9102-p-hi-l-opinion.pdf,,2021.0,9102 P HI l'Opinion,archives/2021/mars/9102-p-hi-l-opinion.pdf,,archives/2021/mars/,http://www.commission-des-sondages.fr/notices/files/notices/2021/mars/9102-p-hi-l-opinion.pdf,/notices/medias/fichiers/add/1024,2022-07-08 15:56:37,2021-03-06 22:19:58+01:00
9103-p-ifop-club-de-la-presse.pdf,Pres,2021.0,9103 P. Ifop club de la presse,archives/2021/mars/9103-p-ifop-club-de-la-presse.pdf,,archives/2021/mars/,http://www.commission-des-sondages.fr/notices/files/notices/2021/mars/9103-p-ifop-club-de-la-presse.pdf,/notices/medias/fichiers/add/1025,2022-07-08 15:56:37,2021-03-09 12:56:52+01:00
9104-occitanie-ifop-lr.pdf,,2021.0,9104 Occitanie IFOP LR,archives/2021/mars/9104-occitanie-ifop-lr.pdf,,archives/2021/mars/,http://www.commission-des-sondages.fr/notices/files/notices/2021/mars/9104-occitanie-ifop-lr.pdf,/notices/medias/fichiers/add/1026,2022-07-08 15:56:37,2021-03-09 13:40:42+01:00
9105-p-potentiel-mlp-elabe-bfmtv.pdf,,2021.0,9105 P Potentiel MLP Elabe BFMtv,archives/2021/mars/9105-p-potentiel-mlp-elabe-bfmtv.pdf,,archives/2021/mars/,http://www.commission-des-sondages.fr/notices/files/notices/2021/mars/9105-p-potentiel-mlp-elabe-bfmtv.pdf,/notices/medias/fichiers/add/1027,2022-07-08 15:56:37,2021-03-10 20:33:37+00:00
9106-p-ifop-marianne.pdf,,2021.0,9106 P Ifop Marianne,archives/2021/mars/9106-p-ifop-marianne.pdf,,archives/2021/mars/,http://www.commission-des-sondages.fr/notices/files/notices/2021/mars/9106-p-ifop-marianne.pdf,/notices/medias/fichiers/add/1028,2022-07-08 15:56:38,2021-03-19 18:12:04+01:00
9107-regiotrack-v3-ow-les-echos.pdf,,2021.0,9107 Regiotrack  v3 OW Les Échos,archives/2021/mars/9107-regiotrack-v3-ow-les-echos.pdf,,archives/2021/mars/,http://www.commission-des-sondages.fr/notices/files/notices/2021/mars/9107-regiotrack-v3-ow-les-echos.pdf,/notices/medias/fichiers/add/1029,2022-07-08 15:56:38,2021-03-25 13:32:27+00:00
9108-p-reg-odoxa-le-figaro.pdf,,2021.0,9108 P-reg Odoxa le Figaro,archives/2021/mars/9108-p-reg-odoxa-le-figaro.pdf,,archives/2021/mars/,http://www.commission-des-sondages.fr/notices/files/notices/2021/mars/9108-p-reg-odoxa-le-figaro.pdf,/notices/medias/fichiers/add/1030,2022-07-08 15:56:38,2021-03-26 16:44:51+00:00
9109-reg-idf-bva-orange.pdf,,2021.0,9109 Reg IDF BVA Orange,archives/2021/mars/9109-reg-idf-bva-orange.pdf,,archives/2021/mars/,http://www.commission-des-sondages.fr/notices/files/notices/2021/mars/9109-reg-idf-bva-orange.pdf,/notices/medias/fichiers/add/1031,2022-07-08 15:56:38,2021-03-28 22:31:32+02:00
9110-normandie-ifop-paris-normandie.pdf,,2021.0,9110 Normandie Ifop Paris-Normandie,archives/2021/mars/9110-normandie-ifop-paris-normandie.pdf,,archives/2021/mars/,http://www.commission-des-sondages.fr/notices/files/notices/2021/mars/9110-normandie-ifop-paris-normandie.pdf,/notices/medias/fichiers/add/1032,2022-07-08 15:56:38,2021-03-31 18:01:18+02:00
9112-idf-ipsos-le-parisien.pdf,,2021.0,9112 IdF IPSOS Le Parisien,archives/2021/avril/9112-idf-ipsos-le-parisien.pdf,,archives/2021/avril/,http://www.commission-des-sondages.fr/notices/files/notices/2021/avril/9112-idf-ipsos-le-parisien.pdf,/notices/medias/fichiers/add/1033,2022-07-08 15:56:14,2021-04-09 14:47:49+02:00
9113-p-ifop-jddpdf.pdf,,2021.0,9113. P. Ifop Jddpdf,archives/2021/avril/9113-p-ifop-jddpdf.pdf,,archives/2021/avril/,http://www.commission-des-sondages.fr/notices/files/notices/2021/avril/9113-p-ifop-jddpdf.pdf,/notices/medias/fichiers/add/1034,2022-07-08 15:56:14,2021-04-08 19:10:29+02:00
9114-p-elabe-bfmtv.pdf,,2021.0,9114 P. Elabe BFMTV,archives/2021/avril/9114-p-elabe-bfmtv.pdf,,archives/2021/avril/,http://www.commission-des-sondages.fr/notices/files/notices/2021/avril/9114-p-elabe-bfmtv.pdf,/notices/medias/fichiers/add/1035,2022-07-08 15:56:14,2021-04-14 16:48:05+02:00
9115-p-odoxa-le-figaro.pdf,,2021.0,9115 P Odoxa le Figaro,archives/2021/avril/9115-p-odoxa-le-figaro.pdf,,archives/2021/avril/,http://www.commission-des-sondages.fr/notices/files/notices/2021/avril/9115-p-odoxa-le-figaro.pdf,/notices/medias/fichiers/add/1037,2022-07-08 15:56:14,2021-04-15 17:20:42+02:00
9116-paca-ifop-ps.pdf,,2021.0,9116 PACA IFOP PS,archives/2021/avril/9116-paca-ifop-ps.pdf,,archives/2021/avril/,http://www.commission-des-sondages.fr/notices/files/notices/2021/avril/9116-paca-ifop-ps.pdf,/notices/medias/fichiers/add/1042,2022-07-08 15:56:15,2021-04-22 17:00:50+02:00
9117-idf-hi-eelv-avertissement.pdf,,2021.0,9117 IDF – HI – EELV avertissement,archives/2021/avril/9117-idf-hi-eelv-avertissement.pdf,,archives/2021/avril/,http://www.commission-des-sondages.fr/notices/files/notices/2021/avril/9117-idf-hi-eelv-avertissement.pdf,/notices/medias/fichiers/add/1039,2022-07-08 15:56:14,2021-04-17 16:06:21+00:00
9117-idf-hi-eelv.pdf,,2021.0,9117 IdF – HI – EELV,archives/2021/avril/9117-idf-hi-eelv.pdf,,archives/2021/avril/,http://www.commission-des-sondages.fr/notices/files/notices/2021/avril/9117-idf-hi-eelv.pdf,/notices/medias/fichiers/add/1038,2022-07-08 15:56:15,2021-04-17 14:30:00+02:00
9118-paca-ifop-la-tribune.pdf,,2021.0,9118 PACA Ifop la Tribune,archives/2021/avril/9118-paca-ifop-la-tribune.pdf,,archives/2021/avril/,http://www.commission-des-sondages.fr/notices/files/notices/2021/avril/9118-paca-ifop-la-tribune.pdf,/notices/medias/fichiers/add/1036,2022-07-08 15:56:15,2021-04-15 18:54:14+02:00
9119-grand-est-hi-est-repu.pdf,,2021.0,9119 Grand-Est HI Est-Répu,archives/2021/avril/9119-grand-est-hi-est-repu.pdf,,archives/2021/avril/,http://www.commission-des-sondages.fr/notices/files/notices/2021/avril/9119-grand-est-hi-est-repu.pdf,/notices/medias/fichiers/add/1041,2022-07-08 15:56:15,2021-04-20 20:01:29+02:00
9120-normandie-ow-bonnaterre.pdf,,2021.0,9120 Normandie OW Bonnaterre,archives/2021/avril/9120-normandie-ow-bonnaterre.pdf,,archives/2021/avril/,http://www.commission-des-sondages.fr/notices/files/notices/2021/avril/9120-normandie-ow-bonnaterre.pdf,/notices/medias/fichiers/add/1043,2022-07-08 15:56:15,2021-04-21 14:58:36+00:00
9121-p-hi-v1-challenges.pdf,,2021.0,9121 P HI v1 Challenges,archives/2021/avril/9121-p-hi-v1-challenges.pdf,,archives/2021/avril/,http://www.commission-des-sondages.fr/notices/files/notices/2021/avril/9121-p-hi-v1-challenges.pdf,/notices/medias/fichiers/add/1044,2022-07-08 15:56:15,2021-04-21 18:04:38+02:00
9122-p-ipsos-cevipof-le-monde.pdf,,2021.0,9122 P. Ipsos Cevipof Le Monde ,archives/2021/avril/9122-p-ipsos-cevipof-le-monde.pdf,,archives/2021/avril/,http://www.commission-des-sondages.fr/notices/files/notices/2021/avril/9122-p-ipsos-cevipof-le-monde.pdf,/notices/medias/fichiers/add/1045,2022-07-08 15:56:16,2021-04-22 16:48:39+02:00
9123-ref-nc-quidnovi-radio-oceane.pdf,,2021.0,9123 Ref NC Quidnovi Radio océane,archives/2021/avril/9123-ref-nc-quidnovi-radio-oceane.pdf,,archives/2021/avril/,http://www.commission-des-sondages.fr/notices/files/notices/2021/avril/9123-ref-nc-quidnovi-radio-oceane.pdf,/notices/medias/fichiers/add/1047,2022-07-08 15:56:16,2021-04-23 15:59:11+11:00
9124-p-ifop-jdd.pdf,,2021.0,9124 P. Ifop Jdd,archives/2021/avril/9124-p-ifop-jdd.pdf,,archives/2021/avril/,http://www.commission-des-sondages.fr/notices/files/notices/2021/avril/9124-p-ifop-jdd.pdf,/notices/medias/fichiers/add/1046,2022-07-08 15:56:16,2021-04-23 18:16:06+02:00
9125-regiotrack-4-ow-les-echos.pdf,,2021.0,9125 Régiotrack 4 OW Les Échos,archives/2021/avril/9125-regiotrack-4-ow-les-echos.pdf,,archives/2021/avril/,http://www.commission-des-sondages.fr/notices/files/notices/2021/avril/9125-regiotrack-4-ow-les-echos.pdf,/notices/medias/fichiers/add/1048,2022-07-08 15:56:16,2021-04-30 08:52:44+00:00
9126-idf-ipsos-france-tv.pdf,,2021.0,9126 IDF Ipsos France TV,archives/2021/mai/9126-idf-ipsos-france-tv.pdf,,archives/2021/mai/,http://www.commission-des-sondages.fr/notices/files/notices/2021/mai/9126-idf-ipsos-france-tv.pdf,/notices/medias/fichiers/add/1049,2022-07-08 15:56:35,2021-04-30 18:10:47+02:00
9127-hdf-bva-orange.pdf,,2021.0,9127 HdF Bva Orange,archives/2021/mai/9127-hdf-bva-orange.pdf,,archives/2021/mai/,http://www.commission-des-sondages.fr/notices/files/notices/2021/mai/9127-hdf-bva-orange.pdf,/notices/medias/fichiers/add/1050,2022-07-08 15:56:35,2021-05-02 19:47:13+02:00
9128-ara-ipsos-radio-france.pdf,,2021.0,9128 ARA Ipsos Radio France,archives/2021/mai/9128-ara-ipsos-radio-france.pdf,,archives/2021/mai/,http://www.commission-des-sondages.fr/notices/files/notices/2021/mai/9128-ara-ipsos-radio-france.pdf,/notices/medias/fichiers/add/1051,2022-07-08 15:56:35,2021-05-03 15:41:31+02:00
9129-hdf-ipsos-radio-france.pdf,,2021.0,9129 HDF IPSOS Radio France,archives/2021/mai/9129-hdf-ipsos-radio-france.pdf,,archives/2021/mai/,http://www.commission-des-sondages.fr/notices/files/notices/2021/mai/9129-hdf-ipsos-radio-france.pdf,/notices/medias/fichiers/add/1052,2022-07-08 15:56:35,2021-05-04 12:22:46+02:00
9130-nouvelle-aquitaine-ipsos-radio-france.pdf,,2021.0,9130 Nouvelle Aquitaine Ipsos radio France,archives/2021/mai/9130-nouvelle-aquitaine-ipsos-radio-france.pdf,,archives/2021/mai/,http://www.commission-des-sondages.fr/notices/files/notices/2021/mai/9130-nouvelle-aquitaine-ipsos-radio-france.pdf,/notices/medias/fichiers/add/1053,2022-07-08 15:56:35,2021-05-05 11:04:05+02:00
9131-droite-odoxa-le-figaro.pdf,,2021.0,9131 Droite Odoxa le Figaro,archives/2021/mai/9131-droite-odoxa-le-figaro.pdf,,archives/2021/mai/,http://www.commission-des-sondages.fr/notices/files/notices/2021/mai/9131-droite-odoxa-le-figaro.pdf,/notices/medias/fichiers/add/1054,2022-07-08 15:56:35,2021-05-06 15:37:04+02:00
9132-bretagne-odoxa-le-telegramme.pdf,,2021.0,9132 Bretagne Odoxa le Télégramme,archives/2021/mai/9132-bretagne-odoxa-le-telegramme.pdf,,archives/2021/mai/,http://www.commission-des-sondages.fr/notices/files/notices/2021/mai/9132-bretagne-odoxa-le-telegramme.pdf,/notices/medias/fichiers/add/1055,2022-07-08 15:56:35,2021-05-07 15:23:34+02:00
9133-paca-ipsos-france-tv.pdf,,2021.0,9133 Paca Ipsos France tv,archives/2021/mai/9133-paca-ipsos-france-tv.pdf,,archives/2021/mai/,http://www.commission-des-sondages.fr/notices/files/notices/2021/mai/9133-paca-ipsos-france-tv.pdf,/notices/medias/fichiers/add/1056,2022-07-08 15:56:35,2021-05-11 10:33:14+02:00
9134-paca-ifop-le-figarp.pdf,,2021.0,9134 Paca IFOP Le Figarp,archives/2021/mai/9134-paca-ifop-le-figarp.pdf,,archives/2021/mai/,http://www.commission-des-sondages.fr/notices/files/notices/2021/mai/9134-paca-ifop-le-figarp.pdf,/notices/medias/fichiers/add/1057,2022-07-08 15:56:36,2021-05-12 11:27:02+02:00
9135-centre-val-de-loire-ipsos-france-bleu.pdf,,2021.0,9135 Centre-Val-de-Loire Ipsos France bleu,archives/2021/mai/9135-centre-val-de-loire-ipsos-france-bleu.pdf,,archives/2021/mai/,http://www.commission-des-sondages.fr/notices/files/notices/2021/mai/9135-centre-val-de-loire-ipsos-france-bleu.pdf,/notices/medias/fichiers/add/1058,2022-07-08 15:56:36,2021-05-17 17:07:42+02:00
9136-p-hi-challenges-v2.pdf,,2021.0,9136 P. HI Challenges V2,archives/2021/mai/9136-p-hi-challenges-v2.pdf,,archives/2021/mai/,http://www.commission-des-sondages.fr/notices/files/notices/2021/mai/9136-p-hi-challenges-v2.pdf,/notices/medias/fichiers/add/1059,2022-07-08 15:56:36,2021-05-19 14:53:44+02:00
9137-hdf-hi-challenges.pdf,,2021.0,9137 HDF HI Challenges ,archives/2021/mai/9137-hdf-hi-challenges.pdf,,archives/2021/mai/,http://www.commission-des-sondages.fr/notices/files/notices/2021/mai/9137-hdf-hi-challenges.pdf,/notices/medias/fichiers/add/1060,2022-07-08 15:56:36,2021-05-25 12:06:38+02:00
9138-p-hi-challenges.pdf,,2021.0,9138 P HI Challenges,archives/2021/mai/9138-p-hi-challenges.pdf,,archives/2021/mai/,http://www.commission-des-sondages.fr/notices/files/notices/2021/mai/9138-p-hi-challenges.pdf,/notices/medias/fichiers/add/1061,2022-07-08 15:56:36,2021-05-25 12:19:01+02:00
9139-p-ifop-le-figaro.pdf,,2021.0,9139 P Ifop Le Figaro,archives/2021/mai/9139-p-ifop-le-figaro.pdf,,archives/2021/mai/,http://www.commission-des-sondages.fr/notices/files/notices/2021/mai/9139-p-ifop-le-figaro.pdf,/notices/medias/fichiers/add/1062,2022-07-08 15:56:36,2021-05-25 12:41:59+02:00
9140-hdf-ifop-le-figaro.pdf,,2021.0,9140 HDF Ifop le Figaro,archives/2021/mai/9140-hdf-ifop-le-figaro.pdf,,archives/2021/mai/,http://www.commission-des-sondages.fr/notices/files/notices/2021/mai/9140-hdf-ifop-le-figaro.pdf,/notices/medias/fichiers/add/1063,2022-07-08 15:56:36,2021-05-25 13:15:32+02:00
9141-idf-ifop-le-figaro.pdf,,2021.0,9141 IDF IFOP  Le Figaro,archives/2021/mai/9141-idf-ifop-le-figaro.pdf,,archives/2021/mai/,http://www.commission-des-sondages.fr/notices/files/notices/2021/mai/9141-idf-ifop-le-figaro.pdf,/notices/medias/fichiers/add/1064,2022-07-08 15:56:36,2021-05-25 14:57:34+02:00
9142-reg-baro-odoxa-pqr.pdf,,2021.0,9143 Reg Baro Odoxa PQR,archives/2021/mai/9142-reg-baro-odoxa-pqr.pdf,,archives/2021/mai/,http://www.commission-des-sondages.fr/notices/files/notices/2021/mai/9142-reg-baro-odoxa-pqr.pdf,/notices/medias/fichiers/add/1065,2022-07-08 15:56:36,2021-05-24 18:48:34+02:00
9143-paca-elabe-bfmtv.pdf,,2021.0,9142 Paca elabe Bfmtv,archives/2021/mai/9143-paca-elabe-bfmtv.pdf,,archives/2021/mai/,http://www.commission-des-sondages.fr/notices/files/notices/2021/mai/9143-paca-elabe-bfmtv.pdf,/notices/medias/fichiers/add/1066,2022-07-08 15:56:37,2021-05-26 17:02:04+02:00
9144-regiotrack-v5-ow-les-echos.pdf,,2021.0,9144 Regiotrack v5 OW les Échos,archives/2021/mai/9144-regiotrack-v5-ow-les-echos.pdf,,archives/2021/mai/,http://www.commission-des-sondages.fr/notices/files/notices/2021/mai/9144-regiotrack-v5-ow-les-echos.pdf,/notices/medias/fichiers/add/1067,2022-07-08 15:56:37,2021-05-28 12:42:13+00:00
9145-aura-ifop-lyon-capitale.pdf,,2021.0,9145 Aura Ifop Lyon capitale,archives/2021/mai/9145-aura-ifop-lyon-capitale.pdf,,archives/2021/mai/,http://www.commission-des-sondages.fr/notices/files/notices/2021/mai/9145-aura-ifop-lyon-capitale.pdf,/notices/medias/fichiers/add/1068,2022-07-08 15:56:37,2021-05-28 17:39:59+02:00
9147-idf-ow-c-news.pdf,,2021.0,9147 Idf OW C News,archives/2021/juin/9147-idf-ow-c-news.pdf,,archives/2021/juin/,http://www.commission-des-sondages.fr/notices/files/notices/2021/juin/9147-idf-ow-c-news.pdf,/notices/medias/fichiers/add/1069,2022-07-08 15:56:24,2021-05-31 17:52:51+00:00
9148-hdf-ipsos-france-tv.pdf,,2021.0,9148 HDF IPSOS France Tv,archives/2021/juin/9148-hdf-ipsos-france-tv.pdf,,archives/2021/juin/,http://www.commission-des-sondages.fr/notices/files/notices/2021/juin/9148-hdf-ipsos-france-tv.pdf,/notices/medias/fichiers/add/1070,2022-07-08 15:56:24,2021-06-01 11:47:06+02:00
9149-idf-ipsos-libres.pdf,,2021.0,9149 IdF Ipsos Libres !,archives/2021/juin/9149-idf-ipsos-libres.pdf,,archives/2021/juin/,http://www.commission-des-sondages.fr/notices/files/notices/2021/juin/9149-idf-ipsos-libres.pdf,/notices/medias/fichiers/add/1071,2022-07-08 15:56:24,2021-06-01 17:19:39+02:00
9150-hdf-bva-vdn.pdf,,2021.0,9150 HdF BVA VDN,archives/2021/juin/9150-hdf-bva-vdn.pdf,,archives/2021/juin/,http://www.commission-des-sondages.fr/notices/files/notices/2021/juin/9150-hdf-bva-vdn.pdf,/notices/medias/fichiers/add/1072,2022-07-08 15:56:25,2021-06-01 22:02:32+02:00
9151-aura-ow-c-news.pdf,,2021.0,9151 AuRA OW C-News,archives/2021/juin/9151-aura-ow-c-news.pdf,,archives/2021/juin/,http://www.commission-des-sondages.fr/notices/files/notices/2021/juin/9151-aura-ow-c-news.pdf,/notices/medias/fichiers/add/1073,2022-07-08 15:56:25,2021-06-01 20:37:51+00:00
9152-idf-elabe-bfmtv.pdf,,2021.0,9152 IdF Elabe BFMTV,archives/2021/juin/9152-idf-elabe-bfmtv.pdf,,archives/2021/juin/,http://www.commission-des-sondages.fr/notices/files/notices/2021/juin/9152-idf-elabe-bfmtv.pdf,/notices/medias/fichiers/add/1074,2022-07-08 15:56:25,2021-06-02 15:29:20+02:00
9153-grand-est-ow-unissons-nos-energies.pdf,,2021.0,9153 Grand Est OW Unissons nos énergies,archives/2021/juin/9153-grand-est-ow-unissons-nos-energies.pdf,,archives/2021/juin/,http://www.commission-des-sondages.fr/notices/files/notices/2021/juin/9153-grand-est-ow-unissons-nos-energies.pdf,/notices/medias/fichiers/add/1075,2022-07-08 15:56:25,2021-06-03 15:51:38+00:00
9154-paca-ow-c-news.pdf,,2021.0,9154 Paca OW C-News,archives/2021/juin/9154-paca-ow-c-news.pdf,,archives/2021/juin/,http://www.commission-des-sondages.fr/notices/files/notices/2021/juin/9154-paca-ow-c-news.pdf,/notices/medias/fichiers/add/1076,2022-07-08 15:56:25,2021-06-03 20:30:54+00:00
9155-hdf-ow-cnews.pdf,,2021.0,9155 HDF OW CNews,archives/2021/juin/9155-hdf-ow-cnews.pdf,,archives/2021/juin/,http://www.commission-des-sondages.fr/notices/files/notices/2021/juin/9155-hdf-ow-cnews.pdf,/notices/medias/fichiers/add/1077,2022-07-08 15:56:25,2021-06-07 10:27:02+00:00
9156-occ-ifop-la-tribune.pdf,,2021.0,9156 OCC Ifop La Tribune,archives/2021/juin/9156-occ-ifop-la-tribune.pdf,,archives/2021/juin/,http://www.commission-des-sondages.fr/notices/files/notices/2021/juin/9156-occ-ifop-la-tribune.pdf,/notices/medias/fichiers/add/1083,2022-07-08 15:56:26,2021-06-08 11:55:55+02:00
9157-aura-ifop-le-figaro.pdf,,2021.0,9157 Aura Ifop Le Figaro,archives/2021/juin/9157-aura-ifop-le-figaro.pdf,,archives/2021/juin/,http://www.commission-des-sondages.fr/notices/files/notices/2021/juin/9157-aura-ifop-le-figaro.pdf,/notices/medias/fichiers/add/1079,2022-07-08 15:56:26,2021-06-07 16:53:11+02:00
9158-paca-ifop-le-figaro.pdf,,2021.0,9158 Paca Ifop Le Figaro,archives/2021/juin/9158-paca-ifop-le-figaro.pdf,,archives/2021/juin/,http://www.commission-des-sondages.fr/notices/files/notices/2021/juin/9158-paca-ifop-le-figaro.pdf,/notices/medias/fichiers/add/1080,2022-07-08 15:56:26,2021-06-07 18:09:31+02:00
9159-idf-bva-orange-rtl.pdf,,2021.0,9159 Idf Bva Orange RTL,archives/2021/juin/9159-idf-bva-orange-rtl.pdf,,archives/2021/juin/,http://www.commission-des-sondages.fr/notices/files/notices/2021/juin/9159-idf-bva-orange-rtl.pdf,/notices/medias/fichiers/add/1081,2022-07-08 15:56:26,2021-06-07 19:35:15+02:00
9160-idf-ow-c-news.pdf,,2021.0,9160 IDF OW C-News,archives/2021/juin/9160-idf-ow-c-news.pdf,,archives/2021/juin/,http://www.commission-des-sondages.fr/notices/files/notices/2021/juin/9160-idf-ow-c-news.pdf,/notices/medias/fichiers/add/1082,2022-07-08 15:56:26,2021-06-07 15:53:10+00:00
9161-nouvele-aquitaine-ifop-la-tribune.pdf,,2021.0,9161 Nouvele Aquitaine Ifop La Tribune,archives/2021/juin/9161-nouvele-aquitaine-ifop-la-tribune.pdf,,archives/2021/juin/,http://www.commission-des-sondages.fr/notices/files/notices/2021/juin/9161-nouvele-aquitaine-ifop-la-tribune.pdf,/notices/medias/fichiers/add/1084,2022-07-08 15:56:26,2021-06-08 12:20:45+02:00
9162-la-reunion-sagis-france-television.pdf,,2021.0,9162 La Réunion SAGIS France Télévision,archives/2021/juin/9162-la-reunion-sagis-france-television.pdf,,archives/2021/juin/,http://www.commission-des-sondages.fr/notices/files/notices/2021/juin/9162-la-reunion-sagis-france-television.pdf,/notices/medias/fichiers/add/1085,2022-07-08 15:56:27,2021-06-07 15:36:28+04:00
9163-idf-ipsos-france-tv.pdf,,2021.0,9163 IDF IPSOS France TV,archives/2021/juin/9163-idf-ipsos-france-tv.pdf,,archives/2021/juin/,http://www.commission-des-sondages.fr/notices/files/notices/2021/juin/9163-idf-ipsos-france-tv.pdf,/notices/medias/fichiers/add/1086,2022-07-08 15:56:27,2021-06-08 18:56:01+02:00
9164-paca-ipsos-france-tv.pdf,,2021.0,9164 PACA IPSOS FRANCE TV,archives/2021/juin/9164-paca-ipsos-france-tv.pdf,,archives/2021/juin/,http://www.commission-des-sondages.fr/notices/files/notices/2021/juin/9164-paca-ipsos-france-tv.pdf,/notices/medias/fichiers/add/1087,2022-07-08 15:56:27,2021-06-08 18:56:57+02:00
9165-aura-ipsos-france-tv.pdf,,2021.0,9165 AURA IPSOS France TV,archives/2021/juin/9165-aura-ipsos-france-tv.pdf,,archives/2021/juin/,http://www.commission-des-sondages.fr/notices/files/notices/2021/juin/9165-aura-ipsos-france-tv.pdf,/notices/medias/fichiers/add/1088,2022-07-08 15:56:28,2021-06-08 18:55:03+02:00
9166-centre-vdl-ipsos-france-tv.pdf,,2021.0,9166 Centre VDL IPSOS France TV,archives/2021/juin/9166-centre-vdl-ipsos-france-tv.pdf,,archives/2021/juin/,http://www.commission-des-sondages.fr/notices/files/notices/2021/juin/9166-centre-vdl-ipsos-france-tv.pdf,/notices/medias/fichiers/add/1089,2022-07-08 15:56:28,2021-06-08 18:59:09+02:00
9167-bfc-ipsos-france-tv.pdf,,2021.0,9167 BFC IPSOS France TV,archives/2021/juin/9167-bfc-ipsos-france-tv.pdf,,archives/2021/juin/,http://www.commission-des-sondages.fr/notices/files/notices/2021/juin/9167-bfc-ipsos-france-tv.pdf,/notices/medias/fichiers/add/1090,2022-07-08 15:56:28,2021-06-08 19:00:06+02:00
9168-nouvelle-a-ipsos-france-tv.pdf,,2021.0,9168 Nouvelle A IPSOS  France TV,archives/2021/juin/9168-nouvelle-a-ipsos-france-tv.pdf,,archives/2021/juin/,http://www.commission-des-sondages.fr/notices/files/notices/2021/juin/9168-nouvelle-a-ipsos-france-tv.pdf,/notices/medias/fichiers/add/1091,2022-07-08 15:56:28,2021-06-08 18:58:09+02:00
9169-normandie-ipsos-france-tv.pdf,,2021.0,9169 Normandie IPSOS France TV,archives/2021/juin/9169-normandie-ipsos-france-tv.pdf,,archives/2021/juin/,http://www.commission-des-sondages.fr/notices/files/notices/2021/juin/9169-normandie-ipsos-france-tv.pdf,/notices/medias/fichiers/add/1092,2022-07-08 15:56:29,2021-06-08 19:01:05+02:00
9170-grand-est-ipsos-france-tv.pdf,,2021.0,9170 Grand Est IPSOS France TV ,archives/2021/juin/9170-grand-est-ipsos-france-tv.pdf,,archives/2021/juin/,http://www.commission-des-sondages.fr/notices/files/notices/2021/juin/9170-grand-est-ipsos-france-tv.pdf,/notices/medias/fichiers/add/1093,2022-07-08 15:56:29,2021-06-08 19:06:14+02:00
9171-pdll-ipsos-france-tv.pdf,,2021.0,9171 PDLL IPSOS France TV,archives/2021/juin/9171-pdll-ipsos-france-tv.pdf,,archives/2021/juin/,http://www.commission-des-sondages.fr/notices/files/notices/2021/juin/9171-pdll-ipsos-france-tv.pdf,/notices/medias/fichiers/add/1094,2022-07-08 15:56:29,2021-06-08 19:09:28+02:00
9172-bretagne-ipsos-france-tv.pdf,,2021.0,9172 Bretagne Ipsos France TV,archives/2021/juin/9172-bretagne-ipsos-france-tv.pdf,,archives/2021/juin/,http://www.commission-des-sondages.fr/notices/files/notices/2021/juin/9172-bretagne-ipsos-france-tv.pdf,/notices/medias/fichiers/add/1095,2022-07-08 15:56:30,2021-06-08 19:10:23+02:00
9173-occ-ipsos-france-tv.pdf,,2021.0,9173 OCC IPSOS France TV,archives/2021/juin/9173-occ-ipsos-france-tv.pdf,,archives/2021/juin/,http://www.commission-des-sondages.fr/notices/files/notices/2021/juin/9173-occ-ipsos-france-tv.pdf,/notices/medias/fichiers/add/1096,2022-07-08 15:56:30,2021-06-08 19:11:31+02:00
9174-normandie-elabe-le-courrier-cauchois.pdf,,2021.0,9174 Normandie Elabe Le courrier Cauchois,archives/2021/juin/9174-normandie-elabe-le-courrier-cauchois.pdf,,archives/2021/juin/,http://www.commission-des-sondages.fr/notices/files/notices/2021/juin/9174-normandie-elabe-le-courrier-cauchois.pdf,/notices/medias/fichiers/add/1097,2022-07-08 15:56:30,2021-06-08 18:54:43+02:00
9175-aura-ow-c-news.pdf,,2021.0,9175 AURA OW C-News,archives/2021/juin/9175-aura-ow-c-news.pdf,,archives/2021/juin/,http://www.commission-des-sondages.fr/notices/files/notices/2021/juin/9175-aura-ow-c-news.pdf,/notices/medias/fichiers/add/1098,2022-07-08 15:56:30,2021-06-09 08:53:36+00:00
9176-hdf-ifop-la-tribune.pdf,,2021.0,9176 HDF Ifop la Tribune,archives/2021/juin/9176-hdf-ifop-la-tribune.pdf,,archives/2021/juin/,http://www.commission-des-sondages.fr/notices/files/notices/2021/juin/9176-hdf-ifop-la-tribune.pdf,/notices/medias/fichiers/add/1099,2022-07-08 15:56:31,2021-06-09 13:03:48+02:00
9177-hdf-elabe-bfmtv.pdf,,2021.0,9177 HDF Elabe BFMtv,archives/2021/juin/9177-hdf-elabe-bfmtv.pdf,,archives/2021/juin/,http://www.commission-des-sondages.fr/notices/files/notices/2021/juin/9177-hdf-elabe-bfmtv.pdf,/notices/medias/fichiers/add/1100,2022-07-08 15:56:30,2021-06-09 16:11:40+02:00
9178-occ-ifop-la-depeche.pdf,,2021.0,9178 Occ Ifop la Dépèche,archives/2021/juin/9178-occ-ifop-la-depeche.pdf,,archives/2021/juin/,http://www.commission-des-sondages.fr/notices/files/notices/2021/juin/9178-occ-ifop-la-depeche.pdf,/notices/medias/fichiers/add/1101,2022-07-08 15:56:31,2021-06-14 13:16:14+02:00
9179-idf-ow-c-news.pdf,,2021.0,9179 IDF OW C-NEWS,archives/2021/juin/9179-idf-ow-c-news.pdf,,archives/2021/juin/,http://www.commission-des-sondages.fr/notices/files/notices/2021/juin/9179-idf-ow-c-news.pdf,/notices/medias/fichiers/add/1102,2022-07-08 15:56:31,2021-06-15 09:50:30+00:00
9180-paca-ifop-le-figaro.pdf,,2021.0,9180 PACA Ifop Le Figaro,archives/2021/juin/9180-paca-ifop-le-figaro.pdf,,archives/2021/juin/,http://www.commission-des-sondages.fr/notices/files/notices/2021/juin/9180-paca-ifop-le-figaro.pdf,/notices/medias/fichiers/add/1103,2022-07-08 15:56:31,2021-06-15 11:31:23+02:00
9181-paca-bva-orange.pdf,,2021.0,9181 PACA BVA Orange,archives/2021/juin/9181-paca-bva-orange.pdf,,archives/2021/juin/,http://www.commission-des-sondages.fr/notices/files/notices/2021/juin/9181-paca-bva-orange.pdf,/notices/medias/fichiers/add/1104,2022-07-08 15:56:32,2021-06-16 19:16:01+02:00
9182-idf-ifop-le-figaro.pdf,,2021.0,9182 IDF Ifop Le Figaro,archives/2021/juin/9182-idf-ifop-le-figaro.pdf,,archives/2021/juin/,http://www.commission-des-sondages.fr/notices/files/notices/2021/juin/9182-idf-ifop-le-figaro.pdf,/notices/medias/fichiers/add/1105,2022-07-08 15:56:33,2021-06-16 20:06:13+02:00
9183-regionales-elabe-bfmtv.pdf,,2021.0,9183 Régionales Elabe BFMtv,archives/2021/juin/9183-regionales-elabe-bfmtv.pdf,,archives/2021/juin/,http://www.commission-des-sondages.fr/notices/files/notices/2021/juin/9183-regionales-elabe-bfmtv.pdf,/notices/medias/fichiers/add/1106,2022-07-08 15:56:32,2021-06-17 07:48:22+02:00
9184-hdf-ow-la-tribune.pdf,,2021.0,9184 HDF OW la Tribune,archives/2021/juin/9184-hdf-ow-la-tribune.pdf,,archives/2021/juin/,http://www.commission-des-sondages.fr/notices/files/notices/2021/juin/9184-hdf-ow-la-tribune.pdf,/notices/medias/fichiers/add/1107,2022-07-08 15:56:33,2021-06-17 07:25:54+00:00
9185-regionales-hi.pdf,,2021.0,9185 Régionales HI,archives/2021/juin/9185-regionales-hi.pdf,,archives/2021/juin/,http://www.commission-des-sondages.fr/notices/files/notices/2021/juin/9185-regionales-hi.pdf,/notices/medias/fichiers/add/1108,2022-07-08 15:56:33,2021-06-17 12:19:59+02:00
9186-presidentielles-challenges-v6-hi.pdf,Pres,2021.0,9186 Présidentielles Challenges V6 HI,archives/2021/juin/9186-presidentielles-challenges-v6-hi.pdf,,archives/2021/juin/,http://www.commission-des-sondages.fr/notices/files/notices/2021/juin/9186-presidentielles-challenges-v6-hi.pdf,/notices/medias/fichiers/add/1109,2022-07-08 15:56:33,2021-06-17 15:23:12+02:00
9187-regiotrack-v6-ow-les-echos.pdf,,2021.0,9187 régiotrack V6 OW Les échos,archives/2021/juin/9187-regiotrack-v6-ow-les-echos.pdf,,archives/2021/juin/,http://www.commission-des-sondages.fr/notices/files/notices/2021/juin/9187-regiotrack-v6-ow-les-echos.pdf,/notices/medias/fichiers/add/1111,2022-07-08 15:56:33,2021-06-17 17:28:46+00:00
9188-paca-ow-les-echos.pdf,,2021.0,9188 Paca OW Les Échos,archives/2021/juin/9188-paca-ow-les-echos.pdf,,archives/2021/juin/,http://www.commission-des-sondages.fr/notices/files/notices/2021/juin/9188-paca-ow-les-echos.pdf,/notices/medias/fichiers/add/1115,2022-07-08 15:56:34,2021-06-18 10:00:52+00:00
9189-normandie-ifop-boulanger.pdf,,2021.0,9189 Normandie Ifop Boulanger,archives/2021/juin/9189-normandie-ifop-boulanger.pdf,,archives/2021/juin/,http://www.commission-des-sondages.fr/notices/files/notices/2021/juin/9189-normandie-ifop-boulanger.pdf,/notices/medias/fichiers/add/1113,2022-07-08 15:56:34,2021-06-18 12:05:27+02:00
9190-presidentielles-ifop-le-point.pdf,Pres,2021.0,9190 Présidentielles ifop le Point,archives/2021/juin/9190-presidentielles-ifop-le-point.pdf,,archives/2021/juin/,http://www.commission-des-sondages.fr/notices/files/notices/2021/juin/9190-presidentielles-ifop-le-point.pdf,/notices/medias/fichiers/add/1114,2022-07-08 15:56:34,2021-06-18 15:21:54+02:00
9191-idf-ow-cnews.pdf,,2021.0,9191 IDF OW CNEWS,archives/2021/juin/9191-idf-ow-cnews.pdf,,archives/2021/juin/,http://www.commission-des-sondages.fr/notices/files/notices/2021/juin/9191-idf-ow-cnews.pdf,/notices/medias/fichiers/add/1116,2022-07-08 15:56:34,2021-06-24 14:09:45+00:00
9192-ara-ow-cnews.pdf,,2021.0,9192 ARA OW CNEWS ,archives/2021/juin/9192-ara-ow-cnews.pdf,,archives/2021/juin/,http://www.commission-des-sondages.fr/notices/files/notices/2021/juin/9192-ara-ow-cnews.pdf,/notices/medias/fichiers/add/1117,2022-07-08 15:56:34,2021-06-24 14:23:18+00:00
9193-paca-ow-cnews.pdf,,2021.0,9193 Paca Ow Cnews,archives/2021/juin/9193-paca-ow-cnews.pdf,,archives/2021/juin/,http://www.commission-des-sondages.fr/notices/files/notices/2021/juin/9193-paca-ow-cnews.pdf,/notices/medias/fichiers/add/1118,2022-07-08 15:56:34,2021-06-25 05:31:41+00:00
9194-paca-ifop-le-figaro.pdf,,2021.0,9194 PACA Ifop Le Figaro,archives/2021/juin/9194-paca-ifop-le-figaro.pdf,,archives/2021/juin/,http://www.commission-des-sondages.fr/notices/files/notices/2021/juin/9194-paca-ifop-le-figaro.pdf,/notices/medias/fichiers/add/1119,2022-07-08 15:56:34,2021-06-25 12:30:50+02:00
9195-idf-ifop-le-figaro.pdf,,2021.0,9195 IDF Ifop Le Figaro,archives/2021/juin/9195-idf-ifop-le-figaro.pdf,,archives/2021/juin/,http://www.commission-des-sondages.fr/notices/files/notices/2021/juin/9195-idf-ifop-le-figaro.pdf,/notices/medias/fichiers/add/1120,2022-07-08 15:56:34,2021-06-25 12:39:45+02:00
9196-hdf-ow-c-news.pdf,,2021.0,9196 HDF OW C news,archives/2021/juin/9196-hdf-ow-c-news.pdf,,archives/2021/juin/,http://www.commission-des-sondages.fr/notices/files/notices/2021/juin/9196-hdf-ow-c-news.pdf,/notices/medias/fichiers/add/1121,2022-07-08 15:56:34,2021-06-25 13:12:45+00:00
9197-p-elabe-bfm.pdf,,2021.0,9197 P Elabe Bfm,archives/2021/juillet/9197-p-elabe-bfm.pdf,,archives/2021/juillet/,http://www.commission-des-sondages.fr/notices/files/notices/2021/juillet/9197-p-elabe-bfm.pdf,/notices/medias/fichiers/add/1125,2022-07-08 15:56:23,2021-06-30 17:27:03+02:00
9198-pres-ifop-le-figaro.pdf,Pres,2021.0,9198 Pres IFOP Le Figaro,archives/2021/juillet/9198-pres-ifop-le-figaro.pdf,,archives/2021/juillet/,http://www.commission-des-sondages.fr/notices/files/notices/2021/juillet/9198-pres-ifop-le-figaro.pdf,/notices/medias/fichiers/add/1126,2022-07-08 15:56:23,2021-07-06 18:31:03+02:00
9199-pres-ipsos-france-tv.pdf,Pres,2021.0,9199 Pres Ipsos France Tv,archives/2021/juillet/9199-pres-ipsos-france-tv.pdf,,archives/2021/juillet/,http://www.commission-des-sondages.fr/notices/files/notices/2021/juillet/9199-pres-ipsos-france-tv.pdf,/notices/medias/fichiers/add/1124,2022-07-08 15:56:24,2021-06-27 17:17:30+02:00
9200-p-hi-challenges.pdf,,2021.0,9200 P HI Challenges,archives/2021/aout/9200-p-hi-challenges.pdf,,archives/2021/aout/,http://www.commission-des-sondages.fr/notices/files/notices/2021/aout/9200-p-hi-challenges.pdf,/notices/medias/fichiers/add/1127,2022-07-08 15:56:13,2021-08-26 09:40:14+02:00
9201-p-ipsos-libres-le-point.pdf,,2021.0,9201 P. IPSOS Libres Le Point,archives/2021/aout/9201-p-ipsos-libres-le-point.pdf,,archives/2021/aout/,http://www.commission-des-sondages.fr/notices/files/notices/2021/aout/9201-p-ipsos-libres-le-point.pdf,/notices/medias/fichiers/add/1128,2022-07-08 15:56:13,2021-08-27 11:07:53+02:00
9202-p-hi-v11-challenges.pdf,,2021.0,9202 P. HI V11 Challenges,archives/2021/septembre/9202-p-hi-v11-challenges.pdf,,archives/2021/septembre/,http://www.commission-des-sondages.fr/notices/files/notices/2021/septembre/9202-p-hi-v11-challenges.pdf,/notices/medias/fichiers/add/1129,2022-07-08 15:56:43,2021-09-03 16:03:02+02:00
9203-p-ifop-v3-le-figaro.pdf,,2021.0,9203 P. Ifop V3 Le Figaro,archives/2021/septembre/9203-p-ifop-v3-le-figaro.pdf,,archives/2021/septembre/,http://www.commission-des-sondages.fr/notices/files/notices/2021/septembre/9203-p-ifop-v3-le-figaro.pdf,/notices/medias/fichiers/add/1130,2022-07-08 15:56:43,2021-09-05 21:00:51+02:00
9204-p-ipsos-le-parisien.pdf,,2021.0,9204 P. Ipsos Le Parisien,archives/2021/septembre/9204-p-ipsos-le-parisien.pdf,,archives/2021/septembre/,http://www.commission-des-sondages.fr/notices/files/notices/2021/septembre/9204-p-ipsos-le-parisien.pdf,/notices/medias/fichiers/add/1131,2022-07-08 15:56:44,2021-09-03 16:33:44+02:00
9205-p-hi-v2-challenges.pdf,,2021.0,9205 P. HI V2 Challenges,archives/2021/septembre/9205-p-hi-v2-challenges.pdf,,archives/2021/septembre/,http://www.commission-des-sondages.fr/notices/files/notices/2021/septembre/9205-p-hi-v2-challenges.pdf,/notices/medias/fichiers/add/1132,2022-07-08 15:56:44,2021-09-13 16:57:51+02:00
9206-p-elabe-bfmtv.pdf,,2021.0,9206 P. Elabe BFMTV,archives/2021/septembre/9206-p-elabe-bfmtv.pdf,,archives/2021/septembre/,http://www.commission-des-sondages.fr/notices/files/notices/2021/septembre/9206-p-elabe-bfmtv.pdf,/notices/medias/fichiers/add/1133,2022-07-08 15:56:44,2021-09-14 16:17:04+02:00
9207-p-hi-challenges-v13.pdf,,2021.0,9207 P. HI Challenges V13,archives/2021/septembre/9207-p-hi-challenges-v13.pdf,,archives/2021/septembre/,http://www.commission-des-sondages.fr/notices/files/notices/2021/septembre/9207-p-hi-challenges-v13.pdf,/notices/medias/fichiers/add/1134,2022-07-08 15:56:44,2021-09-14 19:47:00+02:00
9208-prim-eelv-odoxa-le-figaro.pdf,Prim,2021.0,9208 Prim EELV Odoxa Le Figaro,archives/2021/septembre/9208-prim-eelv-odoxa-le-figaro.pdf,,archives/2021/septembre/,http://www.commission-des-sondages.fr/notices/files/notices/2021/septembre/9208-prim-eelv-odoxa-le-figaro.pdf,/notices/medias/fichiers/add/1136,2022-07-08 15:56:44,2021-09-17 17:11:30+02:00
9209-hi-challenges-v14.pdf,,2021.0,9209 HI Challenges V14,archives/2021/septembre/9209-hi-challenges-v14.pdf,,archives/2021/septembre/,http://www.commission-des-sondages.fr/notices/files/notices/2021/septembre/9209-hi-challenges-v14.pdf,/notices/medias/fichiers/add/1137,2022-07-08 15:56:44,2021-09-21 11:55:28+02:00
9210-p-ifop-courrier-cauchois.pdf,,2021.0,9210 P Ifop Courrier Cauchois,archives/2021/septembre/9210-p-ifop-courrier-cauchois.pdf,,archives/2021/septembre/,http://www.commission-des-sondages.fr/notices/files/notices/2021/septembre/9210-p-ifop-courrier-cauchois.pdf,/notices/medias/fichiers/add/1138,2022-07-08 15:56:44,2021-09-22 18:35:12+02:00
9211-p-odoxa-l-obs.pdf,,2021.0,9211 P. Odoxa l'OBS,archives/2021/septembre/9211-p-odoxa-l-obs.pdf,,archives/2021/septembre/,http://www.commission-des-sondages.fr/notices/files/notices/2021/septembre/9211-p-odoxa-l-obs.pdf,/notices/medias/fichiers/add/1139,2022-07-08 15:56:44,2021-09-23 17:25:35+02:00
9212-p-hi-challenges-v-15.pdf,,2021.0,9212 P HI Challenges V 15,archives/2021/septembre/9212-p-hi-challenges-v-15.pdf,,archives/2021/septembre/,http://www.commission-des-sondages.fr/notices/files/notices/2021/septembre/9212-p-hi-challenges-v-15.pdf,/notices/medias/fichiers/add/1142,2022-07-08 15:56:44,2021-09-30 12:19:53+02:00
9213-p-droite-elabe-bfm.pdf,,2021.0,9213 P. droite  Elabe BFM,archives/2021/septembre/9213-p-droite-elabe-bfm.pdf,,archives/2021/septembre/,http://www.commission-des-sondages.fr/notices/files/notices/2021/septembre/9213-p-droite-elabe-bfm.pdf,/notices/medias/fichiers/add/1141,2022-07-08 15:56:44,2021-09-29 16:20:23+02:00
9214-p-ow-presitrack-n-1-les-2chos-c-news.pdf,,2021.0,9214 P OW PrésiTrack n°1 Les Échos C.News,archives/2021/septembre/9214-p-ow-presitrack-n-1-les-2chos-c-news.pdf,,archives/2021/septembre/,http://www.commission-des-sondages.fr/notices/files/notices/2021/septembre/9214-p-ow-presitrack-n-1-les-2chos-c-news.pdf,/notices/medias/fichiers/add/1143,2022-07-08 15:56:45,2021-09-30 17:00:47+00:00
9215-p-ipsos-le-parisien.pdf,,2021.0,9215 P. Ipsos Le Parisien,archives/2021/octobre/9215-p-ipsos-le-parisien.pdf,,archives/2021/octobre/,http://www.commission-des-sondages.fr/notices/files/notices/2021/octobre/9215-p-ipsos-le-parisien.pdf,/notices/medias/fichiers/add/1144,2022-07-08 15:56:41,2021-10-01 19:11:07+02:00
9216-p-ifop-le-figaro-v4.pdf,,2021.0,9216 P. Ifop Le figaro V4,archives/2021/octobre/9216-p-ifop-le-figaro-v4.pdf,,archives/2021/octobre/,http://www.commission-des-sondages.fr/notices/files/notices/2021/octobre/9216-p-ifop-le-figaro-v4.pdf,/notices/medias/fichiers/add/1145,2022-07-08 15:56:41,2021-10-04 15:47:13+02:00
9217-p-hi-challenges-v16.pdf,,2021.0,9217 p  HI Challenges V16,archives/2021/octobre/9217-p-hi-challenges-v16.pdf,,archives/2021/octobre/,http://www.commission-des-sondages.fr/notices/files/notices/2021/octobre/9217-p-hi-challenges-v16.pdf,/notices/medias/fichiers/add/1157,2022-07-08 15:56:41,2021-10-05 19:53:25+02:00
9218-p-elabe-bfm.pdf,,2021.0,9218 P. Elabe BFM,archives/2021/octobre/9218-p-elabe-bfm.pdf,,archives/2021/octobre/,http://www.commission-des-sondages.fr/notices/files/notices/2021/octobre/9218-p-elabe-bfm.pdf,/notices/medias/fichiers/add/1146,2022-07-08 15:56:41,2021-10-06 16:13:42+02:00
9219-p-la-gauche-odoxa-le-figaro.pdf,,2021.0,9219 P La Gauche Odoxa Le Figaro,archives/2021/octobre/9219-p-la-gauche-odoxa-le-figaro.pdf,,archives/2021/octobre/,http://www.commission-des-sondages.fr/notices/files/notices/2021/octobre/9219-p-la-gauche-odoxa-le-figaro.pdf,/notices/medias/fichiers/add/1148,2022-07-08 15:56:41,2021-10-07 16:50:52+02:00
9220-p-ifop-sud-radio.pdf,,2021.0,9220 P. Ifop Sud-Radio,archives/2021/octobre/9220-p-ifop-sud-radio.pdf,,archives/2021/octobre/,http://www.commission-des-sondages.fr/notices/files/notices/2021/octobre/9220-p-ifop-sud-radio.pdf,/notices/medias/fichiers/add/1149,2022-07-08 15:56:41,2021-10-11 15:12:05+02:00
9221-p-hi-challenges-17.pdf,,2021.0,9221 P. HI Challenges 17,archives/2021/octobre/9221-p-hi-challenges-17.pdf,,archives/2021/octobre/,http://www.commission-des-sondages.fr/notices/files/notices/2021/octobre/9221-p-hi-challenges-17.pdf,/notices/medias/fichiers/add/1150,2022-07-08 15:56:42,2021-10-13 15:27:12+02:00
9222-p-bva-rtl-orange-vague-1-pdf.pdf,,2021.0,9222 P. BVA RTL Orange Vague 1,archives/2021/octobre/9222-p-bva-rtl-orange-vague-1-pdf.pdf,,archives/2021/octobre/,http://www.commission-des-sondages.fr/notices/files/notices/2021/octobre/9222-p-bva-rtl-orange-vague-1-pdf.pdf,/notices/medias/fichiers/add/1151,2022-07-08 15:56:42,2021-10-14 12:09:46+02:00
9223-p-odoxa-l-obs.pdf,,2021.0,9223 P Odoxa L'Obs,archives/2021/octobre/9223-p-odoxa-l-obs.pdf,,archives/2021/octobre/,http://www.commission-des-sondages.fr/notices/files/notices/2021/octobre/9223-p-odoxa-l-obs.pdf,/notices/medias/fichiers/add/1152,2022-07-08 15:56:42,2021-10-15 13:18:01+02:00
9224-p-ifop-le-figaro.pdf,,2021.0,9224 P IFOP Le Figaro,archives/2021/octobre/9224-p-ifop-le-figaro.pdf,,archives/2021/octobre/,http://www.commission-des-sondages.fr/notices/files/notices/2021/octobre/9224-p-ifop-le-figaro.pdf,/notices/medias/fichiers/add/1153,2022-07-08 15:56:42,2021-10-15 19:07:58+02:00
9225-p-hi-challenges-v18.pdf,,2021.0,9225 P. HI Challenges V18,archives/2021/octobre/9225-p-hi-challenges-v18.pdf,,archives/2021/octobre/,http://www.commission-des-sondages.fr/notices/files/notices/2021/octobre/9225-p-hi-challenges-v18.pdf,/notices/medias/fichiers/add/1154,2022-07-08 15:56:42,2021-10-19 20:07:23+02:00
9226-p-ipsos-cevipof-lm-v2.pdf,,2021.0,9226 P IPSOS Cevipof LM V2,archives/2021/octobre/9226-p-ipsos-cevipof-lm-v2.pdf,,archives/2021/octobre/,http://www.commission-des-sondages.fr/notices/files/notices/2021/octobre/9226-p-ipsos-cevipof-lm-v2.pdf,/notices/medias/fichiers/add/1155,2022-07-08 15:56:42,2021-10-20 14:07:43+02:00
9227-p-ow-presi-track-v-2-les-echos.pdf,,2021.0,9227 P OW Prési Track - v 2 Les Échos,archives/2021/octobre/9227-p-ow-presi-track-v-2-les-echos.pdf,,archives/2021/octobre/,http://www.commission-des-sondages.fr/notices/files/notices/2021/octobre/9227-p-ow-presi-track-v-2-les-echos.pdf,/notices/medias/fichiers/add/1156,2022-07-08 15:56:42,2021-10-22 12:48:58+00:00
9228-p-hi-challenges-v19.pdf,,2021.0,9228 P HI Challenges V19,archives/2021/octobre/9228-p-hi-challenges-v19.pdf,,archives/2021/octobre/,http://www.commission-des-sondages.fr/notices/files/notices/2021/octobre/9228-p-hi-challenges-v19.pdf,/notices/medias/fichiers/add/1158,2022-07-08 15:56:43,2021-10-26 20:15:53+02:00
9229-p-hidalgo-ipsos-le-parisien.pdf,,2021.0,9229 P Hidalgo Ipsos le Parisien,archives/2021/octobre/9229-p-hidalgo-ipsos-le-parisien.pdf,,archives/2021/octobre/,http://www.commission-des-sondages.fr/notices/files/notices/2021/octobre/9229-p-hidalgo-ipsos-le-parisien.pdf,/notices/medias/fichiers/add/1159,2022-07-08 15:56:43,2021-10-27 14:15:02+02:00
9230-p-elabe-bfm-l-express.pdf,Pres,2021.0,9230 P. ELabe BFM L'Express,archives/2021/octobre/9230-p-elabe-bfm-l-express.pdf,,archives/2021/octobre/,http://www.commission-des-sondages.fr/notices/files/notices/2021/octobre/9230-p-elabe-bfm-l-express.pdf,/notices/medias/fichiers/add/1160,2022-07-08 15:56:43,2021-10-27 16:13:11+02:00
9231-p-hi-challenges-v20.pdf,,2021.0,9231 P HI Challenges V20,archives/2021/novembre/9231-p-hi-challenges-v20.pdf,,archives/2021/novembre/,http://www.commission-des-sondages.fr/notices/files/notices/2021/novembre/9231-p-hi-challenges-v20.pdf,/notices/medias/fichiers/add/1161,2022-07-08 15:56:38,2021-11-02 18:51:47+01:00
9232-p-gauche-bva-jean-jaures.pdf,,2021.0,9232 P gauche  BVA Jean jaurès,archives/2021/novembre/9232-p-gauche-bva-jean-jaures.pdf,,archives/2021/novembre/,http://www.commission-des-sondages.fr/notices/files/notices/2021/novembre/9232-p-gauche-bva-jean-jaures.pdf,/notices/medias/fichiers/add/1162,2022-07-08 15:56:38,2021-11-03 16:18:45+01:00
9234-ifop-le-figaro-v6.pdf,,2021.0,9234 Ifop Le Figaro V6,archives/2021/novembre/9234-ifop-le-figaro-v6.pdf,,archives/2021/novembre/,http://www.commission-des-sondages.fr/notices/files/notices/2021/novembre/9234-ifop-le-figaro-v6.pdf,/notices/medias/fichiers/add/1164,2022-07-08 15:56:38,2021-11-08 15:10:40+01:00
9235-p-hi-challenges-v21.pdf,,2021.0,9235 P HI Challenges V21,archives/2021/novembre/9235-p-hi-challenges-v21.pdf,,archives/2021/novembre/,http://www.commission-des-sondages.fr/notices/files/notices/2021/novembre/9235-p-hi-challenges-v21.pdf,/notices/medias/fichiers/add/1165,2022-07-08 15:56:39,2021-11-08 17:43:48+01:00
9237-p-odoxa-l-obs.pdf,,2021.0,9237 P Odoxa L'obs,archives/2021/novembre/9237-p-odoxa-l-obs.pdf,,archives/2021/novembre/,http://www.commission-des-sondages.fr/notices/files/notices/2021/novembre/9237-p-odoxa-l-obs.pdf,/notices/medias/fichiers/add/1167,2022-07-08 15:56:39,2021-11-10 20:16:03+01:00
9238-elabe-bfmtv.pdf,,2021.0,9238 Elabe BfmTv,archives/2021/novembre/9238-elabe-bfmtv.pdf,,archives/2021/novembre/,http://www.commission-des-sondages.fr/notices/files/notices/2021/novembre/9238-elabe-bfmtv.pdf,/notices/medias/fichiers/add/1168,2022-07-08 15:56:39,2021-11-11 21:33:17+01:00
9240-p-ifop-parti-animaliste.pdf,,2021.0,9240 P Ifop Parti animaliste,archives/2021/novembre/9240-p-ifop-parti-animaliste.pdf,,archives/2021/novembre/,http://www.commission-des-sondages.fr/notices/files/notices/2021/novembre/9240-p-ifop-parti-animaliste.pdf,/notices/medias/fichiers/add/1169,2022-07-08 15:56:39,2021-11-16 10:33:01+01:00
9241-p-hi-challenges-v22.pdf,,2021.0,9241 P HI Challenges V22,archives/2021/novembre/9241-p-hi-challenges-v22.pdf,,archives/2021/novembre/,http://www.commission-des-sondages.fr/notices/files/notices/2021/novembre/9241-p-hi-challenges-v22.pdf,/notices/medias/fichiers/add/1170,2022-07-08 15:56:39,2021-11-16 19:48:18+01:00
9242-p-bva-cnews.pdf,,2021.0,9242 P BVA CNews,archives/2021/novembre/9242-p-bva-cnews.pdf,,archives/2021/novembre/,http://www.commission-des-sondages.fr/notices/files/notices/2021/novembre/9242-p-bva-cnews.pdf,/notices/medias/fichiers/add/1171,2022-07-08 15:56:40,2021-11-18 19:55:19+01:00
9243-presi-track-3-ow-les-echos.pdf,,2021.0,9243 Prési Track 3 OW Les Échos,archives/2021/novembre/9243-presi-track-3-ow-les-echos.pdf,,archives/2021/novembre/,http://www.commission-des-sondages.fr/notices/files/notices/2021/novembre/9243-presi-track-3-ow-les-echos.pdf,/notices/medias/fichiers/add/1172,2022-07-08 15:56:40,2021-11-18 16:50:03+00:00
9244-p-chef-d-ent-ow-le-parisien.pdf,,2021.0,9244 P chef d'ent OW le Parisien,archives/2021/novembre/9244-p-chef-d-ent-ow-le-parisien.pdf,,archives/2021/novembre/,http://www.commission-des-sondages.fr/notices/files/notices/2021/novembre/9244-p-chef-d-ent-ow-le-parisien.pdf,/notices/medias/fichiers/add/1173,2022-07-08 15:56:40,2021-11-18 10:59:32+00:00
9245-p-hi-challenges-v23.pdf,,2021.0,9245. P. HI Challenges V23,archives/2021/novembre/9245-p-hi-challenges-v23.pdf,,archives/2021/novembre/,http://www.commission-des-sondages.fr/notices/files/notices/2021/novembre/9245-p-hi-challenges-v23.pdf,/notices/medias/fichiers/add/1175,2022-07-08 15:56:40,2021-11-23 22:40:26+01:00
9247-p-elabe-bfmtv.pdf,,2021.0,9247 P. Elabe BfmTv,archives/2021/novembre/9247-p-elabe-bfmtv.pdf,,archives/2021/novembre/,http://www.commission-des-sondages.fr/notices/files/notices/2021/novembre/9247-p-elabe-bfmtv.pdf,/notices/medias/fichiers/add/1174,2022-07-08 15:56:40,2021-11-24 17:25:40+01:00
9248-p-viavoice-liberation-duel-zemmour-le-pen.pdf,,2021.0,9248 P Viavoice-Libération. Duel Zemmour - Le Pen,archives/2021/novembre/9248-p-viavoice-liberation-duel-zemmour-le-pen.pdf,,archives/2021/novembre/,http://www.commission-des-sondages.fr/notices/files/notices/2021/novembre/9248-p-viavoice-liberation-duel-zemmour-le-pen.pdf,/notices/medias/fichiers/add/1176,2022-07-08 15:56:40,2021-11-29 16:05:08+01:00
9249-p-ifop-jdd.pdf,,2021.0,9249 P. IFOP JDD,archives/2021/novembre/9249-p-ifop-jdd.pdf,,archives/2021/novembre/,http://www.commission-des-sondages.fr/notices/files/notices/2021/novembre/9249-p-ifop-jdd.pdf,/notices/medias/fichiers/add/1177,2022-07-08 15:56:40,2021-11-29 14:30:37+01:00
9250-p-ipsos-france-2-debat-lr.pdf,,2021.0,9250 P Ipsos France 2 Débat LR,archives/2021/novembre/9250-p-ipsos-france-2-debat-lr.pdf,,archives/2021/novembre/,http://www.commission-des-sondages.fr/notices/files/notices/2021/novembre/9250-p-ipsos-france-2-debat-lr.pdf,/notices/medias/fichiers/add/1178,2022-07-08 15:56:40,2021-12-01 10:22:18+00:00
9251-information.pdf,,2021.0,9251 information,archives/2021/decembre/9251-information.pdf,,archives/2021/decembre/,http://www.commission-des-sondages.fr/notices/files/notices/2021/decembre/9251-information.pdf,/notices/medias/fichiers/add/1180,2022-07-08 15:56:16,2021-12-01 18:51:23+00:00
9251-p-hi-challenges-v24.pdf,,2021.0,9251 P HI Challenges V24,archives/2021/decembre/9251-p-hi-challenges-v24.pdf,,archives/2021/decembre/,http://www.commission-des-sondages.fr/notices/files/notices/2021/decembre/9251-p-hi-challenges-v24.pdf,/notices/medias/fichiers/add/1179,2022-07-08 15:56:17,2021-11-30 18:15:34+01:00
9252-p-hi-challenges-v25.pdf,,2021.0,9252 P HI Challenges V25,archives/2021/decembre/9252-p-hi-challenges-v25.pdf,,archives/2021/decembre/,http://www.commission-des-sondages.fr/notices/files/notices/2021/decembre/9252-p-hi-challenges-v25.pdf,/notices/medias/fichiers/add/1181,2022-07-08 15:56:17,2021-12-06 16:44:51+01:00
9254-p-ifop-le-figaro-v7.pdf,,2021.0,9254 P Ifop Le Figaro V7,archives/2021/decembre/9254-p-ifop-le-figaro-v7.pdf,,archives/2021/decembre/,http://www.commission-des-sondages.fr/notices/files/notices/2021/decembre/9254-p-ifop-le-figaro-v7.pdf,/notices/medias/fichiers/add/1182,2022-07-08 15:56:17,2021-12-07 13:00:47+01:00
9255-p-elabe-bfm.pdf,,2021.0,9255 P Elabe BFM,archives/2021/decembre/9255-p-elabe-bfm.pdf,,archives/2021/decembre/,http://www.commission-des-sondages.fr/notices/files/notices/2021/decembre/9255-p-elabe-bfm.pdf,/notices/medias/fichiers/add/1183,2022-07-08 15:56:17,2021-12-07 17:59:08+01:00
9256-p-ipsos-le-parisien-8-12.pdf,,2021.0,9256 P Ipsos Le Parisien 8-12,archives/2021/decembre/9256-p-ipsos-le-parisien-8-12.pdf,,archives/2021/decembre/,http://www.commission-des-sondages.fr/notices/files/notices/2021/decembre/9256-p-ipsos-le-parisien-8-12.pdf,/notices/medias/fichiers/add/1184,2022-07-08 15:56:18,2021-12-08 18:26:06+01:00
9257-p-campagne-jadot-ipsos-le-parisien.pdf,,2021.0,9257 P Campagne jadot Ipsos le Parisien,archives/2021/decembre/9257-p-campagne-jadot-ipsos-le-parisien.pdf,,archives/2021/decembre/,http://www.commission-des-sondages.fr/notices/files/notices/2021/decembre/9257-p-campagne-jadot-ipsos-le-parisien.pdf,/notices/medias/fichiers/add/1185,2022-07-08 15:56:17,2021-12-09 12:50:11+01:00
9258-p-ez-ipsoso-france-info.pdf,,2021.0,9258 P EZ Ipsoso france info ,archives/2021/decembre/9258-p-ez-ipsoso-france-info.pdf,,archives/2021/decembre/,http://www.commission-des-sondages.fr/notices/files/notices/2021/decembre/9258-p-ez-ipsoso-france-info.pdf,/notices/medias/fichiers/add/1186,2022-07-08 15:56:18,2021-12-09 13:14:44+01:00
9259-p-bva-rtl.pdf,,2021.0,9259 P BVA RTL,archives/2021/decembre/9259-p-bva-rtl.pdf,,archives/2021/decembre/,http://www.commission-des-sondages.fr/notices/files/notices/2021/decembre/9259-p-bva-rtl.pdf,/notices/medias/fichiers/add/1187,2022-07-08 15:56:18,2021-12-09 18:54:23+01:00
9260-p-odoxa-l-obs.pdf,,2021.0,9260 P Odoxa L'obs,archives/2021/decembre/9260-p-odoxa-l-obs.pdf,,archives/2021/decembre/,http://www.commission-des-sondages.fr/notices/files/notices/2021/decembre/9260-p-odoxa-l-obs.pdf,/notices/medias/fichiers/add/1188,2022-07-08 15:56:18,2021-12-10 11:59:47+01:00
9261-p-souhait-de-vote-kantar-2.pdf,,2021.0,9261 P Souhait de vote Kantar -2,archives/2021/decembre/9261-p-souhait-de-vote-kantar-2.pdf,,archives/2021/decembre/,http://www.commission-des-sondages.fr/notices/files/notices/2021/decembre/9261-p-souhait-de-vote-kantar-2.pdf,/notices/medias/fichiers/add/1192,2022-07-08 15:56:18,2021-12-15 11:49:03+01:00
9262-p-cluster-17-4-8-dec-2.pdf,,2021.0,9262 P Cluster 17 (4-8 dec) (2),archives/2021/decembre/9262-p-cluster-17-4-8-dec-2.pdf,,archives/2021/decembre/,http://www.commission-des-sondages.fr/notices/files/notices/2021/decembre/9262-p-cluster-17-4-8-dec-2.pdf,/notices/medias/fichiers/add/1194,2022-07-08 15:56:19,2021-12-12 16:39:36+01:00
9263-phi-challenges-v26.pdf,,2021.0,9263 PHI Challenges V26,archives/2021/decembre/9263-phi-challenges-v26.pdf,,archives/2021/decembre/,http://www.commission-des-sondages.fr/notices/files/notices/2021/decembre/9263-phi-challenges-v26.pdf,/notices/medias/fichiers/add/1191,2022-07-08 15:56:19,2021-12-14 19:30:04+01:00
9264-p-ow-mieux-voter.pdf,,2021.0,9264 P OW Mieux Voter,archives/2021/decembre/9264-p-ow-mieux-voter.pdf,,archives/2021/decembre/,http://www.commission-des-sondages.fr/notices/files/notices/2021/decembre/9264-p-ow-mieux-voter.pdf,/notices/medias/fichiers/add/1195,2022-07-08 15:56:19,2021-12-15 16:14:07+00:00
9265-p-ipsos-le-monde-cevipof.pdf,,2021.0,9265 P ipsos le Monde Cevipof,archives/2021/decembre/9265-p-ipsos-le-monde-cevipof.pdf,,archives/2021/decembre/,http://www.commission-des-sondages.fr/notices/files/notices/2021/decembre/9265-p-ipsos-le-monde-cevipof.pdf,/notices/medias/fichiers/add/1196,2022-07-08 15:56:20,2021-12-16 11:11:03+01:00
9266-p-ow-cnews-v4.pdf,,2021.0,9266 P. OW Cnews V4,archives/2021/decembre/9266-p-ow-cnews-v4.pdf,,archives/2021/decembre/,http://www.commission-des-sondages.fr/notices/files/notices/2021/decembre/9266-p-ow-cnews-v4.pdf,/notices/medias/fichiers/add/1197,2022-07-08 15:56:19,2021-12-16 10:49:19+00:00
9267-p-cluster-17.pdf,,2021.0,9267 P cluster 17 ,archives/2021/decembre/9267-p-cluster-17.pdf,,archives/2021/decembre/,http://www.commission-des-sondages.fr/notices/files/notices/2021/decembre/9267-p-cluster-17.pdf,/notices/medias/fichiers/add/1198,2022-07-08 15:56:20,2021-12-17 08:25:59+01:00
9268-p-ifop-sud-radio.pdf,,2021.0,9268 P Ifop Sud-radio,archives/2021/decembre/9268-p-ifop-sud-radio.pdf,,archives/2021/decembre/,http://www.commission-des-sondages.fr/notices/files/notices/2021/decembre/9268-p-ifop-sud-radio.pdf,/notices/medias/fichiers/add/1199,2022-07-08 15:56:20,2021-12-20 10:20:24+01:00
9269-p-elabe-bfmtv.pdf,,2021.0,9269 P ELabe Bfmtv,archives/2021/decembre/9269-p-elabe-bfmtv.pdf,,archives/2021/decembre/,http://www.commission-des-sondages.fr/notices/files/notices/2021/decembre/9269-p-elabe-bfmtv.pdf,/notices/medias/fichiers/add/1200,2022-07-08 15:56:20,2021-12-21 11:24:26+01:00
9271-p-gauche-viavoice-liberation.pdf,,2021.0,9271 P. Gauche Viavoice Libération,archives/2021/decembre/9271-p-gauche-viavoice-liberation.pdf,,archives/2021/decembre/,http://www.commission-des-sondages.fr/notices/files/notices/2021/decembre/9271-p-gauche-viavoice-liberation.pdf,/notices/medias/fichiers/add/1201,2022-07-08 15:56:22,2021-12-31 12:13:43+01:00
9273-p-baro-ow-kea-v1-les-echos-radio-classique.pdf,,2022.0,9273 P. Baro OW - Kea V1 - Les Echos Radio classique,archives/2022/janvier/9273-p-baro-ow-kea-v1-les-echos-radio-classique.pdf,,archives/2022/janvier/,http://www.commission-des-sondages.fr/notices/files/notices/2022/janvier/9273-p-baro-ow-kea-v1-les-echos-radio-classique.pdf,/notices/medias/fichiers/add/1203,2022-07-08 15:57:23,2022-01-03 15:39:28+00:00
9274-rpw-baro-ow-kea-v2-les-echos.pdf,,2022.0,9274 RPW Baro OW Kéa V2 les échos,archives/2022/janvier/9274-rpw-baro-ow-kea-v2-les-echos.pdf,,archives/2022/janvier/,http://www.commission-des-sondages.fr/notices/files/notices/2022/janvier/9274-rpw-baro-ow-kea-v2-les-echos.pdf,/notices/medias/fichiers/add/1205,2022-07-08 15:57:23,2022-01-04 13:33:34+00:00
9275-p-cluster-17-4-janv.pdf,,2022.0,9275 P Cluster 17 – 4 janv ,archives/2022/janvier/9275-p-cluster-17-4-janv.pdf,,archives/2022/janvier/,http://www.commission-des-sondages.fr/notices/files/notices/2022/janvier/9275-p-cluster-17-4-janv.pdf,/notices/medias/fichiers/add/1206,2022-07-08 15:57:24,2022-01-03 22:33:43+01:00
9276-p-hi-challenges-v27.pdf,,2022.0,9276 P HI Challenges V27,archives/2022/janvier/9276-p-hi-challenges-v27.pdf,,archives/2022/janvier/,http://www.commission-des-sondages.fr/notices/files/notices/2022/janvier/9276-p-hi-challenges-v27.pdf,/notices/medias/fichiers/add/1207,2022-07-08 15:57:24,2022-01-04 18:02:43+01:00
9277-rpw-opinion-way-kea-les-echos-5-janvier.pdf,,2022.0,9277 RPW Opinion Way - Kea - Les Echos - 5 janvier,archives/2022/janvier/9277-rpw-opinion-way-kea-les-echos-5-janvier.pdf,,archives/2022/janvier/,http://www.commission-des-sondages.fr/notices/files/notices/2022/janvier/9277-rpw-opinion-way-kea-les-echos-5-janvier.pdf,/notices/medias/fichiers/add/1208,2022-07-08 15:57:24,2022-01-05 15:33:17+00:00
9278-rpw-ow-kea-les-echos.pdf,,2022.0,9278 RPW OW Kéa Les échos  ,archives/2022/janvier/9278-rpw-ow-kea-les-echos.pdf,,archives/2022/janvier/,http://www.commission-des-sondages.fr/notices/files/notices/2022/janvier/9278-rpw-ow-kea-les-echos.pdf,/notices/medias/fichiers/add/1209,2022-07-08 15:57:24,2022-01-06 10:55:59+00:00
9279-p-bva-rtl-orange-v-4-notice-pdf.pdf,,2022.0,9279 P BVA RTL Orange -  V 4 - Notice. pdf,archives/2022/janvier/9279-p-bva-rtl-orange-v-4-notice-pdf.pdf,,archives/2022/janvier/,http://www.commission-des-sondages.fr/notices/files/notices/2022/janvier/9279-p-bva-rtl-orange-v-4-notice-pdf.pdf,/notices/medias/fichiers/add/1210,2022-07-08 15:57:24,2022-01-06 21:51:29+01:00
9280-p-ipsos-le-parisien.pdf,,2022.0,9280 P. Ipsos Le Parisien,archives/2022/janvier/9280-p-ipsos-le-parisien.pdf,,archives/2022/janvier/,http://www.commission-des-sondages.fr/notices/files/notices/2022/janvier/9280-p-ipsos-le-parisien.pdf,/notices/medias/fichiers/add/1211,2022-07-08 15:57:24,2022-01-07 15:05:17+01:00
9281-rpw-op-kea-les-echos.pdf,,2022.0,9281 RPW OP Kéa Les Échos,archives/2022/janvier/9281-rpw-op-kea-les-echos.pdf,,archives/2022/janvier/,http://www.commission-des-sondages.fr/notices/files/notices/2022/janvier/9281-rpw-op-kea-les-echos.pdf,/notices/medias/fichiers/add/1212,2022-07-08 15:57:25,2022-01-07 15:39:32+00:00
9282-yougov-huffpost.pdf,,2022.0,9282 YouGov  HuffPost ,archives/2022/janvier/9282-yougov-huffpost.pdf,,archives/2022/janvier/,http://www.commission-des-sondages.fr/notices/files/notices/2022/janvier/9282-yougov-huffpost.pdf,/notices/medias/fichiers/add/1214,2022-07-08 15:57:25,2022-01-07 18:03:29+01:00
9283-rpw-ow-kea-les-echos-radio-classique-notice-a-la-commission-des-sondages-10-janvier.pdf,,2022.0,9283 RPW  OW - Kea - Les Echos- radio Classique -  Notice à la Commission des  sondages - 10 janvier,archives/2022/janvier/9283-rpw-ow-kea-les-echos-radio-classique-notice-a-la-commission-des-sondages-10-janvier.pdf,,archives/2022/janvier/,http://www.commission-des-sondages.fr/notices/files/notices/2022/janvier/9283-rpw-ow-kea-les-echos-radio-classique-notice-a-la-commission-des-sondages-10-janvier.pdf,/notices/medias/fichiers/add/1215,2022-07-08 15:57:25,2022-01-10 11:27:05+00:00
9284-rdp-ifop-fiducial-paris-match.pdf,,2022.0,9284 RDP Ifop-Fiducial Paris Match ,archives/2022/janvier/9284-rdp-ifop-fiducial-paris-match.pdf,,archives/2022/janvier/,http://www.commission-des-sondages.fr/notices/files/notices/2022/janvier/9284-rdp-ifop-fiducial-paris-match.pdf,/notices/medias/fichiers/add/1216,2022-07-08 15:57:25,2022-01-10 16:01:15+01:00
9285-p-cluster-17-marianne.pdf,,2022.0,9285 P cluster 17 Marianne,archives/2022/janvier/9285-p-cluster-17-marianne.pdf,,archives/2022/janvier/,http://www.commission-des-sondages.fr/notices/files/notices/2022/janvier/9285-p-cluster-17-marianne.pdf,/notices/medias/fichiers/add/1219,2022-07-08 15:57:25,2022-01-11 23:49:42+01:00
9286-rdp-ifop-pm.pdf,,2022.0,9286 RDP Ifop PM,archives/2022/janvier/9286-rdp-ifop-pm.pdf,,archives/2022/janvier/,http://www.commission-des-sondages.fr/notices/files/notices/2022/janvier/9286-rdp-ifop-pm.pdf,/notices/medias/fichiers/add/1218,2022-07-08 15:57:25,2022-01-11 15:16:28+01:00
9287-rpw-opinionway-les-echos.pdf,,2022.0,9287 RPW OpinionWay Les Echos,archives/2022/janvier/9287-rpw-opinionway-les-echos.pdf,,archives/2022/janvier/,http://www.commission-des-sondages.fr/notices/files/notices/2022/janvier/9287-rpw-opinionway-les-echos.pdf,/notices/medias/fichiers/add/1217,2022-07-08 15:57:26,2022-01-11 14:58:02+00:00
9288-harris-interactive-challenges-v28.pdf,,2022.0,9288 Harris Interactive Challenges V28,archives/2022/janvier/9288-harris-interactive-challenges-v28.pdf,,archives/2022/janvier/,http://www.commission-des-sondages.fr/notices/files/notices/2022/janvier/9288-harris-interactive-challenges-v28.pdf,/notices/medias/fichiers/add/1220,2022-07-08 15:57:26,2022-01-11 18:35:11+01:00
9289-p-elabe-bfm.pdf,,2022.0,9289 P Elabe BFM,archives/2022/janvier/9289-p-elabe-bfm.pdf,,archives/2022/janvier/,http://www.commission-des-sondages.fr/notices/files/notices/2022/janvier/9289-p-elabe-bfm.pdf,/notices/medias/fichiers/add/1221,2022-07-08 15:57:26,2022-01-11 20:10:53+01:00
9290-rdp-ifop-fiducial-paris-match.pdf,,2022.0,9290 RDP Ifop Fiducial Paris Match,archives/2022/janvier/9290-rdp-ifop-fiducial-paris-match.pdf,,archives/2022/janvier/,http://www.commission-des-sondages.fr/notices/files/notices/2022/janvier/9290-rdp-ifop-fiducial-paris-match.pdf,/notices/medias/fichiers/add/1222,2022-07-08 15:57:26,2022-01-12 15:41:52+01:00
9291-rpw-ow-kea-les-echos-radio-classique.pdf,,2022.0,9291 RPW OW-Kéa les échos Radio classique ,archives/2022/janvier/9291-rpw-ow-kea-les-echos-radio-classique.pdf,,archives/2022/janvier/,http://www.commission-des-sondages.fr/notices/files/notices/2022/janvier/9291-rpw-ow-kea-les-echos-radio-classique.pdf,/notices/medias/fichiers/add/1223,2022-07-08 15:57:26,2022-01-12 16:01:27+00:00
9292-rdp-ifop-pm.pdf,,2022.0,9292 RDP Ifop PM,archives/2022/janvier/9292-rdp-ifop-pm.pdf,,archives/2022/janvier/,http://www.commission-des-sondages.fr/notices/files/notices/2022/janvier/9292-rdp-ifop-pm.pdf,/notices/medias/fichiers/add/1224,2022-07-08 15:57:26,2022-01-13 15:28:50+01:00
9293-opinionway-kea-les-echos.pdf,,2022.0,9293 RPW OpinionWay - Kea - Les Échos,archives/2022/janvier/9293-opinionway-kea-les-echos.pdf,,archives/2022/janvier/,http://www.commission-des-sondages.fr/notices/files/notices/2022/janvier/9293-opinionway-kea-les-echos.pdf,/notices/medias/fichiers/add/1225,2022-07-08 15:57:26,2022-01-13 14:07:34+00:00
9294-rdp-ifop-pm.pdf,,2022.0,9294 RDP Ifop PM,archives/2022/janvier/9294-rdp-ifop-pm.pdf,,archives/2022/janvier/,http://www.commission-des-sondages.fr/notices/files/notices/2022/janvier/9294-rdp-ifop-pm.pdf,/notices/medias/fichiers/add/1226,2022-07-08 15:57:26,2022-01-14 15:49:36+01:00
9295-rpw-ow-kea-partners-les-echos-radio-classique-14-janvier.pdf,,2022.0,9295 RPW OW - Kea Partners - Les Echos- radio Classique 14 janvier,archives/2022/janvier/9295-rpw-ow-kea-partners-les-echos-radio-classique-14-janvier.pdf,,archives/2022/janvier/,http://www.commission-des-sondages.fr/notices/files/notices/2022/janvier/9295-rpw-ow-kea-partners-les-echos-radio-classique-14-janvier.pdf,/notices/medias/fichiers/add/1227,2022-07-08 15:57:27,2022-01-14 18:00:59+00:00
9296-rdp-ifop-pm.pdf,,2022.0,9296 RDP Ifop Pm,archives/2022/janvier/9296-rdp-ifop-pm.pdf,,archives/2022/janvier/,http://www.commission-des-sondages.fr/notices/files/notices/2022/janvier/9296-rdp-ifop-pm.pdf,/notices/medias/fichiers/add/1228,2022-07-08 15:57:26,2022-01-17 16:43:54+01:00
9297-rpw-opinionway-kea-les-echos-radio-classique-17-janvier.pdf,,2022.0,9297 RPW OpinionWay - Kea - Les Echos- radio Classique - 17 janvier,archives/2022/janvier/9297-rpw-opinionway-kea-les-echos-radio-classique-17-janvier.pdf,,archives/2022/janvier/,http://www.commission-des-sondages.fr/notices/files/notices/2022/janvier/9297-rpw-opinionway-kea-les-echos-radio-classique-17-janvier.pdf,/notices/medias/fichiers/add/1229,2022-07-08 15:57:27,2022-01-17 18:33:29+00:00
9298-p-hi-challenges.pdf,,2022.0,9298 P HI Challenges,archives/2022/janvier/9298-p-hi-challenges.pdf,,archives/2022/janvier/,http://www.commission-des-sondages.fr/notices/files/notices/2022/janvier/9298-p-hi-challenges.pdf,/notices/medias/fichiers/add/1230,2022-07-08 15:57:27,2022-01-18 11:12:10+01:00
9299-p-cluster-marianne.pdf,,2022.0,9299 P cluster Marianne,archives/2022/janvier/9299-p-cluster-marianne.pdf,,archives/2022/janvier/,http://www.commission-des-sondages.fr/notices/files/notices/2022/janvier/9299-p-cluster-marianne.pdf,/notices/medias/fichiers/add/1231,2022-07-08 15:57:27,2022-01-16 22:52:43+01:00
9300-rdp-ifop-paris-match.pdf,,2022.0,9300 RDP IFOP Paris-Match,archives/2022/janvier/9300-rdp-ifop-paris-match.pdf,,archives/2022/janvier/,http://www.commission-des-sondages.fr/notices/files/notices/2022/janvier/9300-rdp-ifop-paris-match.pdf,/notices/medias/fichiers/add/1232,2022-07-08 15:57:27,2022-01-18 15:05:31+01:00
9301-rpw-ow-kea-les-echos-radio-classique-18-janvier.pdf,,2022.0,9301 RPW OW - Kea - Les Echos- radio Classique - 18 janvier,archives/2022/janvier/9301-rpw-ow-kea-les-echos-radio-classique-18-janvier.pdf,,archives/2022/janvier/,http://www.commission-des-sondages.fr/notices/files/notices/2022/janvier/9301-rpw-ow-kea-les-echos-radio-classique-18-janvier.pdf,/notices/medias/fichiers/add/1233,2022-07-08 15:57:27,2022-01-18 20:02:55+00:00
9302-rdp-ifop-pm.pdf,,2022.0,9302 RDP Ifop Pm,archives/2022/janvier/9302-rdp-ifop-pm.pdf,,archives/2022/janvier/,http://www.commission-des-sondages.fr/notices/files/notices/2022/janvier/9302-rdp-ifop-pm.pdf,/notices/medias/fichiers/add/1234,2022-07-08 15:57:27,2022-01-19 15:41:23+01:00
9303-p-ipsos-le-monde-fjj-cevipof-janvier-2022.pdf,,2022.0,9303 P Ipsos Le Monde FJJ Cevipof - Janvier 2022,archives/2022/janvier/9303-p-ipsos-le-monde-fjj-cevipof-janvier-2022.pdf,,archives/2022/janvier/,http://www.commission-des-sondages.fr/notices/files/notices/2022/janvier/9303-p-ipsos-le-monde-fjj-cevipof-janvier-2022.pdf,/notices/medias/fichiers/add/1235,2022-07-08 15:57:28,2022-01-19 19:32:47+01:00
9304-rdp-ifop-pm.pdf,,2022.0,9304 RDP Ifop PM,archives/2022/janvier/9304-rdp-ifop-pm.pdf,,archives/2022/janvier/,http://www.commission-des-sondages.fr/notices/files/notices/2022/janvier/9304-rdp-ifop-pm.pdf,/notices/medias/fichiers/add/1236,2022-07-08 15:57:28,2022-01-20 16:49:08+01:00
9305-rpw-opinionway-kea-partners-radio-classique-20-janvier.pdf,,2022.0,9305 RPW OpinionWay - Kea Partners - radio Classique - 20 janvier,archives/2022/janvier/9305-rpw-opinionway-kea-partners-radio-classique-20-janvier.pdf,,archives/2022/janvier/,http://www.commission-des-sondages.fr/notices/files/notices/2022/janvier/9305-rpw-opinionway-kea-partners-radio-classique-20-janvier.pdf,/notices/medias/fichiers/add/1237,2022-07-08 15:57:28,2022-01-20 18:36:37+00:00
9306-rdp-ifop-pm.pdf,,2022.0,9306 RDP Ifop PM,archives/2022/janvier/9306-rdp-ifop-pm.pdf,,archives/2022/janvier/,http://www.commission-des-sondages.fr/notices/files/notices/2022/janvier/9306-rdp-ifop-pm.pdf,/notices/medias/fichiers/add/1238,2022-07-08 15:57:28,2022-01-21 14:38:36+01:00
9307-p-ow-cnews.pdf,,2022.0,9307 P OW Cnews,archives/2022/janvier/9307-p-ow-cnews.pdf,,archives/2022/janvier/,http://www.commission-des-sondages.fr/notices/files/notices/2022/janvier/9307-p-ow-cnews.pdf,/notices/medias/fichiers/add/1239,2022-07-08 15:57:28,2022-01-21 11:34:26+00:00
9308-rdp-ifop-pm.pdf,,2022.0,9308 RDP Ifop Pm,archives/2022/janvier/9308-rdp-ifop-pm.pdf,,archives/2022/janvier/,http://www.commission-des-sondages.fr/notices/files/notices/2022/janvier/9308-rdp-ifop-pm.pdf,/notices/medias/fichiers/add/1240,2022-07-08 15:57:28,2022-01-24 15:41:36+01:00
9309-rpw-ow-kea-radio-classique.pdf,,2022.0,9309 RPW OW Kéa Radio classique,archives/2022/janvier/9309-rpw-ow-kea-radio-classique.pdf,,archives/2022/janvier/,http://www.commission-des-sondages.fr/notices/files/notices/2022/janvier/9309-rpw-ow-kea-radio-classique.pdf,/notices/medias/fichiers/add/1241,2022-07-08 15:57:28,2022-01-22 09:40:22+00:00
9311-rpw-opinionway-kea-les-echos-24janv.pdf,,2022.0,9311 RPW OpinionWay - Kea  Les Echos- 24janv,archives/2022/janvier/9311-rpw-opinionway-kea-les-echos-24janv.pdf,,archives/2022/janvier/,http://www.commission-des-sondages.fr/notices/files/notices/2022/janvier/9311-rpw-opinionway-kea-les-echos-24janv.pdf,/notices/medias/fichiers/add/1242,2022-07-08 15:57:28,2022-01-24 18:26:58+00:00
9312-hi-p-challenges-v30.pdf,,2022.0,9312 HI P CHallenges V30,archives/2022/janvier/9312-hi-p-challenges-v30.pdf,,archives/2022/janvier/,http://www.commission-des-sondages.fr/notices/files/notices/2022/janvier/9312-hi-p-challenges-v30.pdf,/notices/medias/fichiers/add/1243,2022-07-08 15:57:29,2022-01-25 19:16:59+01:00
9313-rpw-ow-kea-partners-radio-classique-25-janv.pdf,,2022.0,9313 RPW OW - Kea Partners radio–Classique 25 janv,archives/2022/janvier/9313-rpw-ow-kea-partners-radio-classique-25-janv.pdf,,archives/2022/janvier/,http://www.commission-des-sondages.fr/notices/files/notices/2022/janvier/9313-rpw-ow-kea-partners-radio-classique-25-janv.pdf,/notices/medias/fichiers/add/1244,2022-07-08 15:57:29,2022-01-25 17:17:08+00:00
9314-rdp-ifop-pm-lci-sud-radio.pdf,,2022.0,9314 RDP Ifop Pm Lci Sud-Radio,archives/2022/janvier/9314-rdp-ifop-pm-lci-sud-radio.pdf,,archives/2022/janvier/,http://www.commission-des-sondages.fr/notices/files/notices/2022/janvier/9314-rdp-ifop-pm-lci-sud-radio.pdf,/notices/medias/fichiers/add/1245,2022-07-08 15:57:29,2022-01-26 15:40:42+01:00
9315-csa-pour-cnews-resultats-vf.pdf,,2022.0,9315 CSA pour CNews_Résultats_VF,archives/2022/janvier/9315-csa-pour-cnews-resultats-vf.pdf,,archives/2022/janvier/,http://www.commission-des-sondages.fr/notices/files/notices/2022/janvier/9315-csa-pour-cnews-resultats-vf.pdf,/notices/medias/fichiers/add/1246,2022-07-08 15:57:29,2022-01-26 16:39:46+01:00
9316-p-elabe-bfm.pdf,,2022.0,9316 P elabe BFM,archives/2022/janvier/9316-p-elabe-bfm.pdf,,archives/2022/janvier/,http://www.commission-des-sondages.fr/notices/files/notices/2022/janvier/9316-p-elabe-bfm.pdf,/notices/medias/fichiers/add/1247,2022-07-08 15:57:29,2022-01-26 16:32:35+01:00
9317-rpw-opinionway-kea-les-echos-26-janv.pdf,,2022.0,9317 RPW OpinionWay - Kea - Les Echos-26 janv,archives/2022/janvier/9317-rpw-opinionway-kea-les-echos-26-janv.pdf,,archives/2022/janvier/,http://www.commission-des-sondages.fr/notices/files/notices/2022/janvier/9317-rpw-opinionway-kea-les-echos-26-janv.pdf,/notices/medias/fichiers/add/1248,2022-07-08 15:57:29,2022-01-26 16:00:17+00:00
9318-p-cluster-17-marianne.pdf,,2022.0,9318 P cluster 17 Marianne,archives/2022/janvier/9318-p-cluster-17-marianne.pdf,,archives/2022/janvier/,http://www.commission-des-sondages.fr/notices/files/notices/2022/janvier/9318-p-cluster-17-marianne.pdf,/notices/medias/fichiers/add/1249,2022-07-08 15:57:30,2022-01-24 11:21:12+01:00
9319-rdp-ow-kea-radio-classique.pdf,,2022.0,9319 RDP OW Kéa Radio classique,archives/2022/janvier/9319-rdp-ow-kea-radio-classique.pdf,,archives/2022/janvier/,http://www.commission-des-sondages.fr/notices/files/notices/2022/janvier/9319-rdp-ow-kea-radio-classique.pdf,/notices/medias/fichiers/add/1250,2022-07-08 15:57:30,2022-01-27 17:41:05+00:00
9320-rdp-ifop-paris-match.pdf,,2022.0,9320 RDP IFOP Paris Match,archives/2022/janvier/9320-rdp-ifop-paris-match.pdf,,archives/2022/janvier/,http://www.commission-des-sondages.fr/notices/files/notices/2022/janvier/9320-rdp-ifop-paris-match.pdf,/notices/medias/fichiers/add/1251,2022-07-08 15:57:30,2022-01-27 15:54:33+01:00
9321-p-bva-orange.pdf,,2022.0,9321 P Bva Orange,archives/2022/janvier/9321-p-bva-orange.pdf,,archives/2022/janvier/,http://www.commission-des-sondages.fr/notices/files/notices/2022/janvier/9321-p-bva-orange.pdf,/notices/medias/fichiers/add/1252,2022-07-08 15:57:30,2022-01-27 20:21:24+01:00
9322-rdp-ifop-pm.pdf,,2022.0,9322 RDP Ifop PM,archives/2022/janvier/9322-rdp-ifop-pm.pdf,,archives/2022/janvier/,http://www.commission-des-sondages.fr/notices/files/notices/2022/janvier/9322-rdp-ifop-pm.pdf,/notices/medias/fichiers/add/1253,2022-07-08 15:57:30,2022-01-28 13:09:36+01:00
9323-ow-kea-les-echos-radio-classique-28-janv.pdf,,2022.0,9323 OW - Kea - Les Echos- radio Classique -   28 janv,archives/2022/janvier/9323-ow-kea-les-echos-radio-classique-28-janv.pdf,,archives/2022/janvier/,http://www.commission-des-sondages.fr/notices/files/notices/2022/janvier/9323-ow-kea-les-echos-radio-classique-28-janv.pdf,/notices/medias/fichiers/add/1254,2022-07-08 15:57:30,2022-01-28 17:36:06+00:00
9324-p-opinionway-cnews-vague-2.pdf,,2022.0,9324 P OpinionWay CNEWS - Vague 2,archives/2022/janvier/9324-p-opinionway-cnews-vague-2.pdf,,archives/2022/janvier/,http://www.commission-des-sondages.fr/notices/files/notices/2022/janvier/9324-p-opinionway-cnews-vague-2.pdf,/notices/medias/fichiers/add/1255,2022-07-08 15:57:31,2022-01-28 23:41:43+00:00
9325-rpw-ow-kea-les-echos.pdf,,2022.0,9325 RPW OW KÉA- LES ÉCHOS,archives/2022/janvier/9325-rpw-ow-kea-les-echos.pdf,,archives/2022/janvier/,http://www.commission-des-sondages.fr/notices/files/notices/2022/janvier/9325-rpw-ow-kea-les-echos.pdf,/notices/medias/fichiers/add/1256,2022-07-08 15:57:31,2022-01-31 17:38:49+00:00
9326-rdp-ifop-pm-31-janvier.pdf,,2022.0,9326 RDP Ifop PM 31 janvier,archives/2022/janvier/9326-rdp-ifop-pm-31-janvier.pdf,,archives/2022/janvier/,http://www.commission-des-sondages.fr/notices/files/notices/2022/janvier/9326-rdp-ifop-pm-31-janvier.pdf,/notices/medias/fichiers/add/1257,2022-07-08 15:57:31,2022-01-31 15:15:38+01:00
9327-ow-les-echos-le-1er-fevrier.pdf,,2022.0,9327 OW Les échos Le 1er Février,archives/2022/fevrier/9327-ow-les-echos-le-1er-fevrier.pdf,,archives/2022/fevrier/,http://www.commission-des-sondages.fr/notices/files/notices/2022/fevrier/9327-ow-les-echos-le-1er-fevrier.pdf,/notices/medias/fichiers/add/1258,2022-07-08 15:57:13,2022-02-01 22:18:36+00:00
9328-rdp-ifop-pm-1er-fevrier.pdf,,2022.0,9328 RDP ifop PM 1er février,archives/2022/fevrier/9328-rdp-ifop-pm-1er-fevrier.pdf,,archives/2022/fevrier/,http://www.commission-des-sondages.fr/notices/files/notices/2022/fevrier/9328-rdp-ifop-pm-1er-fevrier.pdf,/notices/medias/fichiers/add/1259,2022-07-08 15:57:13,2022-02-01 15:12:42+01:00
9329-hi-challenges-v31.pdf,,2022.0,9329 HI Challenges V31,archives/2022/fevrier/9329-hi-challenges-v31.pdf,,archives/2022/fevrier/,http://www.commission-des-sondages.fr/notices/files/notices/2022/fevrier/9329-hi-challenges-v31.pdf,/notices/medias/fichiers/add/1260,2022-07-08 15:57:13,2022-02-02 11:20:55+01:00
9330-p-cluster-17-marianne.pdf,,2022.0,9330 P Cluster 17 Marianne,archives/2022/fevrier/9330-p-cluster-17-marianne.pdf,,archives/2022/fevrier/,http://www.commission-des-sondages.fr/notices/files/notices/2022/fevrier/9330-p-cluster-17-marianne.pdf,/notices/medias/fichiers/add/1261,2022-07-08 15:57:13,2022-02-01 23:16:09+01:00
9331-p-elabe-bfm-2-fevrier.pdf,,2022.0,9331 P elabe BFM 2 février,archives/2022/fevrier/9331-p-elabe-bfm-2-fevrier.pdf,,archives/2022/fevrier/,http://www.commission-des-sondages.fr/notices/files/notices/2022/fevrier/9331-p-elabe-bfm-2-fevrier.pdf,/notices/medias/fichiers/add/1262,2022-07-08 15:57:13,2022-02-02 16:44:40+01:00
9332-rdp-ifop-pm.pdf,,2022.0,9332 RDP Ifop PM,archives/2022/fevrier/9332-rdp-ifop-pm.pdf,,archives/2022/fevrier/,http://www.commission-des-sondages.fr/notices/files/notices/2022/fevrier/9332-rdp-ifop-pm.pdf,/notices/medias/fichiers/add/1263,2022-07-08 15:57:13,2022-02-02 16:59:17+01:00
9333-rpw-opinionway-kea-partners-les-echos-radio-classique-2-fev.pdf,,2022.0,9333 RPW OpinionWay - Kea Partners - Les Echos- radio Classique - 2  fev,archives/2022/fevrier/9333-rpw-opinionway-kea-partners-les-echos-radio-classique-2-fev.pdf,,archives/2022/fevrier/,http://www.commission-des-sondages.fr/notices/files/notices/2022/fevrier/9333-rpw-opinionway-kea-partners-les-echos-radio-classique-2-fev.pdf,/notices/medias/fichiers/add/1264,2022-07-08 15:57:14,2022-02-02 17:18:25+00:00
9334-rdp-ifop-pm-lci-sud-radio.pdf,,2022.0,9334 RDP Ifop Pm Lci & Sud-Radio,archives/2022/fevrier/9334-rdp-ifop-pm-lci-sud-radio.pdf,,archives/2022/fevrier/,http://www.commission-des-sondages.fr/notices/files/notices/2022/fevrier/9334-rdp-ifop-pm-lci-sud-radio.pdf,/notices/medias/fichiers/add/1265,2022-07-08 15:57:14,2022-02-03 15:07:06+01:00
9335-rpw-ow-kea-partners-les-echos-radio-classique-3-fev.pdf,,2022.0,9335 RPW OW - Kea Partners - Les Echos- radio Classique -  3  fev,archives/2022/fevrier/9335-rpw-ow-kea-partners-les-echos-radio-classique-3-fev.pdf,,archives/2022/fevrier/,http://www.commission-des-sondages.fr/notices/files/notices/2022/fevrier/9335-rpw-ow-kea-partners-les-echos-radio-classique-3-fev.pdf,/notices/medias/fichiers/add/1266,2022-07-08 15:57:14,2022-02-03 18:01:11+00:00
9336-opinion-way-cnews-vague-3.pdf,,2022.0,9336 Opinion Way CNEWS Vague 3,archives/2022/fevrier/9336-opinion-way-cnews-vague-3.pdf,,archives/2022/fevrier/,http://www.commission-des-sondages.fr/notices/files/notices/2022/fevrier/9336-opinion-way-cnews-vague-3.pdf,/notices/medias/fichiers/add/1267,2022-07-08 15:57:14,2022-02-04 10:05:31+00:00
9337-yougov-huffpost-4-fev-2022.pdf,,2022.0,9337 YouGov HuffPost - 4 Fev 2022,archives/2022/fevrier/9337-yougov-huffpost-4-fev-2022.pdf,,archives/2022/fevrier/,http://www.commission-des-sondages.fr/notices/files/notices/2022/fevrier/9337-yougov-huffpost-4-fev-2022.pdf,/notices/medias/fichiers/add/1268,2022-07-08 15:57:14,2022-02-04 19:22:57+01:00
9338-ifop-pm.pdf,,2022.0,9338 IFOP PM,archives/2022/fevrier/9338-ifop-pm.pdf,,archives/2022/fevrier/,http://www.commission-des-sondages.fr/notices/files/notices/2022/fevrier/9338-ifop-pm.pdf,/notices/medias/fichiers/add/1269,2022-07-08 15:57:14,2022-02-04 16:43:53+01:00
9339-ipsos-le-parisien.pdf,,2022.0,9339 Ipsos Le parisien,archives/2022/fevrier/9339-ipsos-le-parisien.pdf,,archives/2022/fevrier/,http://www.commission-des-sondages.fr/notices/files/notices/2022/fevrier/9339-ipsos-le-parisien.pdf,/notices/medias/fichiers/add/1270,2022-07-08 15:57:14,2022-02-04 18:16:41+01:00
9340-kantar-public-qo-fevrier-2021.pdf,,2022.0,9340 Kantar Public QO février 2021,archives/2022/fevrier/9340-kantar-public-qo-fevrier-2021.pdf,,archives/2022/fevrier/,http://www.commission-des-sondages.fr/notices/files/notices/2022/fevrier/9340-kantar-public-qo-fevrier-2021.pdf,/notices/medias/fichiers/add/1271,2022-07-08 15:57:14,2022-02-04 19:31:57+01:00
9341-opinionway-kea-les-echos-radio-classique-4-fev.pdf,,2022.0,9341 OpinionWay - Kea- Les Echos- radio Classique  4  fev,archives/2022/fevrier/9341-opinionway-kea-les-echos-radio-classique-4-fev.pdf,,archives/2022/fevrier/,http://www.commission-des-sondages.fr/notices/files/notices/2022/fevrier/9341-opinionway-kea-les-echos-radio-classique-4-fev.pdf,/notices/medias/fichiers/add/1272,2022-07-08 15:57:14,2022-02-04 18:05:55+00:00
9342-rdp-ifop-pm.pdf,,2022.0,9342 RDP Ifop PM ,archives/2022/fevrier/9342-rdp-ifop-pm.pdf,,archives/2022/fevrier/,http://www.commission-des-sondages.fr/notices/files/notices/2022/fevrier/9342-rdp-ifop-pm.pdf,/notices/medias/fichiers/add/1273,2022-07-08 15:57:15,2022-02-07 15:52:04+01:00
9343-ipsos-france-television-systeme-de-sante-janvier-2022.pdf,,2022.0,9343 Ipsos France Télévision - Système de sante - Janvier 2022,archives/2022/fevrier/9343-ipsos-france-television-systeme-de-sante-janvier-2022.pdf,,archives/2022/fevrier/,http://www.commission-des-sondages.fr/notices/files/notices/2022/fevrier/9343-ipsos-france-television-systeme-de-sante-janvier-2022.pdf,/notices/medias/fichiers/add/1274,2022-07-08 15:57:15,2022-02-07 16:45:03+01:00
9344-rdp-ifop-pm-8-fevrier-publi.pdf,,2022.0,9344 RDP IFOP PM 8 février - PUBLI,archives/2022/fevrier/9344-rdp-ifop-pm-8-fevrier-publi.pdf,,archives/2022/fevrier/,http://www.commission-des-sondages.fr/notices/files/notices/2022/fevrier/9344-rdp-ifop-pm-8-fevrier-publi.pdf,/notices/medias/fichiers/add/1275,2022-07-08 15:57:15,2022-02-08 15:49:57+01:00
9345-opinionway-kea-les-echos-7-fev.pdf,,2022.0,9345 OpinionWay - Kea  - Les Echos- 7  fev,archives/2022/fevrier/9345-opinionway-kea-les-echos-7-fev.pdf,,archives/2022/fevrier/,http://www.commission-des-sondages.fr/notices/files/notices/2022/fevrier/9345-opinionway-kea-les-echos-7-fev.pdf,/notices/medias/fichiers/add/1276,2022-07-08 15:57:15,2022-02-07 18:17:46+00:00
9346-p-elabe-bfmtv-9-fevrier.pdf,,2022.0,9346 P Elabe BFMtv 9 février,archives/2022/fevrier/9346-p-elabe-bfmtv-9-fevrier.pdf,,archives/2022/fevrier/,http://www.commission-des-sondages.fr/notices/files/notices/2022/fevrier/9346-p-elabe-bfmtv-9-fevrier.pdf,/notices/medias/fichiers/add/1277,2022-07-08 15:57:15,2022-02-08 20:10:36+01:00
9347-rpw-opinionway-les-echos-radio-classique-8-fev.pdf,,2022.0,9347 RPW OpinionWay  Les Echos- radio Classique - 8 fev,archives/2022/fevrier/9347-rpw-opinionway-les-echos-radio-classique-8-fev.pdf,,archives/2022/fevrier/,http://www.commission-des-sondages.fr/notices/files/notices/2022/fevrier/9347-rpw-opinionway-les-echos-radio-classique-8-fev.pdf,/notices/medias/fichiers/add/1278,2022-07-08 15:57:15,2022-02-08 17:32:34+00:00
9348-p-hi-challenges-9-02.pdf,,2022.0,9348 P HI Challenges 9.02,archives/2022/fevrier/9348-p-hi-challenges-9-02.pdf,,archives/2022/fevrier/,http://www.commission-des-sondages.fr/notices/files/notices/2022/fevrier/9348-p-hi-challenges-9-02.pdf,/notices/medias/fichiers/add/1279,2022-07-08 15:57:15,2022-02-09 11:07:53+01:00
9349-rpw-opinionway-les-echos-9-fevrier.pdf,,2022.0,9349 RPW OpinionWay Les Échos - 9 février ,archives/2022/fevrier/9349-rpw-opinionway-les-echos-9-fevrier.pdf,,archives/2022/fevrier/,http://www.commission-des-sondages.fr/notices/files/notices/2022/fevrier/9349-rpw-opinionway-les-echos-9-fevrier.pdf,/notices/medias/fichiers/add/1280,2022-07-08 15:57:15,2022-02-10 10:32:33+00:00
9350-rdp-ifop-pm-9-fevrier.pdf,,2022.0,9350 RDP IFOP PM 9 février,archives/2022/fevrier/9350-rdp-ifop-pm-9-fevrier.pdf,,archives/2022/fevrier/,http://www.commission-des-sondages.fr/notices/files/notices/2022/fevrier/9350-rdp-ifop-pm-9-fevrier.pdf,/notices/medias/fichiers/add/1281,2022-07-08 15:57:15,2022-02-09 14:25:41+01:00
9351-p-ipsos-le-monde-fjj-cevipof-vague-5-fevrier-2022.pdf,,2022.0,9351 P Ipsos Le Monde FJJ Cevipof - Vague 5 - Fevrier 2022,archives/2022/fevrier/9351-p-ipsos-le-monde-fjj-cevipof-vague-5-fevrier-2022.pdf,,archives/2022/fevrier/,http://www.commission-des-sondages.fr/notices/files/notices/2022/fevrier/9351-p-ipsos-le-monde-fjj-cevipof-vague-5-fevrier-2022.pdf,/notices/medias/fichiers/add/1282,2022-07-08 15:57:16,2022-02-09 10:16:17+01:00
9352-rdp-ifop-paris-match-10-02.pdf,,2022.0,9352 RDP Ifop Paris Match 10-02,archives/2022/fevrier/9352-rdp-ifop-paris-match-10-02.pdf,,archives/2022/fevrier/,http://www.commission-des-sondages.fr/notices/files/notices/2022/fevrier/9352-rdp-ifop-paris-match-10-02.pdf,/notices/medias/fichiers/add/1283,2022-07-08 15:57:16,2022-02-10 16:22:56+01:00
9353-rpw-opinionway-kea-les-echos-10-fev.pdf,,2022.0,9353 RPW OpinionWay - Kea Les Echos- 10 fev,archives/2022/fevrier/9353-rpw-opinionway-kea-les-echos-10-fev.pdf,,archives/2022/fevrier/,http://www.commission-des-sondages.fr/notices/files/notices/2022/fevrier/9353-rpw-opinionway-kea-les-echos-10-fev.pdf,/notices/medias/fichiers/add/1284,2022-07-08 15:57:16,2022-02-10 11:46:28+00:00
9354-avertissement.pdf,,2022.0,9354 Avertissement,archives/2022/fevrier/9354-avertissement.pdf,,archives/2022/fevrier/,http://www.commission-des-sondages.fr/notices/files/notices/2022/fevrier/9354-avertissement.pdf,/notices/medias/fichiers/add/1285,2022-07-08 15:57:16,2022-02-11 11:43:04+00:00
9354-cluster17-marianne.pdf,,2022.0,9354 Cluster17 Marianne,archives/2022/fevrier/9354-cluster17-marianne.pdf,,archives/2022/fevrier/,http://www.commission-des-sondages.fr/notices/files/notices/2022/fevrier/9354-cluster17-marianne.pdf,/notices/medias/fichiers/add/1286,2022-07-08 15:57:17,2022-02-07 14:42:30+01:00
9355-p-bva-11-fevrier.pdf,,2022.0,9355 P BVA 11 Février ,archives/2022/fevrier/9355-p-bva-11-fevrier.pdf,,archives/2022/fevrier/,http://www.commission-des-sondages.fr/notices/files/notices/2022/fevrier/9355-p-bva-11-fevrier.pdf,/notices/medias/fichiers/add/1287,2022-07-08 15:57:17,2022-02-10 19:42:00+01:00
9356-rdp-ifop-pm-11-fevrier.pdf,,2022.0,9356 RDP Ifop Pm 11 février,archives/2022/fevrier/9356-rdp-ifop-pm-11-fevrier.pdf,,archives/2022/fevrier/,http://www.commission-des-sondages.fr/notices/files/notices/2022/fevrier/9356-rdp-ifop-pm-11-fevrier.pdf,/notices/medias/fichiers/add/1288,2022-07-08 15:57:17,2022-02-11 14:53:22+01:00
9357-rpw-ow-les-echos.pdf,,2022.0,9357 RPW OW Les échos,archives/2022/fevrier/9357-rpw-ow-les-echos.pdf,,archives/2022/fevrier/,http://www.commission-des-sondages.fr/notices/files/notices/2022/fevrier/9357-rpw-ow-les-echos.pdf,/notices/medias/fichiers/add/1289,2022-07-08 15:57:17,2022-02-11 14:00:03+00:00
9358-p-ow-cnews.pdf,,2022.0,9358 P OW CNews,archives/2022/fevrier/9358-p-ow-cnews.pdf,,archives/2022/fevrier/,http://www.commission-des-sondages.fr/notices/files/notices/2022/fevrier/9358-p-ow-cnews.pdf,/notices/medias/fichiers/add/1290,2022-07-08 15:57:17,2022-02-11 16:19:03+00:00
9359-p-csa-cnews.pdf,,2022.0,9359 P CSA Cnews,archives/2022/fevrier/9359-p-csa-cnews.pdf,,archives/2022/fevrier/,http://www.commission-des-sondages.fr/notices/files/notices/2022/fevrier/9359-p-csa-cnews.pdf,/notices/medias/fichiers/add/1291,2022-07-08 15:57:17,2022-02-09 11:14:15+01:00
9360-rdp-ifop-pm-14-fev.pdf,,2022.0,9360 RDP ifop PM 14.fev,archives/2022/fevrier/9360-rdp-ifop-pm-14-fev.pdf,,archives/2022/fevrier/,http://www.commission-des-sondages.fr/notices/files/notices/2022/fevrier/9360-rdp-ifop-pm-14-fev.pdf,/notices/medias/fichiers/add/1294,2022-07-08 15:57:17,2022-02-14 16:46:17+01:00
9361-rpw-ow-kea-les-echos.pdf,,2022.0,9361 RPW Ow Kéa les échos,archives/2022/fevrier/9361-rpw-ow-kea-les-echos.pdf,,archives/2022/fevrier/,http://www.commission-des-sondages.fr/notices/files/notices/2022/fevrier/9361-rpw-ow-kea-les-echos.pdf,/notices/medias/fichiers/add/1295,2022-07-08 15:57:17,2022-02-14 14:48:48+00:00
9362-rdp-ifop-pm-15-02.pdf,,2022.0,9362 RDP IFOP PM 15-02,archives/2022/fevrier/9362-rdp-ifop-pm-15-02.pdf,,archives/2022/fevrier/,http://www.commission-des-sondages.fr/notices/files/notices/2022/fevrier/9362-rdp-ifop-pm-15-02.pdf,/notices/medias/fichiers/add/1296,2022-07-08 15:57:17,2022-02-15 16:39:18+01:00
9363-p-hi-challenges.pdf,,2022.0,9363 P HI Challenges,archives/2022/fevrier/9363-p-hi-challenges.pdf,,archives/2022/fevrier/,http://www.commission-des-sondages.fr/notices/files/notices/2022/fevrier/9363-p-hi-challenges.pdf,/notices/medias/fichiers/add/1297,2022-07-08 15:57:18,2022-02-15 20:01:19+01:00
9365-rpw-opinionway-kea-partners-les-echos-radio-classique-15-fev.pdf,,2022.0,9365 RPW OpinionWay - Kea Partners - Les Echos- radio Classique - 15 fev,archives/2022/fevrier/9365-rpw-opinionway-kea-partners-les-echos-radio-classique-15-fev.pdf,,archives/2022/fevrier/,http://www.commission-des-sondages.fr/notices/files/notices/2022/fevrier/9365-rpw-opinionway-kea-partners-les-echos-radio-classique-15-fev.pdf,/notices/medias/fichiers/add/1299,2022-07-08 15:57:18,2022-02-16 10:49:10+00:00
9365-rpw-opinionway-kea-partners-les-echos-radio-classique-15-fev.pdf,,2022.0,9365 RPW OpinionWay - Kea Partners - Les Echos- radio Classique - 15 fev,archives/2022/fevrier/9365-rpw-opinionway-kea-partners-les-echos-radio-classique-15-fev.pdf,,archives/2022/fevrier/,http://www.commission-des-sondages.fr/notices/files/notices/2022/fevrier/9365-rpw-opinionway-kea-partners-les-echos-radio-classique-15-fev.pdf,/notices/medias/fichiers/add/1298,2022-07-08 15:57:18,2022-02-16 10:49:10+00:00
9365-rpw-opinionway-kea-partners-les-echos-radio-classique-15-fev.pdf,,2022.0,9365 RPW OpinionWay - Kea Partners - Les Echos- radio Classique - 15 fev,archives/2022/fevrier/9365-rpw-opinionway-kea-partners-les-echos-radio-classique-15-fev.pdf,,archives/2022/fevrier/,http://www.commission-des-sondages.fr/notices/files/notices/2022/fevrier/9365-rpw-opinionway-kea-partners-les-echos-radio-classique-15-fev.pdf,/notices/medias/fichiers/add/1299,2022-07-08 15:57:18,2022-02-16 10:49:10+00:00
9365-rpw-opinionway-kea-partners-les-echos-radio-classique-15-fev.pdf,,2022.0,9365 RPW OpinionWay - Kea Partners - Les Echos- radio Classique - 15 fev,archives/2022/fevrier/9365-rpw-opinionway-kea-partners-les-echos-radio-classique-15-fev.pdf,,archives/2022/fevrier/,http://www.commission-des-sondages.fr/notices/files/notices/2022/fevrier/9365-rpw-opinionway-kea-partners-les-echos-radio-classique-15-fev.pdf,/notices/medias/fichiers/add/1298,2022-07-08 15:57:18,2022-02-16 10:49:10+00:00
9366-p-elabe-bfmtv.pdf,,2022.0,9366 P elabe BFMtv,archives/2022/fevrier/9366-p-elabe-bfmtv.pdf,,archives/2022/fevrier/,http://www.commission-des-sondages.fr/notices/files/notices/2022/fevrier/9366-p-elabe-bfmtv.pdf,/notices/medias/fichiers/add/1300,2022-07-08 15:57:18,2022-02-16 16:37:12+01:00
9367-p-csa-cnews-g-r.pdf,,2022.0,9367 P CSA CNews G.R.,archives/2022/fevrier/9367-p-csa-cnews-g-r.pdf,,archives/2022/fevrier/,http://www.commission-des-sondages.fr/notices/files/notices/2022/fevrier/9367-p-csa-cnews-g-r.pdf,/notices/medias/fichiers/add/1301,2022-07-08 15:57:18,2022-02-16 15:29:17+01:00
9368-p-odoxa-l-obs-fev-22.pdf,,2022.0,9368 P Odoxa l'Obs Fev 22,archives/2022/fevrier/9368-p-odoxa-l-obs-fev-22.pdf,,archives/2022/fevrier/,http://www.commission-des-sondages.fr/notices/files/notices/2022/fevrier/9368-p-odoxa-l-obs-fev-22.pdf,/notices/medias/fichiers/add/1302,2022-07-08 15:57:18,2022-02-17 15:50:37+01:00
9369-opinionway-les-echos-radio-classique-16-fev.pdf,,2022.0,9369 OpinionWay - Les Echos- radio Classique - 16 fev,archives/2022/fevrier/9369-opinionway-les-echos-radio-classique-16-fev.pdf,,archives/2022/fevrier/,http://www.commission-des-sondages.fr/notices/files/notices/2022/fevrier/9369-opinionway-les-echos-radio-classique-16-fev.pdf,/notices/medias/fichiers/add/1303,2022-07-08 15:57:18,2022-02-17 10:40:27+00:00
9370-rdp-ifop-pm-17-fev.pdf,,2022.0,9370 RDP Ifop Pm 17 fév,archives/2022/fevrier/9370-rdp-ifop-pm-17-fev.pdf,,archives/2022/fevrier/,http://www.commission-des-sondages.fr/notices/files/notices/2022/fevrier/9370-rdp-ifop-pm-17-fev.pdf,/notices/medias/fichiers/add/1304,2022-07-08 15:57:18,2022-02-17 15:12:37+01:00
9371-opinionway-kea-partners-les-echos-17-fev.pdf,,2022.0,9371 OpinionWay - Kea Partners - Les Echos- 17 fev,archives/2022/fevrier/9371-opinionway-kea-partners-les-echos-17-fev.pdf,,archives/2022/fevrier/,http://www.commission-des-sondages.fr/notices/files/notices/2022/fevrier/9371-opinionway-kea-partners-les-echos-17-fev.pdf,/notices/medias/fichiers/add/1305,2022-07-08 15:57:18,2022-02-17 16:10:52+00:00
9372-p-bva-ornage-rtl-17-fevrier.pdf,,2022.0,9372 P BVA Ornage RTL 17 février,archives/2022/fevrier/9372-p-bva-ornage-rtl-17-fevrier.pdf,,archives/2022/fevrier/,http://www.commission-des-sondages.fr/notices/files/notices/2022/fevrier/9372-p-bva-ornage-rtl-17-fevrier.pdf,/notices/medias/fichiers/add/1306,2022-07-08 15:57:19,2022-02-17 22:30:00+01:00
9374-avertissement.pdf,,2022.0,9374 Avertissement,archives/2022/fevrier/9374-avertissement.pdf,,archives/2022/fevrier/,http://www.commission-des-sondages.fr/notices/files/notices/2022/fevrier/9374-avertissement.pdf,/notices/medias/fichiers/add/1309,2022-07-08 15:57:19,2022-02-18 18:15:57+00:00
9374-p-cluster-17-marainne-13-02.pdf,,2022.0,9374 P Cluster 17 Marainne 13-02,archives/2022/fevrier/9374-p-cluster-17-marainne-13-02.pdf,,archives/2022/fevrier/,http://www.commission-des-sondages.fr/notices/files/notices/2022/fevrier/9374-p-cluster-17-marainne-13-02.pdf,/notices/medias/fichiers/add/1308,2022-07-08 15:57:19,2022-02-15 11:28:29+01:00
9375-opinionway-kea-partners-les-echos-radio-classique-18-fev.pdf,,2022.0,9375 OpinionWay - Kea Partners - Les Echos- radio Classique - 18 fev,archives/2022/fevrier/9375-opinionway-kea-partners-les-echos-radio-classique-18-fev.pdf,,archives/2022/fevrier/,http://www.commission-des-sondages.fr/notices/files/notices/2022/fevrier/9375-opinionway-kea-partners-les-echos-radio-classique-18-fev.pdf,/notices/medias/fichiers/add/1310,2022-07-08 15:57:19,2022-02-18 14:10:52+00:00
9376-rdp-ifop-pm-18-02.pdf,,2022.0,9376 RDP IFOP PM 18-02,archives/2022/fevrier/9376-rdp-ifop-pm-18-02.pdf,,archives/2022/fevrier/,http://www.commission-des-sondages.fr/notices/files/notices/2022/fevrier/9376-rdp-ifop-pm-18-02.pdf,/notices/medias/fichiers/add/1311,2022-07-08 15:57:19,2022-02-18 14:59:46+01:00
9377-p-ifop-jdd.pdf,,2022.0,9377 P IFOP JDD,archives/2022/fevrier/9377-p-ifop-jdd.pdf,,archives/2022/fevrier/,http://www.commission-des-sondages.fr/notices/files/notices/2022/fevrier/9377-p-ifop-jdd.pdf,/notices/medias/fichiers/add/1312,2022-07-08 15:57:19,2022-02-18 19:36:10+01:00
9378-p-pouv-d-achat-odoxa-le-figaro-17-fev.pdf,,2022.0,9378 P Pouv. d'achat Odoxa  Le Figaro- 17 fev,archives/2022/fevrier/9378-p-pouv-d-achat-odoxa-le-figaro-17-fev.pdf,,archives/2022/fevrier/,http://www.commission-des-sondages.fr/notices/files/notices/2022/fevrier/9378-p-pouv-d-achat-odoxa-le-figaro-17-fev.pdf,/notices/medias/fichiers/add/1313,2022-07-08 15:57:19,2022-02-21 10:00:06+01:00
9379-ipsos-la-fage-jeunes-et-presidentielle-fevrier-2022.pdf,Pres,2022.0,9379 Ipsos La Fage Jeunes et Présidentielle  - Fevrier 2022,archives/2022/fevrier/9379-ipsos-la-fage-jeunes-et-presidentielle-fevrier-2022.pdf,,archives/2022/fevrier/,http://www.commission-des-sondages.fr/notices/files/notices/2022/fevrier/9379-ipsos-la-fage-jeunes-et-presidentielle-fevrier-2022.pdf,/notices/medias/fichiers/add/1314,2022-07-08 15:57:20,2022-02-21 10:49:25+01:00
9380-p-ow-c-news.pdf,,2022.0,9380 P OW C News,archives/2022/fevrier/9380-p-ow-c-news.pdf,,archives/2022/fevrier/,http://www.commission-des-sondages.fr/notices/files/notices/2022/fevrier/9380-p-ow-c-news.pdf,/notices/medias/fichiers/add/1315,2022-07-08 15:57:20,2022-02-21 12:26:55+00:00
9381-rpw-ow-les-echos.pdf,,2022.0,9381 RPW OW Les Échos,archives/2022/fevrier/9381-rpw-ow-les-echos.pdf,,archives/2022/fevrier/,http://www.commission-des-sondages.fr/notices/files/notices/2022/fevrier/9381-rpw-ow-les-echos.pdf,/notices/medias/fichiers/add/1316,2022-07-08 15:57:20,2022-02-22 08:26:07+00:00
9382-rdp-ifop-pm.pdf,,2022.0,9382 RDP ifop PM,archives/2022/fevrier/9382-rdp-ifop-pm.pdf,,archives/2022/fevrier/,http://www.commission-des-sondages.fr/notices/files/notices/2022/fevrier/9382-rdp-ifop-pm.pdf,/notices/medias/fichiers/add/1317,2022-07-08 15:57:20,2022-02-21 15:12:28+01:00
9383-p-csa-cnews-place-de-prison.pdf,,2022.0,9383 P CSA Cnews Place de prison,archives/2022/fevrier/9383-p-csa-cnews-place-de-prison.pdf,,archives/2022/fevrier/,http://www.commission-des-sondages.fr/notices/files/notices/2022/fevrier/9383-p-csa-cnews-place-de-prison.pdf,/notices/medias/fichiers/add/1318,2022-07-08 15:57:20,2022-02-21 15:26:55+01:00
9384-csa-cnews-bilan-securite.pdf,,2022.0,9384 CSA CNews Bilan sécurité ,archives/2022/fevrier/9384-csa-cnews-bilan-securite.pdf,,archives/2022/fevrier/,http://www.commission-des-sondages.fr/notices/files/notices/2022/fevrier/9384-csa-cnews-bilan-securite.pdf,/notices/medias/fichiers/add/1319,2022-07-08 15:57:20,2022-02-21 15:27:24+01:00
9385-p-oibo-wwf-pass-climatique.pdf,,2022.0,9385 P Oïbo WWF Pass Climatique   ,archives/2022/fevrier/9385-p-oibo-wwf-pass-climatique.pdf,,archives/2022/fevrier/,http://www.commission-des-sondages.fr/notices/files/notices/2022/fevrier/9385-p-oibo-wwf-pass-climatique.pdf,/notices/medias/fichiers/add/1348,2022-07-08 15:57:20,2022-02-21 16:50:54+01:00
9386-rdp-ifop-paris-match.pdf,,2022.0,9386 RDP Ifop Paris Match,archives/2022/fevrier/9386-rdp-ifop-paris-match.pdf,,archives/2022/fevrier/,http://www.commission-des-sondages.fr/notices/files/notices/2022/fevrier/9386-rdp-ifop-paris-match.pdf,/notices/medias/fichiers/add/1321,2022-07-08 15:57:20,2022-02-22 14:56:05+01:00
9387-rpw-ow-kea-les-echos.pdf,,2022.0,9387 RPW OW Kéa Les Échos,archives/2022/fevrier/9387-rpw-ow-kea-les-echos.pdf,,archives/2022/fevrier/,http://www.commission-des-sondages.fr/notices/files/notices/2022/fevrier/9387-rpw-ow-kea-les-echos.pdf,/notices/medias/fichiers/add/1320,2022-07-08 15:57:21,2022-02-22 17:35:58+00:00
9388-p-elabe-bfmtv-23-2.pdf,,2022.0,9388 P ELABE BFMTV 23-2,archives/2022/fevrier/9388-p-elabe-bfmtv-23-2.pdf,,archives/2022/fevrier/,http://www.commission-des-sondages.fr/notices/files/notices/2022/fevrier/9388-p-elabe-bfmtv-23-2.pdf,/notices/medias/fichiers/add/1322,2022-07-08 15:57:21,2022-02-23 00:06:57+01:00
9389-harris-interactive-challenges-v34-le-23-fevrier.pdf,,2022.0,9389 Harris Interactive - Challenges V34 le 23 février,archives/2022/fevrier/9389-harris-interactive-challenges-v34-le-23-fevrier.pdf,,archives/2022/fevrier/,http://www.commission-des-sondages.fr/notices/files/notices/2022/fevrier/9389-harris-interactive-challenges-v34-le-23-fevrier.pdf,/notices/medias/fichiers/add/1323,2022-07-08 15:57:21,2022-02-23 11:57:04+01:00
9390-rdp-ifop-pm-23-02.pdf,,2022.0,9390 RDP IFOP PM 23-02,archives/2022/fevrier/9390-rdp-ifop-pm-23-02.pdf,,archives/2022/fevrier/,http://www.commission-des-sondages.fr/notices/files/notices/2022/fevrier/9390-rdp-ifop-pm-23-02.pdf,/notices/medias/fichiers/add/1326,2022-07-08 15:57:21,2022-02-23 15:04:12+01:00
9391-kantar-public-epoka-24-02.pdf,,2022.0,9393 - Kantar Public - Epoka - 24-02,archives/2022/fevrier/9391-kantar-public-epoka-24-02.pdf,,archives/2022/fevrier/,http://www.commission-des-sondages.fr/notices/files/notices/2022/fevrier/9391-kantar-public-epoka-24-02.pdf,/notices/medias/fichiers/add/1325,2022-07-08 15:57:21,2022-02-24 13:08:28+01:00
9391-rpw-opinionway-kea-partners-les-echos-radio-classique-23-fev.pdf,,2022.0,9391 RPW OpinionWay - Kea Partners - Les Echos- radio Classique - 23 fev,archives/2022/fevrier/9391-rpw-opinionway-kea-partners-les-echos-radio-classique-23-fev.pdf,,archives/2022/fevrier/,http://www.commission-des-sondages.fr/notices/files/notices/2022/fevrier/9391-rpw-opinionway-kea-partners-les-echos-radio-classique-23-fev.pdf,/notices/medias/fichiers/add/1327,2022-07-08 15:57:22,2022-02-23 16:00:18+00:00
9392-rdp-ifop-paris-match-24-02.pdf,,2022.0,9392 RDP Ifop Paris match 24-02,archives/2022/fevrier/9392-rdp-ifop-paris-match-24-02.pdf,,archives/2022/fevrier/,http://www.commission-des-sondages.fr/notices/files/notices/2022/fevrier/9392-rdp-ifop-paris-match-24-02.pdf,/notices/medias/fichiers/add/1328,2022-07-08 15:57:22,2022-02-24 15:24:09+01:00
9395-rpw-opinionway-kea-partners-les-echos-radio-classique-24-fev.pdf,,2022.0,9395 RPW  OpinionWay - Kea Partners - Les Echos- radio Classique - 24 fev,archives/2022/fevrier/9395-rpw-opinionway-kea-partners-les-echos-radio-classique-24-fev.pdf,,archives/2022/fevrier/,http://www.commission-des-sondages.fr/notices/files/notices/2022/fevrier/9395-rpw-opinionway-kea-partners-les-echos-radio-classique-24-fev.pdf,/notices/medias/fichiers/add/1329,2022-07-08 15:57:22,2022-02-25 08:50:51+00:00
9396-rdp-ifop-paris-match-25-02.pdf,,2022.0,9396 RDP Ifop Paris Match 25-02,archives/2022/fevrier/9396-rdp-ifop-paris-match-25-02.pdf,,archives/2022/fevrier/,http://www.commission-des-sondages.fr/notices/files/notices/2022/fevrier/9396-rdp-ifop-paris-match-25-02.pdf,/notices/medias/fichiers/add/1330,2022-07-08 15:57:22,2022-02-25 14:32:20+01:00
9397-rpw-opinionway-kea-partners-les-echos-radio-classique-2-5-fev.pdf,,2022.0,9397 RPW OpinionWay - Kea Partners - Les Echos- radio Classique - 2 5 fev,archives/2022/fevrier/9397-rpw-opinionway-kea-partners-les-echos-radio-classique-2-5-fev.pdf,,archives/2022/fevrier/,http://www.commission-des-sondages.fr/notices/files/notices/2022/fevrier/9397-rpw-opinionway-kea-partners-les-echos-radio-classique-2-5-fev.pdf,/notices/medias/fichiers/add/1331,2022-07-08 15:57:22,2022-02-25 20:21:44+00:00
9398-harris-interactive-le-regard-des-francais-sur-la-guerre-entre-la-russie-et-l-uk-m6-rtl.pdf,,2022.0,"9398 Harris Interactive Le regard des Français sur la guerre entre la Russie et l'Uk M6, RTL",archives/2022/fevrier/9398-harris-interactive-le-regard-des-francais-sur-la-guerre-entre-la-russie-et-l-uk-m6-rtl.pdf,,archives/2022/fevrier/,http://www.commission-des-sondages.fr/notices/files/notices/2022/fevrier/9398-harris-interactive-le-regard-des-francais-sur-la-guerre-entre-la-russie-et-l-uk-m6-rtl.pdf,/notices/medias/fichiers/add/1332,2022-07-08 15:57:22,2022-02-28 10:23:19+01:00
9399-rpw-opinionway-kea-partners-les-echos-radio-classique-28-fev.pdf,,2022.0,9399 RPW OpinionWay - Kea Partners - Les Echos- radio Classique - 28 fev,archives/2022/fevrier/9399-rpw-opinionway-kea-partners-les-echos-radio-classique-28-fev.pdf,,archives/2022/fevrier/,http://www.commission-des-sondages.fr/notices/files/notices/2022/fevrier/9399-rpw-opinionway-kea-partners-les-echos-radio-classique-28-fev.pdf,/notices/medias/fichiers/add/1333,2022-07-08 15:57:22,2022-02-28 13:43:32+00:00
9400-harris-interactive-challenges-v35.pdf,,2022.0,9400 Harris Interactive - Challenges V35,archives/2022/fevrier/9400-harris-interactive-challenges-v35.pdf,,archives/2022/fevrier/,http://www.commission-des-sondages.fr/notices/files/notices/2022/fevrier/9400-harris-interactive-challenges-v35.pdf,/notices/medias/fichiers/add/1334,2022-07-08 15:57:22,2022-02-28 16:00:26+01:00
9401-avertissement.pdf,,2022.0,9401 Avertissement,archives/2022/fevrier/9401-avertissement.pdf,,archives/2022/fevrier/,http://www.commission-des-sondages.fr/notices/files/notices/2022/fevrier/9401-avertissement.pdf,/notices/medias/fichiers/add/1360,2022-07-08 15:57:23,2022-03-06 18:57:17+00:00
9401-cluster-17-jeudi.pdf,,2022.0,9401 Cluster 17 Jeudi ,archives/2022/fevrier/9401-cluster-17-jeudi.pdf,,archives/2022/fevrier/,http://www.commission-des-sondages.fr/notices/files/notices/2022/fevrier/9401-cluster-17-jeudi.pdf,/notices/medias/fichiers/add/1359,2022-07-08 15:57:23,2022-02-24 20:34:53+01:00
9402-rdp-ifop-paris-match-28-0e.pdf,,2022.0,9402 RDP Ifop Paris Match 28-0é,archives/2022/fevrier/9402-rdp-ifop-paris-match-28-0e.pdf,,archives/2022/fevrier/,http://www.commission-des-sondages.fr/notices/files/notices/2022/fevrier/9402-rdp-ifop-paris-match-28-0e.pdf,/notices/medias/fichiers/add/1335,2022-07-08 15:57:23,2022-02-28 19:25:30+01:00
9403-p-opinionway-pour-cnews-vague-7-le-28-fevrier.pdf,,2022.0,9403 P OpinionWay pour CNEWS  Vague 7 le 28 février,archives/2022/fevrier/9403-p-opinionway-pour-cnews-vague-7-le-28-fevrier.pdf,,archives/2022/fevrier/,http://www.commission-des-sondages.fr/notices/files/notices/2022/fevrier/9403-p-opinionway-pour-cnews-vague-7-le-28-fevrier.pdf,/notices/medias/fichiers/add/1336,2022-07-08 15:57:23,2022-03-01 16:03:50+00:00
9404-p-elabe-bfmtv-ukraine-mlp.pdf,,2022.0,9404 P elabe Bfmtv Ukraine + MLP,archives/2022/mars/9404-p-elabe-bfmtv-ukraine-mlp.pdf,,archives/2022/mars/,http://www.commission-des-sondages.fr/notices/files/notices/2022/mars/9404-p-elabe-bfmtv-ukraine-mlp.pdf,/notices/medias/fichiers/add/1337,2022-07-08 15:57:37,2022-02-28 19:41:24+01:00
9405-p-csa-cnews-2-02.pdf,,2022.0,9405 P CSA CNews 2-02,archives/2022/mars/9405-p-csa-cnews-2-02.pdf,,archives/2022/mars/,http://www.commission-des-sondages.fr/notices/files/notices/2022/mars/9405-p-csa-cnews-2-02.pdf,/notices/medias/fichiers/add/1362,2022-07-08 15:57:37,2022-02-28 20:15:42+01:00
9406-rdp-ifop-paris-match-le-1er-mars.pdf,,2022.0,9406 RDP IFOP - Paris Match le 1er Mars,archives/2022/mars/9406-rdp-ifop-paris-match-le-1er-mars.pdf,,archives/2022/mars/,http://www.commission-des-sondages.fr/notices/files/notices/2022/mars/9406-rdp-ifop-paris-match-le-1er-mars.pdf,/notices/medias/fichiers/add/1338,2022-07-08 15:57:37,2022-03-01 14:44:38+01:00
9407-csa-question-cnews-02-03.pdf,,2022.0,9407 CSA - Question CNews 02-03,archives/2022/mars/9407-csa-question-cnews-02-03.pdf,,archives/2022/mars/,http://www.commission-des-sondages.fr/notices/files/notices/2022/mars/9407-csa-question-cnews-02-03.pdf,/notices/medias/fichiers/add/1361,2022-07-08 15:57:37,2022-03-01 15:18:50+01:00
9408-opinionway-cnews-vague-8-le-1er-mars.pdf,,2022.0,9408 OpinionWay – CNEWS Vague 8 le 1er mars,archives/2022/mars/9408-opinionway-cnews-vague-8-le-1er-mars.pdf,,archives/2022/mars/,http://www.commission-des-sondages.fr/notices/files/notices/2022/mars/9408-opinionway-cnews-vague-8-le-1er-mars.pdf,/notices/medias/fichiers/add/1339,2022-07-08 15:57:37,2022-03-01 09:18:31+00:00
9409-rpw-opinionway-kea-partners-les-echos-radio-classique-1-mars.pdf,,2022.0,9409 RPW OpinionWay - Kea Partners - Les Echos- radio Classique 1  mars,archives/2022/mars/9409-rpw-opinionway-kea-partners-les-echos-radio-classique-1-mars.pdf,,archives/2022/mars/,http://www.commission-des-sondages.fr/notices/files/notices/2022/mars/9409-rpw-opinionway-kea-partners-les-echos-radio-classique-1-mars.pdf,/notices/medias/fichiers/add/1340,2022-07-08 15:57:37,2022-03-01 20:52:54+00:00
9410-rdp-ifop-rolling-2-03.pdf,,2022.0,9410 RDP Ifop Rolling 2-03,archives/2022/mars/9410-rdp-ifop-rolling-2-03.pdf,,archives/2022/mars/,http://www.commission-des-sondages.fr/notices/files/notices/2022/mars/9410-rdp-ifop-rolling-2-03.pdf,/notices/medias/fichiers/add/1341,2022-07-08 15:57:37,2022-03-02 14:50:36+01:00
9411-rpw-opinionway-kea-partners-les-echos-radio-classique-2-mars.pdf,,2022.0,9411 RPW OpinionWay - Kea Partners - Les Echos- radio Classique - 2  mars,archives/2022/mars/9411-rpw-opinionway-kea-partners-les-echos-radio-classique-2-mars.pdf,,archives/2022/mars/,http://www.commission-des-sondages.fr/notices/files/notices/2022/mars/9411-rpw-opinionway-kea-partners-les-echos-radio-classique-2-mars.pdf,/notices/medias/fichiers/add/1342,2022-07-08 15:57:37,2022-03-02 15:45:58+00:00
9412-p-ipsos-france-tv-environnement-3-mars-2022.pdf,,2022.0,9412 P Ipsos France TV - Environnement - 3 Mars 2022,archives/2022/mars/9412-p-ipsos-france-tv-environnement-3-mars-2022.pdf,,archives/2022/mars/,http://www.commission-des-sondages.fr/notices/files/notices/2022/mars/9412-p-ipsos-france-tv-environnement-3-mars-2022.pdf,/notices/medias/fichiers/add/1343,2022-07-08 15:57:38,2022-03-03 09:34:11+01:00
9414-cluster17-ukraine.pdf,,2022.0,9414 Cluster17-Ukraine,archives/2022/mars/9414-cluster17-ukraine.pdf,,archives/2022/mars/,http://www.commission-des-sondages.fr/notices/files/notices/2022/mars/9414-cluster17-ukraine.pdf,/notices/medias/fichiers/add/1350,2022-07-08 15:57:38,2022-02-28 22:49:59+01:00
9415-avertissement.pdf,,2022.0,9415 Avertissement,archives/2022/mars/9415-avertissement.pdf,,archives/2022/mars/,http://www.commission-des-sondages.fr/notices/files/notices/2022/mars/9415-avertissement.pdf,/notices/medias/fichiers/add/1353,2022-07-08 15:57:38,2022-03-04 12:53:35+00:00
9415-cluster17-le-3-mars.pdf,,2022.0,9415 Cluster17 Le 3 mars,archives/2022/mars/9415-cluster17-le-3-mars.pdf,,archives/2022/mars/,http://www.commission-des-sondages.fr/notices/files/notices/2022/mars/9415-cluster17-le-3-mars.pdf,/notices/medias/fichiers/add/1352,2022-07-08 15:57:38,2022-03-03 10:37:18+01:00
9416-opinionway-cnews-v-9-le-2-mars.pdf,,2022.0,9416  OpinionWay CNEWS - V 9 le 2 mars,archives/2022/mars/9416-opinionway-cnews-v-9-le-2-mars.pdf,,archives/2022/mars/,http://www.commission-des-sondages.fr/notices/files/notices/2022/mars/9416-opinionway-cnews-v-9-le-2-mars.pdf,/notices/medias/fichiers/add/1344,2022-07-08 15:57:38,2022-03-02 08:39:08+00:00
9417-rpw-opinionway-kea-partners-les-echos-radio-classique-le-3-mars.pdf,,2022.0,9417 RPW OpinionWay - Kea Partners - Les Echos- radio Classique -  le 3 mars,archives/2022/mars/9417-rpw-opinionway-kea-partners-les-echos-radio-classique-le-3-mars.pdf,,archives/2022/mars/,http://www.commission-des-sondages.fr/notices/files/notices/2022/mars/9417-rpw-opinionway-kea-partners-les-echos-radio-classique-le-3-mars.pdf,/notices/medias/fichiers/add/1345,2022-07-08 15:57:38,2022-03-03 18:17:30+00:00
9418-rdp-ifop-pm-le-3-mars.pdf,,2022.0,9418 RDP Ifop PM le 3 mars,archives/2022/mars/9418-rdp-ifop-pm-le-3-mars.pdf,,archives/2022/mars/,http://www.commission-des-sondages.fr/notices/files/notices/2022/mars/9418-rdp-ifop-pm-le-3-mars.pdf,/notices/medias/fichiers/add/1346,2022-07-08 15:57:39,2022-03-03 15:07:30+01:00
9419-opinionway-cnews-vague-10-le-3-mars.pdf,,2022.0,"9419 OpinionWay CNEWS - Vague 10, le 3 mars",archives/2022/mars/9419-opinionway-cnews-vague-10-le-3-mars.pdf,,archives/2022/mars/,http://www.commission-des-sondages.fr/notices/files/notices/2022/mars/9419-opinionway-cnews-vague-10-le-3-mars.pdf,/notices/medias/fichiers/add/1347,2022-07-08 15:57:39,2022-03-03 11:31:53+00:00
9420-9385-p-oibo-wwf-pass-climatique.pdf,,2022.0,9420 -> 9385 P Oïbo WWF Pass Climatique   ,archives/2022/mars/9420-9385-p-oibo-wwf-pass-climatique.pdf,,archives/2022/mars/,http://www.commission-des-sondages.fr/notices/files/notices/2022/mars/9420-9385-p-oibo-wwf-pass-climatique.pdf,/notices/medias/fichiers/add/1349,2022-07-08 15:57:39,2022-02-21 16:50:54+01:00
9421-ow-cnews-v-11.pdf,,2022.0,9421  OW - CNEWS - V 11,archives/2022/mars/9421-ow-cnews-v-11.pdf,,archives/2022/mars/,http://www.commission-des-sondages.fr/notices/files/notices/2022/mars/9421-ow-cnews-v-11.pdf,/notices/medias/fichiers/add/1355,2022-07-08 15:57:39,2022-03-04 13:47:55+00:00
9422-rdp-ifop-paris-match.pdf,,2022.0,9422 RDP Ifop Paris Match,archives/2022/mars/9422-rdp-ifop-paris-match.pdf,,archives/2022/mars/,http://www.commission-des-sondages.fr/notices/files/notices/2022/mars/9422-rdp-ifop-paris-match.pdf,/notices/medias/fichiers/add/1356,2022-07-08 15:57:39,2022-03-04 15:13:35+01:00
9423-rpw-opinionway-kea-partners-les-echos-radio-classique-4-mars.pdf,,2022.0,9423 RPW OpinionWay - Kea Partners - Les Echos- radio Classique - 4  mars,archives/2022/mars/9423-rpw-opinionway-kea-partners-les-echos-radio-classique-4-mars.pdf,,archives/2022/mars/,http://www.commission-des-sondages.fr/notices/files/notices/2022/mars/9423-rpw-opinionway-kea-partners-les-echos-radio-classique-4-mars.pdf,/notices/medias/fichiers/add/1357,2022-07-08 15:57:39,2022-03-06 14:23:28+00:00
9424-rdp-ifop-pm-7-mars.pdf,,2022.0,9424 RDP Ifop PM 7 mars,archives/2022/mars/9424-rdp-ifop-pm-7-mars.pdf,,archives/2022/mars/,http://www.commission-des-sondages.fr/notices/files/notices/2022/mars/9424-rdp-ifop-pm-7-mars.pdf,/notices/medias/fichiers/add/1363,2022-07-08 15:57:39,2022-03-07 15:54:33+01:00
9425-opinionway-kea-partners-les-echos-radio-classique-notice-a-la-commission-7-mars.pdf,,2022.0,9425 OpinionWay - Kea Partners - Les Echos - Radio Classique -  Notice à la Commission -  7 mars,archives/2022/mars/9425-opinionway-kea-partners-les-echos-radio-classique-notice-a-la-commission-7-mars.pdf,,archives/2022/mars/,http://www.commission-des-sondages.fr/notices/files/notices/2022/mars/9425-opinionway-kea-partners-les-echos-radio-classique-notice-a-la-commission-7-mars.pdf,/notices/medias/fichiers/add/1364,2022-07-08 15:57:39,2022-03-07 11:28:22+00:00
9427-p-opinionway-cnews-vague-12-le-7-mars.pdf,,2022.0,9427 P OpinionWay CNEWS - Vague 12 le 7 mars,archives/2022/mars/9427-p-opinionway-cnews-vague-12-le-7-mars.pdf,,archives/2022/mars/,http://www.commission-des-sondages.fr/notices/files/notices/2022/mars/9427-p-opinionway-cnews-vague-12-le-7-mars.pdf,/notices/medias/fichiers/add/1365,2022-07-08 15:57:40,2022-03-07 17:11:01+00:00
9428-avertissement.pdf,,2022.0,9428 Avertissement,archives/2022/mars/9428-avertissement.pdf,,archives/2022/mars/,http://www.commission-des-sondages.fr/notices/files/notices/2022/mars/9428-avertissement.pdf,/notices/medias/fichiers/add/1374,2022-07-08 15:57:40,2022-03-09 00:07:22+00:00
9428-cluster-17-le-8-mars.pdf,,2022.0,9428 Cluster 17 le 8 mars,archives/2022/mars/9428-cluster-17-le-8-mars.pdf,,archives/2022/mars/,http://www.commission-des-sondages.fr/notices/files/notices/2022/mars/9428-cluster-17-le-8-mars.pdf,/notices/medias/fichiers/add/1375,2022-07-08 15:57:40,2022-03-07 23:08:37+01:00
9429-opinionway-pour-cnews-vague-13-le-8-mars.pdf,,2022.0,9429 OpinionWay pour CNEWS - Vague 13 Le 8 mars,archives/2022/mars/9429-opinionway-pour-cnews-vague-13-le-8-mars.pdf,,archives/2022/mars/,http://www.commission-des-sondages.fr/notices/files/notices/2022/mars/9429-opinionway-pour-cnews-vague-13-le-8-mars.pdf,/notices/medias/fichiers/add/1368,2022-07-08 15:57:40,2022-03-07 21:16:58+00:00
9430-rdp-ifop-paris-match-le-8-mars.pdf,,2022.0,9430 RDP Ifop Paris Match le 8 mars,archives/2022/mars/9430-rdp-ifop-paris-match-le-8-mars.pdf,,archives/2022/mars/,http://www.commission-des-sondages.fr/notices/files/notices/2022/mars/9430-rdp-ifop-paris-match-le-8-mars.pdf,/notices/medias/fichiers/add/1369,2022-07-08 15:57:40,2022-03-08 14:39:52+01:00
9431-rpw-opinionway-kea-partners-les-echos-radio-classique-8-mars.pdf,,2022.0,9431 RPW OpinionWay - Kea Partners - Les Echos - Radio Classique -  8 mars,archives/2022/mars/9431-rpw-opinionway-kea-partners-les-echos-radio-classique-8-mars.pdf,,archives/2022/mars/,http://www.commission-des-sondages.fr/notices/files/notices/2022/mars/9431-rpw-opinionway-kea-partners-les-echos-radio-classique-8-mars.pdf,/notices/medias/fichiers/add/1370,2022-07-08 15:57:40,2022-03-08 14:44:28+00:00
9432-harris-interractive-challenges.pdf,,2022.0,9432 Harris Interractive Challenges,archives/2022/mars/9432-harris-interractive-challenges.pdf,,archives/2022/mars/,http://www.commission-des-sondages.fr/notices/files/notices/2022/mars/9432-harris-interractive-challenges.pdf,/notices/medias/fichiers/add/1371,2022-07-08 15:57:41,2022-03-08 18:35:23+01:00
9433-p-elabe-bfmtv.pdf,,2022.0,9433 P Elabe BfmTV,archives/2022/mars/9433-p-elabe-bfmtv.pdf,,archives/2022/mars/,http://www.commission-des-sondages.fr/notices/files/notices/2022/mars/9433-p-elabe-bfmtv.pdf,/notices/medias/fichiers/add/1372,2022-07-08 15:57:41,2022-03-08 20:04:41+01:00
9434-p-opinionway-pour-cnews-vague-14-le-9-mars.pdf,,2022.0,9434 P OpinionWay pour CNEWS - Vague 14 le 9 mars,archives/2022/mars/9434-p-opinionway-pour-cnews-vague-14-le-9-mars.pdf,,archives/2022/mars/,http://www.commission-des-sondages.fr/notices/files/notices/2022/mars/9434-p-opinionway-pour-cnews-vague-14-le-9-mars.pdf,/notices/medias/fichiers/add/1377,2022-07-08 15:57:41,2022-03-09 09:41:57+00:00
9435-opinionway-les-echos-radio-classique-9-mars.pdf,,2022.0,9435 OpinionWay - Les Echos - Radio Classique - 9 mars,archives/2022/mars/9435-opinionway-les-echos-radio-classique-9-mars.pdf,,archives/2022/mars/,http://www.commission-des-sondages.fr/notices/files/notices/2022/mars/9435-opinionway-les-echos-radio-classique-9-mars.pdf,/notices/medias/fichiers/add/1376,2022-07-08 15:57:41,2022-03-09 18:28:49+00:00
9436-rdp-ifop-pm.pdf,,2022.0,9436 RDP ifop Pm,archives/2022/mars/9436-rdp-ifop-pm.pdf,,archives/2022/mars/,http://www.commission-des-sondages.fr/notices/files/notices/2022/mars/9436-rdp-ifop-pm.pdf,/notices/medias/fichiers/add/1378,2022-07-08 15:57:41,2022-03-09 15:14:56+01:00
9437-csa-cnews-10-mars.pdf,,2022.0,9437 CSA - CNews 10 Mars,archives/2022/mars/9437-csa-cnews-10-mars.pdf,,archives/2022/mars/,http://www.commission-des-sondages.fr/notices/files/notices/2022/mars/9437-csa-cnews-10-mars.pdf,/notices/medias/fichiers/add/1380,2022-07-08 15:57:41,2022-03-09 16:37:41+01:00
9438-p-kantar-v2-le-10-mars.pdf,,2022.0,9438 P Kantar V2 le 10 mars,archives/2022/mars/9438-p-kantar-v2-le-10-mars.pdf,,archives/2022/mars/,http://www.commission-des-sondages.fr/notices/files/notices/2022/mars/9438-p-kantar-v2-le-10-mars.pdf,/notices/medias/fichiers/add/1381,2022-07-08 15:57:41,2022-03-10 12:23:33+01:00
9439-p-opinionway-cnews-vague-15-le-10-mars.pdf,,2022.0,"9439 P OpinionWay  CNEWS - Vague 15, le 10 mars",archives/2022/mars/9439-p-opinionway-cnews-vague-15-le-10-mars.pdf,,archives/2022/mars/,http://www.commission-des-sondages.fr/notices/files/notices/2022/mars/9439-p-opinionway-cnews-vague-15-le-10-mars.pdf,/notices/medias/fichiers/add/1382,2022-07-08 15:57:41,2022-03-10 15:17:20+00:00
9440-rdp-ifop-pm-10-mars.pdf,,2022.0,9440 RDP Ifop Pm 10 mars,archives/2022/mars/9440-rdp-ifop-pm-10-mars.pdf,,archives/2022/mars/,http://www.commission-des-sondages.fr/notices/files/notices/2022/mars/9440-rdp-ifop-pm-10-mars.pdf,/notices/medias/fichiers/add/1383,2022-07-08 15:57:41,2022-03-10 15:19:58+01:00
9441-p-ukraine-odoxa-le-figaro-11-mars.pdf,,2022.0,9441 P Ukraine Odoxa Le Figaro 11 mars,archives/2022/mars/9441-p-ukraine-odoxa-le-figaro-11-mars.pdf,,archives/2022/mars/,http://www.commission-des-sondages.fr/notices/files/notices/2022/mars/9441-p-ukraine-odoxa-le-figaro-11-mars.pdf,/notices/medias/fichiers/add/1384,2022-07-08 15:57:41,2022-03-10 16:50:55+01:00
9442-bva-orange-rtl-vague-9-le-11-mars-pdf.pdf,,2022.0,9442 BVA Orange RTL Vague 9 - le 11 mars. pdf,archives/2022/mars/9442-bva-orange-rtl-vague-9-le-11-mars-pdf.pdf,,archives/2022/mars/,http://www.commission-des-sondages.fr/notices/files/notices/2022/mars/9442-bva-orange-rtl-vague-9-le-11-mars-pdf.pdf,/notices/medias/fichiers/add/1385,2022-07-08 15:57:42,2022-03-10 17:04:41+01:00
9443-opinionway-kea-partners-les-echos-radio-classique-notice-a-la-commission-10-mars.pdf,,2022.0,9443 OpinionWay - Kea Partners - Les Echos - Radio Classique -  Notice à la Commission 10 mars,archives/2022/mars/9443-opinionway-kea-partners-les-echos-radio-classique-notice-a-la-commission-10-mars.pdf,,archives/2022/mars/,http://www.commission-des-sondages.fr/notices/files/notices/2022/mars/9443-opinionway-kea-partners-les-echos-radio-classique-notice-a-la-commission-10-mars.pdf,/notices/medias/fichiers/add/1386,2022-07-08 15:57:42,2022-03-10 15:13:02+00:00
9444-opinionway-cnews-vague-16.pdf,,2022.0,9444 OpinionWay  CNEWS Vague 16,archives/2022/mars/9444-opinionway-cnews-vague-16.pdf,,archives/2022/mars/,http://www.commission-des-sondages.fr/notices/files/notices/2022/mars/9444-opinionway-cnews-vague-16.pdf,/notices/medias/fichiers/add/1387,2022-07-08 15:57:42,2022-03-11 09:26:23+00:00
9446-rdp-ifop-paris-match-11-03.pdf,,2022.0,9446 RDP Ifop Paris Match 11-03,archives/2022/mars/9446-rdp-ifop-paris-match-11-03.pdf,,archives/2022/mars/,http://www.commission-des-sondages.fr/notices/files/notices/2022/mars/9446-rdp-ifop-paris-match-11-03.pdf,/notices/medias/fichiers/add/1388,2022-07-08 15:57:42,2022-03-11 14:27:37+01:00
9447-opinionway-kea-partners-les-echos-radio-classique-11-mars.pdf,,2022.0,9447 OpinionWay - Kea Partners - Les Echos - Radio Classique -  11 mars,archives/2022/mars/9447-opinionway-kea-partners-les-echos-radio-classique-11-mars.pdf,,archives/2022/mars/,http://www.commission-des-sondages.fr/notices/files/notices/2022/mars/9447-opinionway-kea-partners-les-echos-radio-classique-11-mars.pdf,/notices/medias/fichiers/add/1389,2022-07-08 15:57:42,2022-03-11 13:39:08+00:00
9448-ipsos-le-parisien-aujourd-hui-en-france-france-info-vague-1-12-mars-pd-f.pdf,,2022.0,9448 Ipsos Le Parisien Aujourd'hui en France - France Info - Vague 1 - 12 mars.pd f,archives/2022/mars/9448-ipsos-le-parisien-aujourd-hui-en-france-france-info-vague-1-12-mars-pd-f.pdf,,archives/2022/mars/,http://www.commission-des-sondages.fr/notices/files/notices/2022/mars/9448-ipsos-le-parisien-aujourd-hui-en-france-france-info-vague-1-12-mars-pd-f.pdf,/notices/medias/fichiers/add/1390,2022-07-08 15:57:43,2022-03-12 14:57:25+01:00
9449-opinionway-pour-cnews-notice-a-la-commission-vague-17-le-14-mars.pdf,,2022.0,9449 OpinionWay pour CNEWS - Notice à la commission - Vague 17 le 14 mars,archives/2022/mars/9449-opinionway-pour-cnews-notice-a-la-commission-vague-17-le-14-mars.pdf,,archives/2022/mars/,http://www.commission-des-sondages.fr/notices/files/notices/2022/mars/9449-opinionway-pour-cnews-notice-a-la-commission-vague-17-le-14-mars.pdf,/notices/medias/fichiers/add/1391,2022-07-08 15:57:43,2022-03-14 18:13:59+00:00
9450-rdp-ipsos-le-parisien-france-info-vague-2-14-mars.pdf,,2022.0,9450 RDP  Ipsos Le Parisien - France Info Vague 2 - 14 mars,archives/2022/mars/9450-rdp-ipsos-le-parisien-france-info-vague-2-14-mars.pdf,,archives/2022/mars/,http://www.commission-des-sondages.fr/notices/files/notices/2022/mars/9450-rdp-ipsos-le-parisien-france-info-vague-2-14-mars.pdf,/notices/medias/fichiers/add/1392,2022-07-08 15:57:43,2022-03-14 14:22:24+01:00
9451-rpw-opinionway-kea-partners-les-echos-radio-classique-14-mars.pdf,,2022.0,9451 RPW OpinionWay - Kea Partners - Les Echos - Radio Classique -  14 mars,archives/2022/mars/9451-rpw-opinionway-kea-partners-les-echos-radio-classique-14-mars.pdf,,archives/2022/mars/,http://www.commission-des-sondages.fr/notices/files/notices/2022/mars/9451-rpw-opinionway-kea-partners-les-echos-radio-classique-14-mars.pdf,/notices/medias/fichiers/add/1393,2022-07-08 15:57:43,2022-03-14 18:21:01+00:00
9452-rdp-ifop-pm-14-mars.pdf,,2022.0,9452 RDP Ifop Pm 14 mars,archives/2022/mars/9452-rdp-ifop-pm-14-mars.pdf,,archives/2022/mars/,http://www.commission-des-sondages.fr/notices/files/notices/2022/mars/9452-rdp-ifop-pm-14-mars.pdf,/notices/medias/fichiers/add/1394,2022-07-08 15:57:43,2022-03-14 14:41:30+01:00
9453-opinionway-cnews-vague-18-le-15-mars.pdf,,2022.0,9453 OpinionWay CNEWS - Vague 18 le 15 mars,archives/2022/mars/9453-opinionway-cnews-vague-18-le-15-mars.pdf,,archives/2022/mars/,http://www.commission-des-sondages.fr/notices/files/notices/2022/mars/9453-opinionway-cnews-vague-18-le-15-mars.pdf,/notices/medias/fichiers/add/1395,2022-07-08 15:57:43,2022-03-15 17:08:08+00:00
9454-rolling-ipsos-le-parisien-aujourd-hui-en-france-france-info-vague-3-15-mars.pdf,,2022.0,9454 Rolling Ipsos Le Parisien Aujourd'hui en France - France Info Vague 3 - 15 mars,archives/2022/mars/9454-rolling-ipsos-le-parisien-aujourd-hui-en-france-france-info-vague-3-15-mars.pdf,,archives/2022/mars/,http://www.commission-des-sondages.fr/notices/files/notices/2022/mars/9454-rolling-ipsos-le-parisien-aujourd-hui-en-france-france-info-vague-3-15-mars.pdf,/notices/medias/fichiers/add/1396,2022-07-08 15:57:44,2022-03-15 14:46:50+01:00
9455-p-odoxa-l-obs-le-15-mars.pdf,,2022.0,9455 P Odoxa l'Obs le 15 mars,archives/2022/mars/9455-p-odoxa-l-obs-le-15-mars.pdf,,archives/2022/mars/,http://www.commission-des-sondages.fr/notices/files/notices/2022/mars/9455-p-odoxa-l-obs-le-15-mars.pdf,/notices/medias/fichiers/add/1397,2022-07-08 15:57:44,2022-03-15 18:04:04+01:00
9456-rdp-ifop-paris-match-le-15-mars.pdf,,2022.0,9456 RDP Ifop Paris Match le 15 mars,archives/2022/mars/9456-rdp-ifop-paris-match-le-15-mars.pdf,,archives/2022/mars/,http://www.commission-des-sondages.fr/notices/files/notices/2022/mars/9456-rdp-ifop-paris-match-le-15-mars.pdf,/notices/medias/fichiers/add/1398,2022-07-08 15:57:44,2022-03-15 14:17:43+01:00
9457-opinionway-kea-partners-les-echos-radio-classique-15-mars.pdf,,2022.0,9457 OpinionWay - Kea Partners - Les Echos - Radio Classique -15 mars,archives/2022/mars/9457-opinionway-kea-partners-les-echos-radio-classique-15-mars.pdf,,archives/2022/mars/,http://www.commission-des-sondages.fr/notices/files/notices/2022/mars/9457-opinionway-kea-partners-les-echos-radio-classique-15-mars.pdf,/notices/medias/fichiers/add/1399,2022-07-08 15:57:44,2022-03-16 09:32:40+00:00
9458-harris-interactive-baro-challenges-v37-le-16-mars.pdf,,2022.0,9458 Harris Interactive - Baro Challenges V37 le 16 mars,archives/2022/mars/9458-harris-interactive-baro-challenges-v37-le-16-mars.pdf,,archives/2022/mars/,http://www.commission-des-sondages.fr/notices/files/notices/2022/mars/9458-harris-interactive-baro-challenges-v37-le-16-mars.pdf,/notices/medias/fichiers/add/1400,2022-07-08 15:57:44,2022-03-15 19:27:27+01:00
9459-opinionway-cnews-vague-19-le-16-mars.pdf,,2022.0,"9459 OpinionWay - CNEWS - Vague 19, le 16 mars",archives/2022/mars/9459-opinionway-cnews-vague-19-le-16-mars.pdf,,archives/2022/mars/,http://www.commission-des-sondages.fr/notices/files/notices/2022/mars/9459-opinionway-cnews-vague-19-le-16-mars.pdf,/notices/medias/fichiers/add/1401,2022-07-08 15:57:44,2022-03-16 13:21:05+00:00
9460-rdp-ipsos-le-parisien-aujourd-hui-en-france-france-info-v-4-16-mars.pdf,,2022.0,9460 RDP Ipsos Le Parisien Aujourd'hui en France - France Info - V 4 - 16 mars,archives/2022/mars/9460-rdp-ipsos-le-parisien-aujourd-hui-en-france-france-info-v-4-16-mars.pdf,,archives/2022/mars/,http://www.commission-des-sondages.fr/notices/files/notices/2022/mars/9460-rdp-ipsos-le-parisien-aujourd-hui-en-france-france-info-v-4-16-mars.pdf,/notices/medias/fichiers/add/1402,2022-07-08 15:57:44,2022-03-16 14:20:47+01:00
9461-opinionway-kea-partners-les-echos-radio-classique-16-mars.pdf,,2022.0,9461 OpinionWay - Kea Partners - Les Echos - Radio Classique - 16 mars,archives/2022/mars/9461-opinionway-kea-partners-les-echos-radio-classique-16-mars.pdf,,archives/2022/mars/,http://www.commission-des-sondages.fr/notices/files/notices/2022/mars/9461-opinionway-kea-partners-les-echos-radio-classique-16-mars.pdf,/notices/medias/fichiers/add/1403,2022-07-08 15:57:44,2022-03-16 16:45:30+00:00
9462-rdp-ifop-paris-match-16-mars.pdf,,2022.0,9462 RDP Ifop Paris-Match 16 mars,archives/2022/mars/9462-rdp-ifop-paris-match-16-mars.pdf,,archives/2022/mars/,http://www.commission-des-sondages.fr/notices/files/notices/2022/mars/9462-rdp-ifop-paris-match-16-mars.pdf,/notices/medias/fichiers/add/1404,2022-07-08 15:57:45,2022-03-16 14:58:16+01:00
9463-csa-question-cnews-17-mars.pdf,,2022.0,9463 CSA - Question CNews 17 Mars,archives/2022/mars/9463-csa-question-cnews-17-mars.pdf,,archives/2022/mars/,http://www.commission-des-sondages.fr/notices/files/notices/2022/mars/9463-csa-question-cnews-17-mars.pdf,/notices/medias/fichiers/add/1405,2022-07-08 15:57:45,2022-03-16 14:28:40+01:00
9464-p-immigration-ipsos-france-tv-17-mars.pdf,,2022.0,9464 P Immigration Ipsos France TV 17 mars,archives/2022/mars/9464-p-immigration-ipsos-france-tv-17-mars.pdf,,archives/2022/mars/,http://www.commission-des-sondages.fr/notices/files/notices/2022/mars/9464-p-immigration-ipsos-france-tv-17-mars.pdf,/notices/medias/fichiers/add/1406,2022-07-08 15:57:45,2022-03-16 16:51:40+01:00
9465-elabe-bfm-le-16-mars.pdf,,2022.0,9465 Elabe BFM le 16 mars,archives/2022/mars/9465-elabe-bfm-le-16-mars.pdf,,archives/2022/mars/,http://www.commission-des-sondages.fr/notices/files/notices/2022/mars/9465-elabe-bfm-le-16-mars.pdf,/notices/medias/fichiers/add/1407,2022-07-08 15:57:45,2022-03-16 19:13:00+01:00
9466-p-ipsos-le-monde-fjj-cevipof-panel-elec-toral-v7.pdf,,2022.0,9466 P Ipsos Le Monde FJJ Cevipof - Panel élec toral  V7,archives/2022/mars/9466-p-ipsos-le-monde-fjj-cevipof-panel-elec-toral-v7.pdf,,archives/2022/mars/,http://www.commission-des-sondages.fr/notices/files/notices/2022/mars/9466-p-ipsos-le-monde-fjj-cevipof-panel-elec-toral-v7.pdf,/notices/medias/fichiers/add/1408,2022-07-08 15:57:45,2022-03-16 12:02:33+01:00
9467-opinionway-cnews-vague-20-le-17-mars.pdf,,2022.0,9467 OpinionWay CNEWS - Vague 20 le 17 mars,archives/2022/mars/9467-opinionway-cnews-vague-20-le-17-mars.pdf,,archives/2022/mars/,http://www.commission-des-sondages.fr/notices/files/notices/2022/mars/9467-opinionway-cnews-vague-20-le-17-mars.pdf,/notices/medias/fichiers/add/1409,2022-07-08 15:57:45,2022-03-17 13:42:09+00:00
9468-ipsos-le-parisien-aujourd-hui-en-france-france-info-vague-5-17-mars-pd-f.pdf,,2022.0,9468 Ipsos Le Parisien Aujourd'hui en France - France Info – Vague 5 - 17 mars.pd f,archives/2022/mars/9468-ipsos-le-parisien-aujourd-hui-en-france-france-info-vague-5-17-mars-pd-f.pdf,,archives/2022/mars/,http://www.commission-des-sondages.fr/notices/files/notices/2022/mars/9468-ipsos-le-parisien-aujourd-hui-en-france-france-info-vague-5-17-mars-pd-f.pdf,/notices/medias/fichiers/add/1410,2022-07-08 15:57:46,2022-03-17 14:43:54+01:00
9469-rpw-opinionway-kea-partners-les-echos-radio-classique-17-mars.pdf,,2022.0,9469 RPW OpinionWay - Kea Partners - Les Echos - Radio Classique - 17 mars,archives/2022/mars/9469-rpw-opinionway-kea-partners-les-echos-radio-classique-17-mars.pdf,,archives/2022/mars/,http://www.commission-des-sondages.fr/notices/files/notices/2022/mars/9469-rpw-opinionway-kea-partners-les-echos-radio-classique-17-mars.pdf,/notices/medias/fichiers/add/1411,2022-07-08 15:57:46,2022-03-17 16:36:09+00:00
9470-rdp-ifop-pm-17-mars.pdf,,2022.0,9470 RDP ifop PM 17 mars,archives/2022/mars/9470-rdp-ifop-pm-17-mars.pdf,,archives/2022/mars/,http://www.commission-des-sondages.fr/notices/files/notices/2022/mars/9470-rdp-ifop-pm-17-mars.pdf,/notices/medias/fichiers/add/1412,2022-07-08 15:57:46,2022-03-17 14:57:15+01:00
9471-p-bva-orange-et-rtl-le-18-mars.pdf,,2022.0,9471 P Bva Orange et RTL Le 18 mars,archives/2022/mars/9471-p-bva-orange-et-rtl-le-18-mars.pdf,,archives/2022/mars/,http://www.commission-des-sondages.fr/notices/files/notices/2022/mars/9471-p-bva-orange-et-rtl-le-18-mars.pdf,/notices/medias/fichiers/add/1413,2022-07-08 15:57:46,2022-03-17 17:49:33+01:00
9472-ipsos-le-parisien-aujourd-hui-en-france-france-info-vague-6-18-mars.pdf,,2022.0,9472 Ipsos Le Parisien Aujourd'hui en France - France Info - Vague 6 - 18 mars,archives/2022/mars/9472-ipsos-le-parisien-aujourd-hui-en-france-france-info-vague-6-18-mars.pdf,,archives/2022/mars/,http://www.commission-des-sondages.fr/notices/files/notices/2022/mars/9472-ipsos-le-parisien-aujourd-hui-en-france-france-info-vague-6-18-mars.pdf,/notices/medias/fichiers/add/1414,2022-07-08 15:57:46,2022-03-18 14:38:05+01:00
9473-csa-question-cnews-le-21-mars.pdf,,2022.0,9473 CSA - Question CNews le 21 mars,archives/2022/mars/9473-csa-question-cnews-le-21-mars.pdf,,archives/2022/mars/,http://www.commission-des-sondages.fr/notices/files/notices/2022/mars/9473-csa-question-cnews-le-21-mars.pdf,/notices/medias/fichiers/add/1415,2022-07-08 15:57:46,2022-03-18 16:19:15+01:00
9474-rdp-ifop-paris-match.pdf,,2022.0,9474 RDP IFOP Paris-Match ,archives/2022/mars/9474-rdp-ifop-paris-match.pdf,,archives/2022/mars/,http://www.commission-des-sondages.fr/notices/files/notices/2022/mars/9474-rdp-ifop-paris-match.pdf,/notices/medias/fichiers/add/1416,2022-07-08 15:57:46,2022-03-18 14:24:57+01:00
9475-opinionway-kea-partners-les-echos-radio-classique-18-mars.pdf,,2022.0,9475 OpinionWay - Kea Partners - Les Echos - Radio Classique – 18 mars,archives/2022/mars/9475-opinionway-kea-partners-les-echos-radio-classique-18-mars.pdf,,archives/2022/mars/,http://www.commission-des-sondages.fr/notices/files/notices/2022/mars/9475-opinionway-kea-partners-les-echos-radio-classique-18-mars.pdf,/notices/medias/fichiers/add/1417,2022-07-08 15:57:47,2022-03-18 17:41:30+00:00
9476-ipsos-le-parisien-aujourd-hui-en-france-france-info-vague-7-19-mars.pdf,,2022.0,9476 Ipsos Le Parisien Aujourd'hui en France - France Info - Vague 7 - 19 mars,archives/2022/mars/9476-ipsos-le-parisien-aujourd-hui-en-france-france-info-vague-7-19-mars.pdf,,archives/2022/mars/,http://www.commission-des-sondages.fr/notices/files/notices/2022/mars/9476-ipsos-le-parisien-aujourd-hui-en-france-france-info-vague-7-19-mars.pdf,/notices/medias/fichiers/add/1418,2022-07-08 15:57:47,2022-03-19 14:21:26+01:00
9477-opinionway-pour-cnews-vague-21-le-18-mars.pdf,,2022.0,"9477 OpinionWay pour CNEWS -  Vague 21, le 18 mars",archives/2022/mars/9477-opinionway-pour-cnews-vague-21-le-18-mars.pdf,,archives/2022/mars/,http://www.commission-des-sondages.fr/notices/files/notices/2022/mars/9477-opinionway-pour-cnews-vague-21-le-18-mars.pdf,/notices/medias/fichiers/add/1419,2022-07-08 15:57:47,2022-03-18 17:51:21+00:00
9478-ipsos-le-parisien-aujourd-hui-en-france-france-info-barometre-vague-8-21-mars.pdf,,2022.0,9478 Ipsos Le Parisien Aujourd'hui en France - France Info - Baromètre Vague 8 - 21 mars,archives/2022/mars/9478-ipsos-le-parisien-aujourd-hui-en-france-france-info-barometre-vague-8-21-mars.pdf,,archives/2022/mars/,http://www.commission-des-sondages.fr/notices/files/notices/2022/mars/9478-ipsos-le-parisien-aujourd-hui-en-france-france-info-barometre-vague-8-21-mars.pdf,/notices/medias/fichiers/add/1420,2022-07-08 15:57:47,2022-03-21 14:30:40+01:00
9479-opinionway-kea-partners-les-echos-radio-classique-21-mars.pdf,,2022.0,9479 OpinionWay - Kea Partners - Les Echos - Radio Classique - 21 mars,archives/2022/mars/9479-opinionway-kea-partners-les-echos-radio-classique-21-mars.pdf,,archives/2022/mars/,http://www.commission-des-sondages.fr/notices/files/notices/2022/mars/9479-opinionway-kea-partners-les-echos-radio-classique-21-mars.pdf,/notices/medias/fichiers/add/1421,2022-07-08 15:57:47,2022-03-21 13:29:11+00:00
9480-rdp-ifop-paris-match.pdf,,2022.0,9480 RDP Ifop Paris-Match,archives/2022/mars/9480-rdp-ifop-paris-match.pdf,,archives/2022/mars/,http://www.commission-des-sondages.fr/notices/files/notices/2022/mars/9480-rdp-ifop-paris-match.pdf,/notices/medias/fichiers/add/1422,2022-07-08 15:57:47,2022-03-21 14:41:38+01:00
9481-opinionway-cnews-vague-22-le-21-mars.pdf,,2022.0,9481 OpinionWay CNEWS - Vague 22 le 21 mars,archives/2022/mars/9481-opinionway-cnews-vague-22-le-21-mars.pdf,,archives/2022/mars/,http://www.commission-des-sondages.fr/notices/files/notices/2022/mars/9481-opinionway-cnews-vague-22-le-21-mars.pdf,/notices/medias/fichiers/add/1423,2022-07-08 15:57:48,2022-03-21 16:44:08+00:00
9483-elabe-bfmtv-le-22-mars.pdf,,2022.0,9483 ELABE-BFMTV le 22 mars,archives/2022/mars/9483-elabe-bfmtv-le-22-mars.pdf,,archives/2022/mars/,http://www.commission-des-sondages.fr/notices/files/notices/2022/mars/9483-elabe-bfmtv-le-22-mars.pdf,/notices/medias/fichiers/add/1425,2022-07-08 15:57:48,2022-03-21 19:42:27+01:00
9484-ipsos-le-parisien-aujourd-hui-en-france-france-info-9-22-mars.pdf,,2022.0,9484 Ipsos Le Parisien Aujourd'hui en France - France Info - 9 - 22 mars,archives/2022/mars/9484-ipsos-le-parisien-aujourd-hui-en-france-france-info-9-22-mars.pdf,,archives/2022/mars/,http://www.commission-des-sondages.fr/notices/files/notices/2022/mars/9484-ipsos-le-parisien-aujourd-hui-en-france-france-info-9-22-mars.pdf,/notices/medias/fichiers/add/1426,2022-07-08 15:57:48,2022-03-22 14:39:29+01:00
9485-opinionway-cnews-vague-23-le-22-mars.pdf,,2022.0,9485 OpinionWay - CNEWS - Vague 23 le 22 mars ,archives/2022/mars/9485-opinionway-cnews-vague-23-le-22-mars.pdf,,archives/2022/mars/,http://www.commission-des-sondages.fr/notices/files/notices/2022/mars/9485-opinionway-cnews-vague-23-le-22-mars.pdf,/notices/medias/fichiers/add/1427,2022-07-08 15:57:48,2022-03-22 10:01:42+00:00
9486-rdp-ifop-paris-match-lci-et-sud-radio-22-mars.pdf,,2022.0,9486 RDP Ifop Paris match LCI et Sud Radio 22 mars ,archives/2022/mars/9486-rdp-ifop-paris-match-lci-et-sud-radio-22-mars.pdf,,archives/2022/mars/,http://www.commission-des-sondages.fr/notices/files/notices/2022/mars/9486-rdp-ifop-paris-match-lci-et-sud-radio-22-mars.pdf,/notices/medias/fichiers/add/1428,2022-07-08 15:57:48,2022-03-22 15:21:41+01:00
9487-opinionway-kea-partners-les-echos-radio-classique-22-mars.pdf,,2022.0,9487 OpinionWay - Kea Partners - Les Echos - Radio Classique - 22 mars,archives/2022/mars/9487-opinionway-kea-partners-les-echos-radio-classique-22-mars.pdf,,archives/2022/mars/,http://www.commission-des-sondages.fr/notices/files/notices/2022/mars/9487-opinionway-kea-partners-les-echos-radio-classique-22-mars.pdf,/notices/medias/fichiers/add/1429,2022-07-08 15:57:48,2022-03-22 18:03:54+00:00
9488-harris-interactive-challenges-v38-le-23-mars.pdf,,2022.0,9488 Harris Interactive - Challenges - V38 le 23 mars,archives/2022/mars/9488-harris-interactive-challenges-v38-le-23-mars.pdf,,archives/2022/mars/,http://www.commission-des-sondages.fr/notices/files/notices/2022/mars/9488-harris-interactive-challenges-v38-le-23-mars.pdf,/notices/medias/fichiers/add/1430,2022-07-08 15:57:48,2022-03-22 23:46:23+01:00
9489-cluster17-21-mars.pdf,,2022.0,9489 Cluster17-21 mars,archives/2022/mars/9489-cluster17-21-mars.pdf,,archives/2022/mars/,http://www.commission-des-sondages.fr/notices/files/notices/2022/mars/9489-cluster17-21-mars.pdf,/notices/medias/fichiers/add/1431,2022-07-08 15:57:49,2022-03-21 19:51:27+01:00
9490-csa-cnews-24-mars.pdf,,2022.0,9490 CSA Cnews 24 mars,archives/2022/mars/9490-csa-cnews-24-mars.pdf,,archives/2022/mars/,http://www.commission-des-sondages.fr/notices/files/notices/2022/mars/9490-csa-cnews-24-mars.pdf,/notices/medias/fichiers/add/1432,2022-07-08 15:57:49,2022-03-23 12:07:09+01:00
9491-opinionway-kea-partners-les-echos-radio-classique-23-mars.pdf,,2022.0,9491 OpinionWay - Kea Partners - Les Echos - Radio Classique - 23 mars,archives/2022/mars/9491-opinionway-kea-partners-les-echos-radio-classique-23-mars.pdf,,archives/2022/mars/,http://www.commission-des-sondages.fr/notices/files/notices/2022/mars/9491-opinionway-kea-partners-les-echos-radio-classique-23-mars.pdf,/notices/medias/fichiers/add/1433,2022-07-08 15:57:49,2022-03-23 11:06:21+00:00
9492-ipsos-le-parisien-aujourd-hui-en-france-france-info-vague-10-23-mars.pdf,,2022.0,9492 Ipsos Le Parisien Aujourd'hui en France - France Info – Vague 10 - 23 mars,archives/2022/mars/9492-ipsos-le-parisien-aujourd-hui-en-france-france-info-vague-10-23-mars.pdf,,archives/2022/mars/,http://www.commission-des-sondages.fr/notices/files/notices/2022/mars/9492-ipsos-le-parisien-aujourd-hui-en-france-france-info-vague-10-23-mars.pdf,/notices/medias/fichiers/add/1434,2022-07-08 15:57:49,2022-03-23 14:24:07+01:00
9493-ow-pour-cnews-23-mars-vague-24.pdf,,2022.0,9493 OW pour CNEWS - 23 mars - Vague 24,archives/2022/mars/9493-ow-pour-cnews-23-mars-vague-24.pdf,,archives/2022/mars/,http://www.commission-des-sondages.fr/notices/files/notices/2022/mars/9493-ow-pour-cnews-23-mars-vague-24.pdf,/notices/medias/fichiers/add/1435,2022-07-08 15:57:49,2022-03-23 14:42:38+00:00
9494-rdp-ifop-pm.pdf,,2022.0,9494 RDP Ifop PM ,archives/2022/mars/9494-rdp-ifop-pm.pdf,,archives/2022/mars/,http://www.commission-des-sondages.fr/notices/files/notices/2022/mars/9494-rdp-ifop-pm.pdf,/notices/medias/fichiers/add/1436,2022-07-08 15:57:49,2022-03-23 16:09:55+01:00
9495-kantar-public-epoka-vague-3-le-24-mars.pdf,,2022.0,9495 Kantar Public - Epoka - Vague 3 Le 24 mars,archives/2022/mars/9495-kantar-public-epoka-vague-3-le-24-mars.pdf,,archives/2022/mars/,http://www.commission-des-sondages.fr/notices/files/notices/2022/mars/9495-kantar-public-epoka-vague-3-le-24-mars.pdf,/notices/medias/fichiers/add/1437,2022-07-08 15:57:50,2022-03-24 10:58:11+01:00
9496-ipsos-le-parisien-aujourd-hui-en-france-france-info-vague-11-24-mars.pdf,,2022.0,9496 Ipsos Le Parisien Aujourd'hui en France - France Info - Vague 11 - 24 mars,archives/2022/mars/9496-ipsos-le-parisien-aujourd-hui-en-france-france-info-vague-11-24-mars.pdf,,archives/2022/mars/,http://www.commission-des-sondages.fr/notices/files/notices/2022/mars/9496-ipsos-le-parisien-aujourd-hui-en-france-france-info-vague-11-24-mars.pdf,/notices/medias/fichiers/add/1438,2022-07-08 15:57:50,2022-03-24 14:33:27+01:00
9497-opinionway-pour-cnews-vague-25-le-24-mars.pdf,,2022.0,9497 OpinionWay pour CNEWS Vague 25 le 24 mars,archives/2022/mars/9497-opinionway-pour-cnews-vague-25-le-24-mars.pdf,,archives/2022/mars/,http://www.commission-des-sondages.fr/notices/files/notices/2022/mars/9497-opinionway-pour-cnews-vague-25-le-24-mars.pdf,/notices/medias/fichiers/add/1439,2022-07-08 15:57:50,2022-03-24 13:54:16+00:00
9498-rdo-ifop-paris-match-24-mars.pdf,,2022.0,9498 RDO IFOP Paris Match 24 mars,archives/2022/mars/9498-rdo-ifop-paris-match-24-mars.pdf,,archives/2022/mars/,http://www.commission-des-sondages.fr/notices/files/notices/2022/mars/9498-rdo-ifop-paris-match-24-mars.pdf,/notices/medias/fichiers/add/1440,2022-07-08 15:57:50,2022-03-24 15:28:30+01:00
9499-opinionway-kea-partners-les-echos-radio-classique-24-mars.pdf,,2022.0,9499 OpinionWay - Kea Partners - Les Echos - Radio Classique - 24 mars,archives/2022/mars/9499-opinionway-kea-partners-les-echos-radio-classique-24-mars.pdf,,archives/2022/mars/,http://www.commission-des-sondages.fr/notices/files/notices/2022/mars/9499-opinionway-kea-partners-les-echos-radio-classique-24-mars.pdf,/notices/medias/fichiers/add/1441,2022-07-08 15:57:50,2022-03-24 16:06:59+00:00
9500-bva-orange-rtl-vague-11-25-mars.pdf,,2022.0,9500 BVA Orange RTL - Vague 11 - 25 mars,archives/2022/mars/9500-bva-orange-rtl-vague-11-25-mars.pdf,,archives/2022/mars/,http://www.commission-des-sondages.fr/notices/files/notices/2022/mars/9500-bva-orange-rtl-vague-11-25-mars.pdf,/notices/medias/fichiers/add/1442,2022-07-08 15:57:51,2022-03-24 21:14:42+01:00
9501-opinionway-pour-cnews-vague-26-le-25-mars.pdf,,2022.0,9501 OpinionWay pour CNEWS  Vague 26 le 25 mars ,archives/2022/mars/9501-opinionway-pour-cnews-vague-26-le-25-mars.pdf,,archives/2022/mars/,http://www.commission-des-sondages.fr/notices/files/notices/2022/mars/9501-opinionway-pour-cnews-vague-26-le-25-mars.pdf,/notices/medias/fichiers/add/1443,2022-07-08 15:57:50,2022-03-25 13:47:23+00:00
9502-ipsos-le-parisien-aujourd-hui-en-france-france-info-vague-12-25-mars.pdf,,2022.0,9502 Ipsos Le Parisien Aujourd'hui en France - France Info - Vague 12 - 25 mars,archives/2022/mars/9502-ipsos-le-parisien-aujourd-hui-en-france-france-info-vague-12-25-mars.pdf,,archives/2022/mars/,http://www.commission-des-sondages.fr/notices/files/notices/2022/mars/9502-ipsos-le-parisien-aujourd-hui-en-france-france-info-vague-12-25-mars.pdf,/notices/medias/fichiers/add/1444,2022-07-08 15:57:51,2022-03-25 14:41:24+01:00
9503-opinionway-kea-partners-les-echos-radio-classique-25-mars.pdf,,2022.0,9503 OpinionWay - Kea Partners - Les Echos - Radio Classique - 25 mars,archives/2022/mars/9503-opinionway-kea-partners-les-echos-radio-classique-25-mars.pdf,,archives/2022/mars/,http://www.commission-des-sondages.fr/notices/files/notices/2022/mars/9503-opinionway-kea-partners-les-echos-radio-classique-25-mars.pdf,/notices/medias/fichiers/add/1445,2022-07-08 15:57:51,2022-03-25 21:26:51+00:00
9504-rdp-ifop-paris-match-le-25-mars.pdf,,2022.0,9504 RDP Ifop Paris Match le 25 mars,archives/2022/mars/9504-rdp-ifop-paris-match-le-25-mars.pdf,,archives/2022/mars/,http://www.commission-des-sondages.fr/notices/files/notices/2022/mars/9504-rdp-ifop-paris-match-le-25-mars.pdf,/notices/medias/fichiers/add/1446,2022-07-08 15:57:51,2022-03-25 14:27:44+01:00
9505-opinionway-kea-partners-les-echos-radio-classique-28-mars.pdf,,2022.0,9505 OpinionWay - Kea Partners - Les Echos - Radio Classique - 28 mars,archives/2022/mars/9505-opinionway-kea-partners-les-echos-radio-classique-28-mars.pdf,,archives/2022/mars/,http://www.commission-des-sondages.fr/notices/files/notices/2022/mars/9505-opinionway-kea-partners-les-echos-radio-classique-28-mars.pdf,/notices/medias/fichiers/add/1449,2022-07-08 15:57:51,2022-03-28 15:31:18+00:00
9506-ipsos-cevipof-lm-28-mars.pdf,,2022.0,9506 Ipsos cevipof LM 28 mars,archives/2022/mars/9506-ipsos-cevipof-lm-28-mars.pdf,,archives/2022/mars/,http://www.commission-des-sondages.fr/notices/files/notices/2022/mars/9506-ipsos-cevipof-lm-28-mars.pdf,/notices/medias/fichiers/add/1450,2022-07-08 15:57:52,2022-03-25 20:40:54+01:00
9506-ipsos-cevipof-lm-28-mars.pdf,,2022.0,9506 Ipsos cevipof LM 28 mars,archives/2022/mars/9506-ipsos-cevipof-lm-28-mars.pdf,,archives/2022/mars/,http://www.commission-des-sondages.fr/notices/files/notices/2022/mars/9506-ipsos-cevipof-lm-28-mars.pdf,/notices/medias/fichiers/add/1447,2022-07-08 15:57:52,2022-03-25 20:40:54+01:00
9506-ipsos-cevipof-lm-28-mars.pdf,,2022.0,9506 Ipsos cevipof LM 28 mars,archives/2022/mars/9506-ipsos-cevipof-lm-28-mars.pdf,,archives/2022/mars/,http://www.commission-des-sondages.fr/notices/files/notices/2022/mars/9506-ipsos-cevipof-lm-28-mars.pdf,/notices/medias/fichiers/add/1450,2022-07-08 15:57:52,2022-03-25 20:40:54+01:00
9506-ipsos-cevipof-lm-28-mars.pdf,,2022.0,9506 Ipsos cevipof LM 28 mars,archives/2022/mars/9506-ipsos-cevipof-lm-28-mars.pdf,,archives/2022/mars/,http://www.commission-des-sondages.fr/notices/files/notices/2022/mars/9506-ipsos-cevipof-lm-28-mars.pdf,/notices/medias/fichiers/add/1447,2022-07-08 15:57:52,2022-03-25 20:40:54+01:00
9507-opinionway-cnews-vague-27-le-28-mars.pdf,,2022.0,9507 OpinionWay -CNEWS - Vague 27. le 28 mars,archives/2022/mars/9507-opinionway-cnews-vague-27-le-28-mars.pdf,,archives/2022/mars/,http://www.commission-des-sondages.fr/notices/files/notices/2022/mars/9507-opinionway-cnews-vague-27-le-28-mars.pdf,/notices/medias/fichiers/add/1451,2022-07-08 15:57:51,2022-03-28 17:10:54+00:00
9508-ipsos-le-parisien-aujourd-hui-en-france-france-info-barometre-2022-vague-13-26-mars.pdf,,2022.0,9508 Ipsos Le Parisien Aujourd'hui en France - France Info - Baromètre 2022 - Vague 13 - 26 mars,archives/2022/mars/9508-ipsos-le-parisien-aujourd-hui-en-france-france-info-barometre-2022-vague-13-26-mars.pdf,,archives/2022/mars/,http://www.commission-des-sondages.fr/notices/files/notices/2022/mars/9508-ipsos-le-parisien-aujourd-hui-en-france-france-info-barometre-2022-vague-13-26-mars.pdf,/notices/medias/fichiers/add/1452,2022-07-08 15:57:52,2022-03-26 14:38:53+01:00
9509-ow-cnews-le-29-mars.pdf,,2022.0,9509 Ow Cnews le 29 mars,archives/2022/mars/9509-ow-cnews-le-29-mars.pdf,,archives/2022/mars/,http://www.commission-des-sondages.fr/notices/files/notices/2022/mars/9509-ow-cnews-le-29-mars.pdf,/notices/medias/fichiers/add/1455,2022-07-08 15:57:52,2022-03-29 07:33:38+00:00
9510-ipsos-le-parisien-aujourd-hui-en-france-france-info-vague-14-28-mars.pdf,,2022.0,9510 Ipsos Le Parisien Aujourd'hui en France - France Info - Vague 14 - 28 mars,archives/2022/mars/9510-ipsos-le-parisien-aujourd-hui-en-france-france-info-vague-14-28-mars.pdf,,archives/2022/mars/,http://www.commission-des-sondages.fr/notices/files/notices/2022/mars/9510-ipsos-le-parisien-aujourd-hui-en-france-france-info-vague-14-28-mars.pdf,/notices/medias/fichiers/add/1453,2022-07-08 15:57:52,2022-03-28 14:29:30+02:00
9511-opinionway-kea-partners-les-echos-radio-classique-29-mars.pdf,,2022.0,9511 OpinionWay - Kea Partners - Les Echos - Radio Classique -  29 mars,archives/2022/mars/9511-opinionway-kea-partners-les-echos-radio-classique-29-mars.pdf,,archives/2022/mars/,http://www.commission-des-sondages.fr/notices/files/notices/2022/mars/9511-opinionway-kea-partners-les-echos-radio-classique-29-mars.pdf,/notices/medias/fichiers/add/1456,2022-07-08 15:57:52,2022-03-29 14:08:27+00:00
9512-rdp-ifop-pm-28-mars.pdf,,2022.0,9512 RDP Ifop PM 28 mars,archives/2022/mars/9512-rdp-ifop-pm-28-mars.pdf,,archives/2022/mars/,http://www.commission-des-sondages.fr/notices/files/notices/2022/mars/9512-rdp-ifop-pm-28-mars.pdf,/notices/medias/fichiers/add/1454,2022-07-08 15:57:52,2022-03-28 15:06:47+02:00
9513-harris-interactive-challenges-v39-le-30-mars.pdf,,2022.0,"9513 Harris Interactive - Challenges - V39, le 30 mars",archives/2022/mars/9513-harris-interactive-challenges-v39-le-30-mars.pdf,,archives/2022/mars/,http://www.commission-des-sondages.fr/notices/files/notices/2022/mars/9513-harris-interactive-challenges-v39-le-30-mars.pdf,/notices/medias/fichiers/add/1459,2022-07-08 15:57:53,2022-03-29 20:14:28+02:00
9514-r-ipsos-le-parisien-aujourd-hui-en-france-france-info-vague-15-29-mars.pdf,,2022.0,9514 R Ipsos Le Parisien Aujourd'hui en France - France Info - Vague 15 - 29 mars,archives/2022/mars/9514-r-ipsos-le-parisien-aujourd-hui-en-france-france-info-vague-15-29-mars.pdf,,archives/2022/mars/,http://www.commission-des-sondages.fr/notices/files/notices/2022/mars/9514-r-ipsos-le-parisien-aujourd-hui-en-france-france-info-vague-15-29-mars.pdf,/notices/medias/fichiers/add/1457,2022-07-08 15:57:53,2022-03-29 14:36:11+02:00
9515-opinionway-pour-cnews-vague-29-le-30-mars.pdf,,2022.0,"9515 OpinionWay pour CNEWS - Vague 29, le 30 mars",archives/2022/mars/9515-opinionway-pour-cnews-vague-29-le-30-mars.pdf,,archives/2022/mars/,http://www.commission-des-sondages.fr/notices/files/notices/2022/mars/9515-opinionway-pour-cnews-vague-29-le-30-mars.pdf,/notices/medias/fichiers/add/1460,2022-07-08 15:57:53,2022-03-30 14:32:38+00:00
9516-rdp-ifop-pm-29-mars.pdf,,2022.0,9516 RDP Ifop PM 29 mars,archives/2022/mars/9516-rdp-ifop-pm-29-mars.pdf,,archives/2022/mars/,http://www.commission-des-sondages.fr/notices/files/notices/2022/mars/9516-rdp-ifop-pm-29-mars.pdf,/notices/medias/fichiers/add/1458,2022-07-08 15:57:53,2022-03-29 14:47:04+02:00
9517-elabe-bfmtv-le-30-mars.pdf,,2022.0,9517 Elabe Bfmtv le 30 mars,archives/2022/mars/9517-elabe-bfmtv-le-30-mars.pdf,,archives/2022/mars/,http://www.commission-des-sondages.fr/notices/files/notices/2022/mars/9517-elabe-bfmtv-le-30-mars.pdf,/notices/medias/fichiers/add/1461,2022-07-08 15:57:53,2022-03-30 16:31:09+02:00
9518-rdp-ifop-paris-match-30-mars.pdf,,2022.0,9518 RDP Ifop Paris-Match 30 mars,archives/2022/mars/9518-rdp-ifop-paris-match-30-mars.pdf,,archives/2022/mars/,http://www.commission-des-sondages.fr/notices/files/notices/2022/mars/9518-rdp-ifop-paris-match-30-mars.pdf,/notices/medias/fichiers/add/1462,2022-07-08 15:57:53,2022-03-30 15:15:17+02:00
9520-ipsos-le-parisien-aujourd-hui-en-france-france-info-barometre-2022-vague-17-31-mars.pdf,,2022.0,9520 Ipsos Le Parisien Aujourd'hui en France - France Info - Baromètre 2022 - Vague 17 - 31 mars,archives/2022/mars/9520-ipsos-le-parisien-aujourd-hui-en-france-france-info-barometre-2022-vague-17-31-mars.pdf,,archives/2022/mars/,http://www.commission-des-sondages.fr/notices/files/notices/2022/mars/9520-ipsos-le-parisien-aujourd-hui-en-france-france-info-barometre-2022-vague-17-31-mars.pdf,/notices/medias/fichiers/add/1463,2022-07-08 15:57:54,2022-03-31 14:49:11+02:00
9521-opinionway-kea-partners-les-echos-radio-classique-30-mars.pdf,,2022.0,9521 OpinionWay - Kea Partners - Les Echos - Radio Classique - 30 mars,archives/2022/mars/9521-opinionway-kea-partners-les-echos-radio-classique-30-mars.pdf,,archives/2022/mars/,http://www.commission-des-sondages.fr/notices/files/notices/2022/mars/9521-opinionway-kea-partners-les-echos-radio-classique-30-mars.pdf,/notices/medias/fichiers/add/1464,2022-07-08 15:57:53,2022-03-30 15:47:01+00:00
9522-la-droite-odoxa-le-figrao-30-mars.pdf,,2022.0,9522 La droite Odoxa Le figrao 30 mars,archives/2022/mars/9522-la-droite-odoxa-le-figrao-30-mars.pdf,,archives/2022/mars/,http://www.commission-des-sondages.fr/notices/files/notices/2022/mars/9522-la-droite-odoxa-le-figrao-30-mars.pdf,/notices/medias/fichiers/add/1465,2022-07-08 15:57:54,2022-03-30 16:50:46+02:00
9523-opinionway-pour-cnews-vague-30-le-31-mars.pdf,,2022.0,9523 OpinionWay pour CNEWS - Vague 30 le 31 mars,archives/2022/mars/9523-opinionway-pour-cnews-vague-30-le-31-mars.pdf,,archives/2022/mars/,http://www.commission-des-sondages.fr/notices/files/notices/2022/mars/9523-opinionway-pour-cnews-vague-30-le-31-mars.pdf,/notices/medias/fichiers/add/1466,2022-07-08 15:57:54,2022-03-31 08:58:01+00:00
9524-rdp-ifop-pm-31-mars.pdf,,2022.0,9524 RDP Ifop Pm 31 mars,archives/2022/mars/9524-rdp-ifop-pm-31-mars.pdf,,archives/2022/mars/,http://www.commission-des-sondages.fr/notices/files/notices/2022/mars/9524-rdp-ifop-pm-31-mars.pdf,/notices/medias/fichiers/add/1467,2022-07-08 15:57:54,2022-03-31 15:26:26+02:00
9525-opinionway-kea-partners-les-echos-radio-classique-31-mars.pdf,,2022.0,9525 OpinionWay - Kea Partners - Les Echos - Radio Classique – 31 mars,archives/2022/mars/9525-opinionway-kea-partners-les-echos-radio-classique-31-mars.pdf,,archives/2022/mars/,http://www.commission-des-sondages.fr/notices/files/notices/2022/mars/9525-opinionway-kea-partners-les-echos-radio-classique-31-mars.pdf,/notices/medias/fichiers/add/1468,2022-07-08 15:57:54,2022-03-31 17:19:26+00:00
9535-ipsos-france-inter-abstention-mars-2022.pdf,,2022.0,9535 Ipsos France Inter - Abstention - Mars 2022,archives/2022/mars/9535-ipsos-france-inter-abstention-mars-2022.pdf,,archives/2022/mars/,http://www.commission-des-sondages.fr/notices/files/notices/2022/mars/9535-ipsos-france-inter-abstention-mars-2022.pdf,/notices/medias/fichiers/add/1478,2022-07-08 15:57:57,2022-04-01 16:57:53+02:00
9535-ipsos-france-inter-abstention-mars-2022.pdf,,2022.0,9535 Ipsos France Inter - Abstention - Mars 2022,archives/2022/mars/9535-ipsos-france-inter-abstention-mars-2022.pdf,,archives/2022/mars/,http://www.commission-des-sondages.fr/notices/files/notices/2022/mars/9535-ipsos-france-inter-abstention-mars-2022.pdf,/notices/medias/fichiers/add/1511,2022-07-08 15:57:57,2022-04-01 16:57:53+02:00
9503-odoxa-le-figaro-14-avril.pdf,,2022.0,9503 Odoxa  le Figaro- 14 avril,archives/2022/avril/9503-odoxa-le-figaro-14-avril.pdf,,archives/2022/avril/,http://www.commission-des-sondages.fr/notices/files/notices/2022/avril/9503-odoxa-le-figaro-14-avril.pdf,/notices/medias/fichiers/add/1549,2022-07-08 15:56:54,2022-04-15 16:59:42+02:00
9526-bva-orange-rtl-vague-12-le-1er-avril.pdf,,2022.0,9526 BVA Orange RTL - Vague 12 - le 1er avril,archives/2022/avril/9526-bva-orange-rtl-vague-12-le-1er-avril.pdf,,archives/2022/avril/,http://www.commission-des-sondages.fr/notices/files/notices/2022/avril/9526-bva-orange-rtl-vague-12-le-1er-avril.pdf,/notices/medias/fichiers/add/1484,2022-07-08 15:56:54,2022-03-31 19:17:35+02:00
9527-opinionway-pour-cnews-vague-31-le-1er-avril.pdf,,2022.0,9527 OpinionWay pour CNEWS - Vague 31. le 1er avril,archives/2022/avril/9527-opinionway-pour-cnews-vague-31-le-1er-avril.pdf,,archives/2022/avril/,http://www.commission-des-sondages.fr/notices/files/notices/2022/avril/9527-opinionway-pour-cnews-vague-31-le-1er-avril.pdf,/notices/medias/fichiers/add/1502,2022-07-08 15:56:54,2022-04-01 09:42:45+00:00
9528-ipsos-le-parisien-aujourd-hui-en-france-france-info-barometre-2022-vague-18-1er-avril.pdf,,2022.0,9528 Ipsos Le Parisien Aujourd'hui en France - France Info - Baromètre 2022 - Vague 18 - 1er avril,archives/2022/avril/9528-ipsos-le-parisien-aujourd-hui-en-france-france-info-barometre-2022-vague-18-1er-avril.pdf,,archives/2022/avril/,http://www.commission-des-sondages.fr/notices/files/notices/2022/avril/9528-ipsos-le-parisien-aujourd-hui-en-france-france-info-barometre-2022-vague-18-1er-avril.pdf,/notices/medias/fichiers/add/1504,2022-07-08 15:56:54,2022-04-01 14:56:03+02:00
9529-elabe-bfm-tv-2-04.pdf,,2022.0,9529 Elabe Bfm TV 2-04,archives/2022/avril/9529-elabe-bfm-tv-2-04.pdf,,archives/2022/avril/,http://www.commission-des-sondages.fr/notices/files/notices/2022/avril/9529-elabe-bfm-tv-2-04.pdf,/notices/medias/fichiers/add/1505,2022-07-08 15:56:54,2022-04-01 20:07:40+02:00
9530-ifop-fiducial-2022-pour-paris-match-lci-et-sud-radio-01-04.pdf,,2022.0,"9530 Ifop-Fiducial 2022 pour Paris Match, LCI et Sud Radio 01-04",archives/2022/avril/9530-ifop-fiducial-2022-pour-paris-match-lci-et-sud-radio-01-04.pdf,,archives/2022/avril/,http://www.commission-des-sondages.fr/notices/files/notices/2022/avril/9530-ifop-fiducial-2022-pour-paris-match-lci-et-sud-radio-01-04.pdf,/notices/medias/fichiers/add/1506,2022-07-08 15:56:54,2022-04-01 15:04:06+02:00
9531-cluster17-le-1er-avril.pdf,,2022.0,9531 Cluster17 le 1er avril,archives/2022/avril/9531-cluster17-le-1er-avril.pdf,,archives/2022/avril/,http://www.commission-des-sondages.fr/notices/files/notices/2022/avril/9531-cluster17-le-1er-avril.pdf,/notices/medias/fichiers/add/1507,2022-07-08 15:56:55,2022-04-01 09:57:44+02:00
9532-ipsos-le-parisien-aujourd-hui-en-france-france-info-barometre-2022-vague-19-2-avril-p-df.pdf,,2022.0,9532 Ipsos Le Parisien Aujourd'hui en France - France Info - Baromètre 2022 - Vague 19 - 2 avril.p df,archives/2022/avril/9532-ipsos-le-parisien-aujourd-hui-en-france-france-info-barometre-2022-vague-19-2-avril-p-df.pdf,,archives/2022/avril/,http://www.commission-des-sondages.fr/notices/files/notices/2022/avril/9532-ipsos-le-parisien-aujourd-hui-en-france-france-info-barometre-2022-vague-19-2-avril-p-df.pdf,/notices/medias/fichiers/add/1508,2022-07-08 15:56:55,2022-04-02 14:13:31+02:00
9533-opinionway-kea-partners-les-echos-radio-classique-1er-avril.pdf,,2022.0,9533 OpinionWay - Kea Partners - Les Echos - Radio Classique - 1er avril,archives/2022/avril/9533-opinionway-kea-partners-les-echos-radio-classique-1er-avril.pdf,,archives/2022/avril/,http://www.commission-des-sondages.fr/notices/files/notices/2022/avril/9533-opinionway-kea-partners-les-echos-radio-classique-1er-avril.pdf,/notices/medias/fichiers/add/1509,2022-07-08 15:56:55,2022-04-02 14:34:26+00:00
9534-sagis-france-tv-la-reunion-premiere-lundi-4-avril.pdf,,2022.0,9534 Sagis France Tv La réunion première lundi 4 avril,archives/2022/avril/9534-sagis-france-tv-la-reunion-premiere-lundi-4-avril.pdf,,archives/2022/avril/,http://www.commission-des-sondages.fr/notices/files/notices/2022/avril/9534-sagis-france-tv-la-reunion-premiere-lundi-4-avril.pdf,/notices/medias/fichiers/add/1510,2022-07-08 15:56:55,2022-04-04 12:05:53+04:00
9535-ipsos-france-inter-abstention-mars-2022.pdf,,2022.0,9535 Ipsos France Inter - Abstention - Mars 2022,archives/2022/avril/9535-ipsos-france-inter-abstention-mars-2022.pdf,,archives/2022/avril/,http://www.commission-des-sondages.fr/notices/files/notices/2022/avril/9535-ipsos-france-inter-abstention-mars-2022.pdf,/notices/medias/fichiers/add/1478,2022-07-08 15:56:56,2022-04-01 16:57:53+02:00
9535-ipsos-france-inter-abstention-mars-2022.pdf,,2022.0,9535 Ipsos France Inter - Abstention - Mars 2022,archives/2022/avril/9535-ipsos-france-inter-abstention-mars-2022.pdf,,archives/2022/avril/,http://www.commission-des-sondages.fr/notices/files/notices/2022/avril/9535-ipsos-france-inter-abstention-mars-2022.pdf,/notices/medias/fichiers/add/1511,2022-07-08 15:56:56,2022-04-01 16:57:53+02:00
9536-ipsos-le-parisien-aujourd-hui-en-france-france-info-barometre-2022-vague-20-4-avril.pdf,,2022.0,9536 Ipsos Le Parisien Aujourd'hui en France - France Info - Baromètre 2022 - Vague 20 - 4 avril,archives/2022/avril/9536-ipsos-le-parisien-aujourd-hui-en-france-france-info-barometre-2022-vague-20-4-avril.pdf,,archives/2022/avril/,http://www.commission-des-sondages.fr/notices/files/notices/2022/avril/9536-ipsos-le-parisien-aujourd-hui-en-france-france-info-barometre-2022-vague-20-4-avril.pdf,/notices/medias/fichiers/add/1512,2022-07-08 15:56:56,2022-04-04 14:22:22+02:00
9537-ifop-jdd-le-4-avril.pdf,,2022.0,9537 Ifop Jdd Le 4 Avril,archives/2022/avril/9537-ifop-jdd-le-4-avril.pdf,,archives/2022/avril/,http://www.commission-des-sondages.fr/notices/files/notices/2022/avril/9537-ifop-jdd-le-4-avril.pdf,/notices/medias/fichiers/add/1513,2022-07-08 15:56:58,2022-04-04 15:01:41+02:00
9538-rdp-ifop-paris-match-lci-sud-radio-4-04.pdf,,2022.0,9538 RDP IFOP Paris Match LCI Sud Radio 4-04,archives/2022/avril/9538-rdp-ifop-paris-match-lci-sud-radio-4-04.pdf,,archives/2022/avril/,http://www.commission-des-sondages.fr/notices/files/notices/2022/avril/9538-rdp-ifop-paris-match-lci-sud-radio-4-04.pdf,/notices/medias/fichiers/add/1514,2022-07-08 15:56:56,2022-04-04 15:26:04+02:00
9539-opinionway-kea-partners-les-echos-radio-classique-notice-a-la-commission-4-avril.pdf,,2022.0,9539 OpinionWay - Kea Partners - Les Echos - Radio Classique -  Notice à la Commission  - 4 avril,archives/2022/avril/9539-opinionway-kea-partners-les-echos-radio-classique-notice-a-la-commission-4-avril.pdf,,archives/2022/avril/,http://www.commission-des-sondages.fr/notices/files/notices/2022/avril/9539-opinionway-kea-partners-les-echos-radio-classique-notice-a-la-commission-4-avril.pdf,/notices/medias/fichiers/add/1515,2022-07-08 15:56:56,2022-04-04 13:29:29+00:00
9540-harris-interactive-challenges-v40-le-4-avril.pdf,,2022.0,9540 Harris Interactive - Challenges - V40 le 4 avril,archives/2022/avril/9540-harris-interactive-challenges-v40-le-4-avril.pdf,,archives/2022/avril/,http://www.commission-des-sondages.fr/notices/files/notices/2022/avril/9540-harris-interactive-challenges-v40-le-4-avril.pdf,/notices/medias/fichiers/add/1516,2022-07-08 15:56:56,2022-04-04 22:12:16+02:00
9541-opinionway-pour-cnews-vague-33-le-4-avril.pdf,,2022.0,9541 OpinionWay pour CNEWS - Vague 33 le 4 avril,archives/2022/avril/9541-opinionway-pour-cnews-vague-33-le-4-avril.pdf,,archives/2022/avril/,http://www.commission-des-sondages.fr/notices/files/notices/2022/avril/9541-opinionway-pour-cnews-vague-33-le-4-avril.pdf,/notices/medias/fichiers/add/1485,2022-07-08 15:56:57,2022-04-04 21:26:55+00:00
9542-ipsos-le-parisien-aujourd-hui-en-france-france-info-barometre-2022-vague-21-5-avril.pdf,,2022.0,9542 Ipsos Le Parisien Aujourd'hui en France - France Info - Baromètre 2022 - Vague 21 - 5 avril,archives/2022/avril/9542-ipsos-le-parisien-aujourd-hui-en-france-france-info-barometre-2022-vague-21-5-avril.pdf,,archives/2022/avril/,http://www.commission-des-sondages.fr/notices/files/notices/2022/avril/9542-ipsos-le-parisien-aujourd-hui-en-france-france-info-barometre-2022-vague-21-5-avril.pdf,/notices/medias/fichiers/add/1486,2022-07-08 15:56:57,2022-04-05 14:32:56+02:00
9543-opinionway-kea-partners-les-echos-radio-classique-5-avril.pdf,,2022.0,9543 OpinionWay - Kea Partners - Les Echos - Radio Classique – 5 avril,archives/2022/avril/9543-opinionway-kea-partners-les-echos-radio-classique-5-avril.pdf,,archives/2022/avril/,http://www.commission-des-sondages.fr/notices/files/notices/2022/avril/9543-opinionway-kea-partners-les-echos-radio-classique-5-avril.pdf,/notices/medias/fichiers/add/1487,2022-07-08 15:56:57,2022-04-05 15:00:52+00:00
9544-rdp-ifop-pm-lci-sud-radio-5-avril.pdf,,2022.0,9544 RDP IFOP PM LCI Sud Radio 5 avril,archives/2022/avril/9544-rdp-ifop-pm-lci-sud-radio-5-avril.pdf,,archives/2022/avril/,http://www.commission-des-sondages.fr/notices/files/notices/2022/avril/9544-rdp-ifop-pm-lci-sud-radio-5-avril.pdf,/notices/medias/fichiers/add/1488,2022-07-08 15:56:57,2022-04-05 15:36:45+02:00
9545-elabe-bfm-5-avril.pdf,,2022.0,9545 ELABE BFM 5 avril,archives/2022/avril/9545-elabe-bfm-5-avril.pdf,,archives/2022/avril/,http://www.commission-des-sondages.fr/notices/files/notices/2022/avril/9545-elabe-bfm-5-avril.pdf,/notices/medias/fichiers/add/1489,2022-07-08 15:56:57,2022-04-05 17:18:29+02:00
9546-ipsos-le-monde-fjj-cevipof-panel-electoral-vague-9-le-6-avril.pdf,,2022.0,"9546  Ipsos Le Monde FJJ Cevipof - Panel électoral Vague 9, le 6 avril",archives/2022/avril/9546-ipsos-le-monde-fjj-cevipof-panel-electoral-vague-9-le-6-avril.pdf,,archives/2022/avril/,http://www.commission-des-sondages.fr/notices/files/notices/2022/avril/9546-ipsos-le-monde-fjj-cevipof-panel-electoral-vague-9-le-6-avril.pdf,/notices/medias/fichiers/add/1490,2022-07-08 15:56:58,2022-04-05 16:39:56+02:00
9547-opinionway-pour-cnews-vague-34-le-6-avril.pdf,,2022.0,9547 OpinionWay pour CNEWS - Vague 34 le 6 avril,archives/2022/avril/9547-opinionway-pour-cnews-vague-34-le-6-avril.pdf,,archives/2022/avril/,http://www.commission-des-sondages.fr/notices/files/notices/2022/avril/9547-opinionway-pour-cnews-vague-34-le-6-avril.pdf,/notices/medias/fichiers/add/1491,2022-07-08 15:56:58,2022-04-06 08:30:36+00:00
9548-csa-cnews-balise-d-opinion-07042022.pdf,,2022.0,9548 CSA - CNews  balise d'opinion 07042022,archives/2022/avril/9548-csa-cnews-balise-d-opinion-07042022.pdf,,archives/2022/avril/,http://www.commission-des-sondages.fr/notices/files/notices/2022/avril/9548-csa-cnews-balise-d-opinion-07042022.pdf,/notices/medias/fichiers/add/1492,2022-07-08 15:56:58,2022-04-06 13:08:17+02:00
9549-opinionway-kea-partners-les-echos-radio-classique-6-avril.pdf,,2022.0,9549 OpinionWay - Kea Partners - Les Echos - Radio Classique - 6 avril,archives/2022/avril/9549-opinionway-kea-partners-les-echos-radio-classique-6-avril.pdf,,archives/2022/avril/,http://www.commission-des-sondages.fr/notices/files/notices/2022/avril/9549-opinionway-kea-partners-les-echos-radio-classique-6-avril.pdf,/notices/medias/fichiers/add/1493,2022-07-08 15:56:58,2022-04-06 12:34:08+00:00
9550-kantar-vague-4-le-6-avril.pdf,,2022.0,9550 Kantar vague 4 le 6 avril,archives/2022/avril/9550-kantar-vague-4-le-6-avril.pdf,,archives/2022/avril/,http://www.commission-des-sondages.fr/notices/files/notices/2022/avril/9550-kantar-vague-4-le-6-avril.pdf,/notices/medias/fichiers/add/1494,2022-07-08 15:56:58,2022-04-05 19:55:08+02:00
9551-cluster17-le-5-04.pdf,,2022.0,9551 Cluster17 le 5- 04,archives/2022/avril/9551-cluster17-le-5-04.pdf,,archives/2022/avril/,http://www.commission-des-sondages.fr/notices/files/notices/2022/avril/9551-cluster17-le-5-04.pdf,/notices/medias/fichiers/add/1522,2022-07-08 15:56:59,2022-04-05 11:07:26+02:00
9552-rdp-ifop-paris-match-lci-sud-radio.pdf,,2022.0,9552 RDP Ifop Paris match Lci Sud Radio,archives/2022/avril/9552-rdp-ifop-paris-match-lci-sud-radio.pdf,,archives/2022/avril/,http://www.commission-des-sondages.fr/notices/files/notices/2022/avril/9552-rdp-ifop-paris-match-lci-sud-radio.pdf,/notices/medias/fichiers/add/1495,2022-07-08 15:56:59,2022-04-06 15:12:42+02:00
9553-yougov-datapraxis-iv-presidentielles-avril-2022.pdf,Pres,2022.0,9553 YouGov Datapraxis IV Présidentielles  - Avril 2022,archives/2022/avril/9553-yougov-datapraxis-iv-presidentielles-avril-2022.pdf,,archives/2022/avril/,http://www.commission-des-sondages.fr/notices/files/notices/2022/avril/9553-yougov-datapraxis-iv-presidentielles-avril-2022.pdf,/notices/medias/fichiers/add/1501,2022-07-08 15:56:59,2022-04-06 15:54:43+02:00
9554-ipsos-le-parisien-aujourd-hui-en-france-france-info-vague-23-7-avril.pdf,,2022.0,9554 Ipsos Le Parisien Aujourd'hui en France - France Info - Vague 23 - 7 avril,archives/2022/avril/9554-ipsos-le-parisien-aujourd-hui-en-france-france-info-vague-23-7-avril.pdf,,archives/2022/avril/,http://www.commission-des-sondages.fr/notices/files/notices/2022/avril/9554-ipsos-le-parisien-aujourd-hui-en-france-france-info-vague-23-7-avril.pdf,/notices/medias/fichiers/add/1496,2022-07-08 15:56:59,2022-04-07 15:30:45+02:00
9555-opinionway-kea-partners-les-echos-radio-classique-notice-a-la-commission-7-avril.pdf,,2022.0,9555 OpinionWay - Kea Partners - Les Echos - Radio Classique -  Notice à la Commission - 7 avril,archives/2022/avril/9555-opinionway-kea-partners-les-echos-radio-classique-notice-a-la-commission-7-avril.pdf,,archives/2022/avril/,http://www.commission-des-sondages.fr/notices/files/notices/2022/avril/9555-opinionway-kea-partners-les-echos-radio-classique-notice-a-la-commission-7-avril.pdf,/notices/medias/fichiers/add/1497,2022-07-08 15:56:59,2022-04-07 12:48:49+00:00
9556-rdp-ifop-pm-lci-sud-radio-7-avril.pdf,,2022.0,9556 RDP Ifop PM LCI Sud Radio 7 avril,archives/2022/avril/9556-rdp-ifop-pm-lci-sud-radio-7-avril.pdf,,archives/2022/avril/,http://www.commission-des-sondages.fr/notices/files/notices/2022/avril/9556-rdp-ifop-pm-lci-sud-radio-7-avril.pdf,/notices/medias/fichiers/add/1498,2022-07-08 15:56:59,2022-04-07 15:40:19+02:00
9558-odoxa-l-obs-le-mascaret-7-avril.pdf,,2022.0,9558 Odoxa -L'Obs le Mascaret 7 avril,archives/2022/avril/9558-odoxa-l-obs-le-mascaret-7-avril.pdf,,archives/2022/avril/,http://www.commission-des-sondages.fr/notices/files/notices/2022/avril/9558-odoxa-l-obs-le-mascaret-7-avril.pdf,/notices/medias/fichiers/add/1499,2022-07-08 15:56:59,2022-04-07 17:25:53+02:00
9559-bva-orange-rtl-presidentielle-2022-vague-13-le-8-avril.pdf,Pres,2022.0,9559 BVA Orange RTL - Présidentielle 2022 - Vague  13 - le 8 avril,archives/2022/avril/9559-bva-orange-rtl-presidentielle-2022-vague-13-le-8-avril.pdf,,archives/2022/avril/,http://www.commission-des-sondages.fr/notices/files/notices/2022/avril/9559-bva-orange-rtl-presidentielle-2022-vague-13-le-8-avril.pdf,/notices/medias/fichiers/add/1500,2022-07-08 15:57:00,2022-04-07 20:40:52+02:00
9560-ipsos-le-parisien-aujourd-hui-en-france-france-info-barometre-2022-vague-24-8-avril.pdf,,2022.0,9560 Ipsos Le Parisien Aujourd'hui en France - France Info - Baromètre 2022 - Vague 24 - 8 avril,archives/2022/avril/9560-ipsos-le-parisien-aujourd-hui-en-france-france-info-barometre-2022-vague-24-8-avril.pdf,,archives/2022/avril/,http://www.commission-des-sondages.fr/notices/files/notices/2022/avril/9560-ipsos-le-parisien-aujourd-hui-en-france-france-info-barometre-2022-vague-24-8-avril.pdf,/notices/medias/fichiers/add/1517,2022-07-08 15:57:00,2022-04-08 14:35:11+02:00
9561-harris-interactive-challenges-v41.pdf,,2022.0,9561 Harris Interactive - Challenges - V41,archives/2022/avril/9561-harris-interactive-challenges-v41.pdf,,archives/2022/avril/,http://www.commission-des-sondages.fr/notices/files/notices/2022/avril/9561-harris-interactive-challenges-v41.pdf,/notices/medias/fichiers/add/1518,2022-07-08 15:57:00,2022-04-08 17:59:42+02:00
9562-rdp-ifop-paris-match-lci-et-sud-radio-dates-du-08-04-2022.pdf,,2022.0,"9562 RDP Ifop Paris Match, LCI et Sud Radio, datés du 08:04:2022",archives/2022/avril/9562-rdp-ifop-paris-match-lci-et-sud-radio-dates-du-08-04-2022.pdf,,archives/2022/avril/,http://www.commission-des-sondages.fr/notices/files/notices/2022/avril/9562-rdp-ifop-paris-match-lci-et-sud-radio-dates-du-08-04-2022.pdf,/notices/medias/fichiers/add/1519,2022-07-08 15:57:00,2022-04-08 15:04:52+02:00
9563-opinionway-pour-cnews-vague-36-le-8-avril.pdf,,2022.0,9563 OpinionWay pour CNEWS - Vague 36 le 8 avril,archives/2022/avril/9563-opinionway-pour-cnews-vague-36-le-8-avril.pdf,,archives/2022/avril/,http://www.commission-des-sondages.fr/notices/files/notices/2022/avril/9563-opinionway-pour-cnews-vague-36-le-8-avril.pdf,/notices/medias/fichiers/add/1523,2022-07-08 15:57:00,2022-04-08 20:47:54+00:00
9564-elabe-bfmtv-le-08-04.pdf,,2022.0,9564 ELABE BFMtv Le 08-04,archives/2022/avril/9564-elabe-bfmtv-le-08-04.pdf,,archives/2022/avril/,http://www.commission-des-sondages.fr/notices/files/notices/2022/avril/9564-elabe-bfmtv-le-08-04.pdf,/notices/medias/fichiers/add/1520,2022-07-08 15:57:00,2022-04-08 17:55:01+02:00
9566-yougov-datapraxis-8-avril-2022.pdf,,2022.0,9566 YouGov Datapraxis 8 Avril 2022,archives/2022/avril/9566-yougov-datapraxis-8-avril-2022.pdf,,archives/2022/avril/,http://www.commission-des-sondages.fr/notices/files/notices/2022/avril/9566-yougov-datapraxis-8-avril-2022.pdf,/notices/medias/fichiers/add/1521,2022-07-08 15:57:00,2022-04-08 18:36:38+02:00
9568-ipsos-le-monde-intention-de-vote-presidentielle-1er-tour-le-8-avril-11h-du-soir.pdf,Pres,2022.0,9568 Ipsos Le Monde  - Intention de vote présidentielle 1er tour Le 8 avril 11h du soir,archives/2022/avril/9568-ipsos-le-monde-intention-de-vote-presidentielle-1er-tour-le-8-avril-11h-du-soir.pdf,,archives/2022/avril/,http://www.commission-des-sondages.fr/notices/files/notices/2022/avril/9568-ipsos-le-monde-intention-de-vote-presidentielle-1er-tour-le-8-avril-11h-du-soir.pdf,/notices/medias/fichiers/add/1524,2022-07-08 15:57:01,2022-04-08 22:08:19+02:00
9569-ipsos-sondage-ipsos-sopra-steria-comprendre-le-vote-des-francais-10-avril-2022-10-avril-20h.pdf,,2022.0,9569 Ipsos - Sondage Ipsos Sopra Steria_Comprendre le vote des Français_10 avril 2022 - 10 avril - 20h ,archives/2022/avril/9569-ipsos-sondage-ipsos-sopra-steria-comprendre-le-vote-des-francais-10-avril-2022-10-avril-20h.pdf,,archives/2022/avril/,http://www.commission-des-sondages.fr/notices/files/notices/2022/avril/9569-ipsos-sondage-ipsos-sopra-steria-comprendre-le-vote-des-francais-10-avril-2022-10-avril-20h.pdf,/notices/medias/fichiers/add/1525,2022-07-08 15:57:02,2022-04-10 16:31:00+02:00
9570-odoxa-l-obs-lemascaret-11-avril.pdf,,2022.0,"9570 - Odoxa - L'OBS, LeMascaret – 11 avril",archives/2022/avril/9570-odoxa-l-obs-lemascaret-11-avril.pdf,,archives/2022/avril/,http://www.commission-des-sondages.fr/notices/files/notices/2022/avril/9570-odoxa-l-obs-lemascaret-11-avril.pdf,/notices/medias/fichiers/add/1527,2022-07-08 15:57:01,2022-04-10 23:52:31+02:00
9571-elabe-bfm-tv-11-avril.pdf,,2022.0,9571 ELABE Bfm Tv 11 avril,archives/2022/avril/9571-elabe-bfm-tv-11-avril.pdf,,archives/2022/avril/,http://www.commission-des-sondages.fr/notices/files/notices/2022/avril/9571-elabe-bfm-tv-11-avril.pdf,/notices/medias/fichiers/add/1528,2022-07-08 15:57:02,2022-04-11 10:33:17+02:00
9572-rdp-ifop-paris-match-lci-sud-radio.pdf,,2022.0,9572 RDP Ifop Paris Match-LCI- Sud Radio,archives/2022/avril/9572-rdp-ifop-paris-match-lci-sud-radio.pdf,,archives/2022/avril/,http://www.commission-des-sondages.fr/notices/files/notices/2022/avril/9572-rdp-ifop-paris-match-lci-sud-radio.pdf,/notices/medias/fichiers/add/1529,2022-07-08 15:57:02,2022-04-11 14:09:18+02:00
9573-opinionway-kea-partners-les-echos-radio-classique-11-avril.pdf,,2022.0,9573 OpinionWay - Kea Partners - Les Echos - Radio Classique - 11 avril,archives/2022/avril/9573-opinionway-kea-partners-les-echos-radio-classique-11-avril.pdf,,archives/2022/avril/,http://www.commission-des-sondages.fr/notices/files/notices/2022/avril/9573-opinionway-kea-partners-les-echos-radio-classique-11-avril.pdf,/notices/medias/fichiers/add/1530,2022-07-08 15:57:03,2022-04-11 13:27:56+00:00
9574-harris-interactive-challenges-v42-le-11-avril.pdf,,2022.0,"9574 Harris Interactive - Challenges - V42, le 11 avril",archives/2022/avril/9574-harris-interactive-challenges-v42-le-11-avril.pdf,,archives/2022/avril/,http://www.commission-des-sondages.fr/notices/files/notices/2022/avril/9574-harris-interactive-challenges-v42-le-11-avril.pdf,/notices/medias/fichiers/add/1531,2022-07-08 15:57:03,2022-04-11 20:36:53+02:00
9575-rpw-opinionway-kea-partners-les-echos-radio-classique-12-avril.pdf,,2022.0,9575 RPW OpinionWay - Kea Partners - Les Echos - Radio Classique - 12 avril,archives/2022/avril/9575-rpw-opinionway-kea-partners-les-echos-radio-classique-12-avril.pdf,,archives/2022/avril/,http://www.commission-des-sondages.fr/notices/files/notices/2022/avril/9575-rpw-opinionway-kea-partners-les-echos-radio-classique-12-avril.pdf,/notices/medias/fichiers/add/1532,2022-07-08 15:57:03,2022-04-12 13:17:38+00:00
9576-rdp-ifop-pm-12-avril.pdf,,2022.0,9576 RDP Ifop PM 12 avril,archives/2022/avril/9576-rdp-ifop-pm-12-avril.pdf,,archives/2022/avril/,http://www.commission-des-sondages.fr/notices/files/notices/2022/avril/9576-rdp-ifop-pm-12-avril.pdf,/notices/medias/fichiers/add/1533,2022-07-08 15:57:03,2022-04-12 15:37:52+02:00
9577-opinionway-pour-cnews-notice-a-la-commission-vague-37.pdf,,2022.0,9577 OpinionWay pour CNEWS - Notice à la commission - Vague 37,archives/2022/avril/9577-opinionway-pour-cnews-notice-a-la-commission-vague-37.pdf,,archives/2022/avril/,http://www.commission-des-sondages.fr/notices/files/notices/2022/avril/9577-opinionway-pour-cnews-notice-a-la-commission-vague-37.pdf,/notices/medias/fichiers/add/1534,2022-07-08 15:57:03,2022-04-12 15:22:14+00:00
9578-jour-du-vote-bva-ouest-france.pdf,,2022.0,9578 Jour du vote BVA Ouest France,archives/2022/avril/9578-jour-du-vote-bva-ouest-france.pdf,,archives/2022/avril/,http://www.commission-des-sondages.fr/notices/files/notices/2022/avril/9578-jour-du-vote-bva-ouest-france.pdf,/notices/medias/fichiers/add/1535,2022-07-08 15:57:04,2022-04-12 18:58:09+02:00
9579-csa-cnews-14042022.pdf,,2022.0,9579 CSA - CNews 14042022,archives/2022/avril/9579-csa-cnews-14042022.pdf,,archives/2022/avril/,http://www.commission-des-sondages.fr/notices/files/notices/2022/avril/9579-csa-cnews-14042022.pdf,/notices/medias/fichiers/add/1536,2022-07-08 15:57:03,2022-04-13 16:07:17+02:00
9580-ipsos-le-parisien-aujourd-hui-en-france-france-info-barometre-2022-vague-25-13-avril.pdf,,2022.0,9580  Ipsos Le Parisien Aujourd'hui en France - France Info - Baromètre 2022 - Vague 25 - 13 avril,archives/2022/avril/9580-ipsos-le-parisien-aujourd-hui-en-france-france-info-barometre-2022-vague-25-13-avril.pdf,,archives/2022/avril/,http://www.commission-des-sondages.fr/notices/files/notices/2022/avril/9580-ipsos-le-parisien-aujourd-hui-en-france-france-info-barometre-2022-vague-25-13-avril.pdf,/notices/medias/fichiers/add/1537,2022-07-08 15:57:04,2022-04-13 15:42:27+02:00
9581-elabe-bfmtv-13-04.pdf,,2022.0,9581 ELABE BFMtv 13-04,archives/2022/avril/9581-elabe-bfmtv-13-04.pdf,,archives/2022/avril/,http://www.commission-des-sondages.fr/notices/files/notices/2022/avril/9581-elabe-bfmtv-13-04.pdf,/notices/medias/fichiers/add/1539,2022-07-08 15:57:04,2022-04-13 15:35:54+02:00
9582-rdp-ifop-paris-match-13-04.pdf,,2022.0,9582 RDP Ifop Paris Match 13-04,archives/2022/avril/9582-rdp-ifop-paris-match-13-04.pdf,,archives/2022/avril/,http://www.commission-des-sondages.fr/notices/files/notices/2022/avril/9582-rdp-ifop-paris-match-13-04.pdf,/notices/medias/fichiers/add/1538,2022-07-08 15:57:04,2022-04-13 16:16:54+02:00
9583-opinionway-cnews-vague-38-le-13-04.pdf,,2022.0,9583 OpinionWay CNEWS - Vague 38 le 13-04,archives/2022/avril/9583-opinionway-cnews-vague-38-le-13-04.pdf,,archives/2022/avril/,http://www.commission-des-sondages.fr/notices/files/notices/2022/avril/9583-opinionway-cnews-vague-38-le-13-04.pdf,/notices/medias/fichiers/add/1540,2022-07-08 15:57:04,2022-04-12 15:27:23+00:00
9584-ipsos-le-parisien-aujourd-hui-en-france-france-info-barometre-2022-vague-26-14-avril.pdf,,2022.0,9584 Ipsos Le Parisien Aujourd'hui en France - France Info - Baromètre 2022 - Vague 26 - 14 avril,archives/2022/avril/9584-ipsos-le-parisien-aujourd-hui-en-france-france-info-barometre-2022-vague-26-14-avril.pdf,,archives/2022/avril/,http://www.commission-des-sondages.fr/notices/files/notices/2022/avril/9584-ipsos-le-parisien-aujourd-hui-en-france-france-info-barometre-2022-vague-26-14-avril.pdf,/notices/medias/fichiers/add/1541,2022-07-08 15:57:04,2022-04-14 14:42:43+02:00
9585-opinionway-kea-partners-les-echos-radio-classique-13-avril.pdf,,2022.0,9585 OpinionWay - Kea Partners - Les Echos - Radio Classique - 13 avril,archives/2022/avril/9585-opinionway-kea-partners-les-echos-radio-classique-13-avril.pdf,,archives/2022/avril/,http://www.commission-des-sondages.fr/notices/files/notices/2022/avril/9585-opinionway-kea-partners-les-echos-radio-classique-13-avril.pdf,/notices/medias/fichiers/add/1542,2022-07-08 15:57:04,2022-04-13 16:09:32+00:00
9586-rdp-ifop-pm-lci-sud-radio-14-04.pdf,,2022.0,9586 RDP Ifop PM Lci Sud Radio  14-04,archives/2022/avril/9586-rdp-ifop-pm-lci-sud-radio-14-04.pdf,,archives/2022/avril/,http://www.commission-des-sondages.fr/notices/files/notices/2022/avril/9586-rdp-ifop-pm-lci-sud-radio-14-04.pdf,/notices/medias/fichiers/add/1543,2022-07-08 15:57:04,2022-04-14 11:56:03+02:00
9587-opinionway-pour-cnews-vague-39-le-14-avril.pdf,,2022.0,9587 OpinionWay pour CNEWS - Vague 39 le 14 avril,archives/2022/avril/9587-opinionway-pour-cnews-vague-39-le-14-avril.pdf,,archives/2022/avril/,http://www.commission-des-sondages.fr/notices/files/notices/2022/avril/9587-opinionway-pour-cnews-vague-39-le-14-avril.pdf,/notices/medias/fichiers/add/1544,2022-07-08 15:57:04,2022-04-14 09:43:22+00:00
9588-odoxa-l-obs-le-mascaret-vague-9-15-avril.pdf,,2022.0,9588 Odoxa l'obs le Mascaret – Vague 9 - 15 avril,archives/2022/avril/9588-odoxa-l-obs-le-mascaret-vague-9-15-avril.pdf,,archives/2022/avril/,http://www.commission-des-sondages.fr/notices/files/notices/2022/avril/9588-odoxa-l-obs-le-mascaret-vague-9-15-avril.pdf,/notices/medias/fichiers/add/1545,2022-07-08 15:57:04,2022-04-14 20:42:32+02:00
9589-bva-orange-rtl-presidentielle-2022-vague-14-15-avril.pdf,Pres,2022.0,9589 BVA Orange RTL - Présidentielle 2022 - Vague  14 - 15 avril,archives/2022/avril/9589-bva-orange-rtl-presidentielle-2022-vague-14-15-avril.pdf,,archives/2022/avril/,http://www.commission-des-sondages.fr/notices/files/notices/2022/avril/9589-bva-orange-rtl-presidentielle-2022-vague-14-15-avril.pdf,/notices/medias/fichiers/add/1546,2022-07-08 15:57:05,2022-04-14 19:24:51+02:00
9590-atlas-fr-2022-nacional-041522.pdf,,2022.0,9590 Atlas FR 2022 Nacional 041522,archives/2022/avril/9590-atlas-fr-2022-nacional-041522.pdf,,archives/2022/avril/,http://www.commission-des-sondages.fr/notices/files/notices/2022/avril/9590-atlas-fr-2022-nacional-041522.pdf,/notices/medias/fichiers/add/1547,2022-07-08 15:57:05,2022-04-15 03:15:40-03:00
9592-ipsos-le-parisien-aujourd-hui-en-france-france-info-vague-27-15-avril-pdf.pdf,,2022.0,9592 Ipsos Le Parisien Aujourd'hui en France - France Info - Vague 27 - 15 avril. pdf,archives/2022/avril/9592-ipsos-le-parisien-aujourd-hui-en-france-france-info-vague-27-15-avril-pdf.pdf,,archives/2022/avril/,http://www.commission-des-sondages.fr/notices/files/notices/2022/avril/9592-ipsos-le-parisien-aujourd-hui-en-france-france-info-vague-27-15-avril-pdf.pdf,/notices/medias/fichiers/add/1548,2022-07-08 15:57:05,2022-04-15 14:58:06+02:00
9593-odoxa-le-figaro-14-avril.pdf,,2022.0,9593 Odoxa  le Figaro- 14 avril,archives/2022/avril/9593-odoxa-le-figaro-14-avril.pdf,,archives/2022/avril/,http://www.commission-des-sondages.fr/notices/files/notices/2022/avril/9593-odoxa-le-figaro-14-avril.pdf,/notices/medias/fichiers/add/1550,2022-07-08 15:57:05,2022-04-15 16:59:42+02:00
9594-rdp-ifop-pm-le-15-avril.pdf,,2022.0,9594 RDP Ifop PM le 15 avril,archives/2022/avril/9594-rdp-ifop-pm-le-15-avril.pdf,,archives/2022/avril/,http://www.commission-des-sondages.fr/notices/files/notices/2022/avril/9594-rdp-ifop-pm-le-15-avril.pdf,/notices/medias/fichiers/add/1551,2022-07-08 15:57:05,2022-04-15 12:50:34+02:00
9595-opinionway-pour-cnews-vague-40-le-15-avril.pdf,,2022.0,9595 OpinionWay pour CNEWS - Vague 40 le 15 avril,archives/2022/avril/9595-opinionway-pour-cnews-vague-40-le-15-avril.pdf,,archives/2022/avril/,http://www.commission-des-sondages.fr/notices/files/notices/2022/avril/9595-opinionway-pour-cnews-vague-40-le-15-avril.pdf,/notices/medias/fichiers/add/1552,2022-07-08 15:57:05,2022-04-15 20:06:21+00:00
9596-r-ipsos-le-parisien-v-28-le-16-avril.pdf,,2022.0,9596 R Ipsos Le Parisien V 28 le 16 avril,archives/2022/avril/9596-r-ipsos-le-parisien-v-28-le-16-avril.pdf,,archives/2022/avril/,http://www.commission-des-sondages.fr/notices/files/notices/2022/avril/9596-r-ipsos-le-parisien-v-28-le-16-avril.pdf,/notices/medias/fichiers/add/1553,2022-07-08 15:57:06,2022-04-16 14:24:30+02:00
9597-opinionway-kea-partners-les-echos-radio-classique-14-avril.pdf,,2022.0,9597 OpinionWay - Kea Partners - Les Echos - Radio Classique  - 14 avril,archives/2022/avril/9597-opinionway-kea-partners-les-echos-radio-classique-14-avril.pdf,,archives/2022/avril/,http://www.commission-des-sondages.fr/notices/files/notices/2022/avril/9597-opinionway-kea-partners-les-echos-radio-classique-14-avril.pdf,/notices/medias/fichiers/add/1554,2022-07-08 15:57:06,2022-04-15 20:09:39+00:00
9598-cluster17-rolling-hebdomadaire-sic-le-14-avril.pdf,,2022.0,9598 Cluster17 Rolling_hebdomadaire (sic) le 14 avril,archives/2022/avril/9598-cluster17-rolling-hebdomadaire-sic-le-14-avril.pdf,,archives/2022/avril/,http://www.commission-des-sondages.fr/notices/files/notices/2022/avril/9598-cluster17-rolling-hebdomadaire-sic-le-14-avril.pdf,/notices/medias/fichiers/add/1556,2022-07-08 15:57:06,2022-04-14 23:37:50+02:00
9599-cluster-17-18-04.pdf,,2022.0,9599 Cluster 17 18-04,archives/2022/avril/9599-cluster-17-18-04.pdf,,archives/2022/avril/,http://www.commission-des-sondages.fr/notices/files/notices/2022/avril/9599-cluster-17-18-04.pdf,/notices/medias/fichiers/add/1557,2022-07-08 15:57:07,2022-04-18 22:47:37+02:00
9600-r-ipsos-le-parisien-18-04.pdf,,2022.0,9600 R Ipsos Le Parisien 18-04,archives/2022/avril/9600-r-ipsos-le-parisien-18-04.pdf,,archives/2022/avril/,http://www.commission-des-sondages.fr/notices/files/notices/2022/avril/9600-r-ipsos-le-parisien-18-04.pdf,/notices/medias/fichiers/add/1558,2022-07-08 15:57:07,2022-04-18 14:29:23+02:00
9601-harris-interactive-barometre-challenges-v43-le-20-avril.pdf,,2022.0,9601 Harris Interactive - Barometre Challenges - V43 le 20 avril,archives/2022/avril/9601-harris-interactive-barometre-challenges-v43-le-20-avril.pdf,,archives/2022/avril/,http://www.commission-des-sondages.fr/notices/files/notices/2022/avril/9601-harris-interactive-barometre-challenges-v43-le-20-avril.pdf,/notices/medias/fichiers/add/1568,2022-07-08 15:57:07,2022-04-19 10:11:31+02:00
9602-rdp-ifop-paris-match-lci-sud-radio.pdf,,2022.0,9602 RDP Ifop Paris Match Lci Sud Radio,archives/2022/avril/9602-rdp-ifop-paris-match-lci-sud-radio.pdf,,archives/2022/avril/,http://www.commission-des-sondages.fr/notices/files/notices/2022/avril/9602-rdp-ifop-paris-match-lci-sud-radio.pdf,/notices/medias/fichiers/add/1567,2022-07-08 15:57:07,2022-04-18 12:03:32+02:00
9603-elabe-bfmtv.pdf,,2022.0,9603 – ELABE BFMTV,archives/2022/avril/9603-elabe-bfmtv.pdf,,archives/2022/avril/,http://www.commission-des-sondages.fr/notices/files/notices/2022/avril/9603-elabe-bfmtv.pdf,/notices/medias/fichiers/add/1559,2022-07-08 15:57:07,2022-04-19 17:39:41+02:00
9604-ipsos-le-parisien-aujourd-hui-en-france-france-info-vague-30-19-avril-pdf.pdf,,2022.0,9604 Ipsos Le Parisien Aujourd'hui en France - France Info - Vague 30 - 19 avril. pdf,archives/2022/avril/9604-ipsos-le-parisien-aujourd-hui-en-france-france-info-vague-30-19-avril-pdf.pdf,,archives/2022/avril/,http://www.commission-des-sondages.fr/notices/files/notices/2022/avril/9604-ipsos-le-parisien-aujourd-hui-en-france-france-info-vague-30-19-avril-pdf.pdf,/notices/medias/fichiers/add/1560,2022-07-08 15:57:07,2022-04-19 15:13:13+02:00
9605-odoxa-pqr-20-04.pdf,,2022.0,9605 Odoxa Pqr 20-04,archives/2022/avril/9605-odoxa-pqr-20-04.pdf,,archives/2022/avril/,http://www.commission-des-sondages.fr/notices/files/notices/2022/avril/9605-odoxa-pqr-20-04.pdf,/notices/medias/fichiers/add/1561,2022-07-08 15:57:08,2022-04-19 18:24:01+02:00
9606-rdp-ifop-paris-match-lci-sud-radio.pdf,,2022.0,9606 RDP Ifop Paris match Lci Sud radio,archives/2022/avril/9606-rdp-ifop-paris-match-lci-sud-radio.pdf,,archives/2022/avril/,http://www.commission-des-sondages.fr/notices/files/notices/2022/avril/9606-rdp-ifop-paris-match-lci-sud-radio.pdf,/notices/medias/fichiers/add/1562,2022-07-08 15:57:08,2022-04-19 16:18:18+02:00
9607-opinionway-pour-cnews-vague-41-le-18-avril.pdf,,2022.0,"9607 OpinionWay pour CNEWS - Vague 41, le 18 avril",archives/2022/avril/9607-opinionway-pour-cnews-vague-41-le-18-avril.pdf,,archives/2022/avril/,http://www.commission-des-sondages.fr/notices/files/notices/2022/avril/9607-opinionway-pour-cnews-vague-41-le-18-avril.pdf,/notices/medias/fichiers/add/1563,2022-07-08 15:57:08,2022-04-19 17:33:56+00:00
9608-ipsos-le-monde-fjj-cevipof-panel-electoral-vague-10.pdf,,2022.0,9608 Ipsos Le Monde FJJ Cevipof - Panel électoral Vague 10,archives/2022/avril/9608-ipsos-le-monde-fjj-cevipof-panel-electoral-vague-10.pdf,,archives/2022/avril/,http://www.commission-des-sondages.fr/notices/files/notices/2022/avril/9608-ipsos-le-monde-fjj-cevipof-panel-electoral-vague-10.pdf,/notices/medias/fichiers/add/1564,2022-07-08 15:57:08,2022-04-19 19:57:22+02:00
9609-opinionway-kea-partners-les-echos-radio-classique-15-avril.pdf,,2022.0,9609 OpinionWay - Kea Partners - Les Echos - Radio Classique - 15 avril,archives/2022/avril/9609-opinionway-kea-partners-les-echos-radio-classique-15-avril.pdf,,archives/2022/avril/,http://www.commission-des-sondages.fr/notices/files/notices/2022/avril/9609-opinionway-kea-partners-les-echos-radio-classique-15-avril.pdf,/notices/medias/fichiers/add/1565,2022-07-08 15:57:08,2022-04-19 17:47:11+00:00
9610-kantar-le-figaro.pdf,,2022.0,9610 Kantar le figaro,archives/2022/avril/9610-kantar-le-figaro.pdf,,archives/2022/avril/,http://www.commission-des-sondages.fr/notices/files/notices/2022/avril/9610-kantar-le-figaro.pdf,/notices/medias/fichiers/add/1577,2022-07-08 15:57:08,2022-04-20 10:08:35+02:00
9611-rpw-opinionway-kea-partners-les-echos-radio-classique-19-avril.pdf,,2022.0,9611 RPW OpinionWay - Kea Partners - Les Echos - Radio Classique - 19 avril,archives/2022/avril/9611-rpw-opinionway-kea-partners-les-echos-radio-classique-19-avril.pdf,,archives/2022/avril/,http://www.commission-des-sondages.fr/notices/files/notices/2022/avril/9611-rpw-opinionway-kea-partners-les-echos-radio-classique-19-avril.pdf,/notices/medias/fichiers/add/1566,2022-07-08 15:57:08,2022-04-19 20:09:39+00:00
9612-ipsos-le-parisien-aujourd-hui-en-france-france-info-vague-31-20-avril-pdf.pdf,,2022.0,9612  Ipsos Le Parisien Aujourd'hui en France - France Info  - Vague 31 - 20 avril. pdf,archives/2022/avril/9612-ipsos-le-parisien-aujourd-hui-en-france-france-info-vague-31-20-avril-pdf.pdf,,archives/2022/avril/,http://www.commission-des-sondages.fr/notices/files/notices/2022/avril/9612-ipsos-le-parisien-aujourd-hui-en-france-france-info-vague-31-20-avril-pdf.pdf,/notices/medias/fichiers/add/1570,2022-07-08 15:57:09,2022-04-20 14:38:59+02:00
9613-csa-le-figaro-21-04-22.pdf,,2022.0,9613 CSA - Le Figaro 21 04 22,archives/2022/avril/9613-csa-le-figaro-21-04-22.pdf,,archives/2022/avril/,http://www.commission-des-sondages.fr/notices/files/notices/2022/avril/9613-csa-le-figaro-21-04-22.pdf,/notices/medias/fichiers/add/1571,2022-07-08 15:57:09,2022-04-20 16:19:12+02:00
9614-rdp-ifop-pm-20-04.pdf,,2022.0,9614 RDP IFOP PM 20-04,archives/2022/avril/9614-rdp-ifop-pm-20-04.pdf,,archives/2022/avril/,http://www.commission-des-sondages.fr/notices/files/notices/2022/avril/9614-rdp-ifop-pm-20-04.pdf,/notices/medias/fichiers/add/1572,2022-07-08 15:57:09,2022-04-20 14:58:53+02:00
9615-csa-cnews-21-04-22.pdf,,2022.0,9615 CSA -  CNews 21 04 22,archives/2022/avril/9615-csa-cnews-21-04-22.pdf,,archives/2022/avril/,http://www.commission-des-sondages.fr/notices/files/notices/2022/avril/9615-csa-cnews-21-04-22.pdf,/notices/medias/fichiers/add/1573,2022-07-08 15:57:09,2022-04-20 16:07:42+02:00
9616-elabe-bfm-terrain-flash-debat-2nd-tour-publie.pdf,,2022.0,9616 ELABE BFM TERRAIN FLASH DEBAT 2ND TOUR_PUBLIE,archives/2022/avril/9616-elabe-bfm-terrain-flash-debat-2nd-tour-publie.pdf,,archives/2022/avril/,http://www.commission-des-sondages.fr/notices/files/notices/2022/avril/9616-elabe-bfm-terrain-flash-debat-2nd-tour-publie.pdf,/notices/medias/fichiers/add/1574,2022-07-08 15:57:09,2022-04-21 10:51:01+02:00
9617-opinionway-pour-cnews-vague-42-le-19-avril.pdf,,2022.0,"9617 OpinionWay pour CNEWS - Vague 42, le 19 avril",archives/2022/avril/9617-opinionway-pour-cnews-vague-42-le-19-avril.pdf,,archives/2022/avril/,http://www.commission-des-sondages.fr/notices/files/notices/2022/avril/9617-opinionway-pour-cnews-vague-42-le-19-avril.pdf,/notices/medias/fichiers/add/1575,2022-07-08 15:57:09,2022-04-20 13:59:17+00:00
9618-ifop-pm-le-21-avril.pdf,,2022.0,9618 Ifop Pm le 21 avril ,archives/2022/avril/9618-ifop-pm-le-21-avril.pdf,,archives/2022/avril/,http://www.commission-des-sondages.fr/notices/files/notices/2022/avril/9618-ifop-pm-le-21-avril.pdf,/notices/medias/fichiers/add/1578,2022-07-08 15:57:09,2022-04-21 14:53:00+02:00
9619-opinionway-kea-partners-les-echos-radio-classique-20-avril.pdf,,2022.0,9619 OpinionWay - Kea Partners - Les Echos - Radio Classique  -  20 avril,archives/2022/avril/9619-opinionway-kea-partners-les-echos-radio-classique-20-avril.pdf,,archives/2022/avril/,http://www.commission-des-sondages.fr/notices/files/notices/2022/avril/9619-opinionway-kea-partners-les-echos-radio-classique-20-avril.pdf,/notices/medias/fichiers/add/1576,2022-07-08 15:57:10,2022-04-20 17:51:13+00:00
9620-sondage-d-actu-odoxa-le-figaro-21-avril.pdf,,2022.0,9620 - Sondage d'actu Odoxa Le figaro- 21 avril,archives/2022/avril/9620-sondage-d-actu-odoxa-le-figaro-21-avril.pdf,,archives/2022/avril/,http://www.commission-des-sondages.fr/notices/files/notices/2022/avril/9620-sondage-d-actu-odoxa-le-figaro-21-avril.pdf,/notices/medias/fichiers/add/1579,2022-07-08 15:57:10,2022-04-21 18:17:23+02:00
9621-odoxa-l-obs-le-mascaret-vague-10-21-avril.pdf,,2022.0,9621 Odoxa - l'Obs le Mascaret Vague 10 - 21 avril,archives/2022/avril/9621-odoxa-l-obs-le-mascaret-vague-10-21-avril.pdf,,archives/2022/avril/,http://www.commission-des-sondages.fr/notices/files/notices/2022/avril/9621-odoxa-l-obs-le-mascaret-vague-10-21-avril.pdf,/notices/medias/fichiers/add/1580,2022-07-08 15:57:10,2022-04-21 19:27:47+02:00
9622-ipsos-le-parisien-aujourd-hui-en-france-france-info-vague-32-21-avril.pdf,,2022.0,9622 Ipsos Le Parisien Aujourd'hui en France - France Info - Vague 32 - 21 avril,archives/2022/avril/9622-ipsos-le-parisien-aujourd-hui-en-france-france-info-vague-32-21-avril.pdf,,archives/2022/avril/,http://www.commission-des-sondages.fr/notices/files/notices/2022/avril/9622-ipsos-le-parisien-aujourd-hui-en-france-france-info-vague-32-21-avril.pdf,/notices/medias/fichiers/add/1581,2022-07-08 15:57:10,2022-04-21 18:19:23+02:00
9623-opinionway-cnews-vague-43-21-avril.pdf,,2022.0,9623 OpinionWay CNEWS - Vague 43 –  21 avril,archives/2022/avril/9623-opinionway-cnews-vague-43-21-avril.pdf,,archives/2022/avril/,http://www.commission-des-sondages.fr/notices/files/notices/2022/avril/9623-opinionway-cnews-vague-43-21-avril.pdf,/notices/medias/fichiers/add/1582,2022-07-08 15:57:10,2022-04-21 20:26:51+00:00
9624-bva-orange-rtl-vague-15-le-22-avril-notice.pdf,,2022.0,9624 BVA Orange RTL -  Vague 15 - le 22 avril - Notice,archives/2022/avril/9624-bva-orange-rtl-vague-15-le-22-avril-notice.pdf,,archives/2022/avril/,http://www.commission-des-sondages.fr/notices/files/notices/2022/avril/9624-bva-orange-rtl-vague-15-le-22-avril-notice.pdf,/notices/medias/fichiers/add/1583,2022-07-08 15:57:10,2022-04-21 22:33:08+02:00
9625-opinionway-kea-partners-les-echos-radio-classique-21-avril.pdf,,2022.0,9625 OpinionWay - Kea Partners - Les Echos - Radio Classique - 21 avril,archives/2022/avril/9625-opinionway-kea-partners-les-echos-radio-classique-21-avril.pdf,,archives/2022/avril/,http://www.commission-des-sondages.fr/notices/files/notices/2022/avril/9625-opinionway-kea-partners-les-echos-radio-classique-21-avril.pdf,/notices/medias/fichiers/add/1584,2022-07-08 15:57:10,2022-04-22 12:33:45+00:00
9628-rdp-ifop-pm-le-22-avril.pdf,,2022.0,9628 RDP Ifop PM le 22 avril,archives/2022/avril/9628-rdp-ifop-pm-le-22-avril.pdf,,archives/2022/avril/,http://www.commission-des-sondages.fr/notices/files/notices/2022/avril/9628-rdp-ifop-pm-le-22-avril.pdf,/notices/medias/fichiers/add/1585,2022-07-08 15:57:10,2022-04-22 14:25:42+02:00
9629-elabe-bfm-tv-22-04.pdf,,2022.0,9629 ELABE BFM tV 22-04,archives/2022/avril/9629-elabe-bfm-tv-22-04.pdf,,archives/2022/avril/,http://www.commission-des-sondages.fr/notices/files/notices/2022/avril/9629-elabe-bfm-tv-22-04.pdf,/notices/medias/fichiers/add/1586,2022-07-08 15:57:11,2022-04-22 16:10:31+02:00
9631-harris-interactive-challenges-v44-le-22-avril.pdf,,2022.0,9631 Harris Interactive - Challenges - V44 le 22 avril,archives/2022/avril/9631-harris-interactive-challenges-v44-le-22-avril.pdf,,archives/2022/avril/,http://www.commission-des-sondages.fr/notices/files/notices/2022/avril/9631-harris-interactive-challenges-v44-le-22-avril.pdf,/notices/medias/fichiers/add/1588,2022-07-08 15:57:11,2022-04-22 17:08:49+02:00
9632-ipsos-le-parisien-aujourd-hui-en-france-france-info-barometre-2022-vague-33-22-avril.pdf,,2022.0,9632 Ipsos Le Parisien Aujourd'hui en France - France Info - Baromètre 2022 - Vague 33 - 22 avril,archives/2022/avril/9632-ipsos-le-parisien-aujourd-hui-en-france-france-info-barometre-2022-vague-33-22-avril.pdf,,archives/2022/avril/,http://www.commission-des-sondages.fr/notices/files/notices/2022/avril/9632-ipsos-le-parisien-aujourd-hui-en-france-france-info-barometre-2022-vague-33-22-avril.pdf,/notices/medias/fichiers/add/1589,2022-07-08 15:57:12,2022-04-22 18:08:05+02:00
9633-opinionway-pour-cnews-vague-44-le-22-avril.pdf,,2022.0,9633 OpinionWay pour CNEWS - Vague 44 Le 22 avril,archives/2022/avril/9633-opinionway-pour-cnews-vague-44-le-22-avril.pdf,,archives/2022/avril/,http://www.commission-des-sondages.fr/notices/files/notices/2022/avril/9633-opinionway-pour-cnews-vague-44-le-22-avril.pdf,/notices/medias/fichiers/add/1590,2022-07-08 15:57:11,2022-04-22 12:51:35+00:00
9634-ipsos-le-monde-22-avril.pdf,,2022.0,9634 Ipsos Le Monde  22 avril,archives/2022/avril/9634-ipsos-le-monde-22-avril.pdf,,archives/2022/avril/,http://www.commission-des-sondages.fr/notices/files/notices/2022/avril/9634-ipsos-le-monde-22-avril.pdf,/notices/medias/fichiers/add/1591,2022-07-08 15:57:12,2022-04-22 20:53:18+02:00
9635-opinionway-kea-partners-les-echos-radio-classique-22-avril.pdf,,2022.0,9635 OpinionWay - Kea partners Les Echos - Radio Classique  22 avril,archives/2022/avril/9635-opinionway-kea-partners-les-echos-radio-classique-22-avril.pdf,,archives/2022/avril/,http://www.commission-des-sondages.fr/notices/files/notices/2022/avril/9635-opinionway-kea-partners-les-echos-radio-classique-22-avril.pdf,/notices/medias/fichiers/add/1592,2022-07-08 15:57:12,2022-04-22 12:48:56+00:00
9636-ipsos-sondage-ipsos-sopra-steria-comprendre-le-vote-des-francais-24-avril-2022-20h.pdf,,2022.0,9636 Ipsos - Sondage Ipsos Sopra Steria_Comprendre le vote des Français_24 avril 2022 - 20h,archives/2022/avril/9636-ipsos-sondage-ipsos-sopra-steria-comprendre-le-vote-des-francais-24-avril-2022-20h.pdf,,archives/2022/avril/,http://www.commission-des-sondages.fr/notices/files/notices/2022/avril/9636-ipsos-sondage-ipsos-sopra-steria-comprendre-le-vote-des-francais-24-avril-2022-20h.pdf,/notices/medias/fichiers/add/1593,2022-07-08 15:57:12,2022-04-24 16:31:41+02:00
9637-harris-interactive-challenges-v45.pdf,,2022.0,9637 Harris Interactive - Challenges - V45,archives/2022/avril/9637-harris-interactive-challenges-v45.pdf,,archives/2022/avril/,http://www.commission-des-sondages.fr/notices/files/notices/2022/avril/9637-harris-interactive-challenges-v45.pdf,/notices/medias/fichiers/add/1594,2022-07-08 15:57:12,2022-04-26 17:55:31+02:00
9638-csa-question-cnews-28042022.pdf,,2022.0,9638 CSA - Question CNews 28042022,archives/2022/avril/9638-csa-question-cnews-28042022.pdf,,archives/2022/avril/,http://www.commission-des-sondages.fr/notices/files/notices/2022/avril/9638-csa-question-cnews-28042022.pdf,/notices/medias/fichiers/add/1595,2022-07-08 15:57:12,2022-04-27 14:21:55+02:00
9639-harris-interactive-barometre-challenges-v46.pdf,,2022.0,9639 Harris Interactive  - Baromètre Challenges - V46,archives/2022/mai/9639-harris-interactive-barometre-challenges-v46.pdf,,archives/2022/mai/,http://www.commission-des-sondages.fr/notices/files/notices/2022/mai/9639-harris-interactive-barometre-challenges-v46.pdf,/notices/medias/fichiers/add/1596,2022-07-08 15:57:34,2022-05-03 17:19:05+02:00
9640-harris-interactive-barometre-challenges-v46-region-paca.pdf,,2022.0,9640 Harris Interactive - Baromètre Challenges - V46 Région PACA,archives/2022/mai/9640-harris-interactive-barometre-challenges-v46-region-paca.pdf,,archives/2022/mai/,http://www.commission-des-sondages.fr/notices/files/notices/2022/mai/9640-harris-interactive-barometre-challenges-v46-region-paca.pdf,/notices/medias/fichiers/add/1597,2022-07-08 15:57:34,2022-05-03 18:12:03+02:00
9641-leg-cluster-17.pdf,Leg,2022.0,9641 Leg Cluster 17 ,archives/2022/mai/9641-leg-cluster-17.pdf,,archives/2022/mai/,http://www.commission-des-sondages.fr/notices/files/notices/2022/mai/9641-leg-cluster-17.pdf,/notices/medias/fichiers/add/1598,2022-07-08 15:57:34,
9642-hi-challenges-v47-le-11-mai.pdf,,2022.0,9642 HI - Challenges - V47. le 11 mai,archives/2022/mai/9642-hi-challenges-v47-le-11-mai.pdf,,archives/2022/mai/,http://www.commission-des-sondages.fr/notices/files/notices/2022/mai/9642-hi-challenges-v47-le-11-mai.pdf,/notices/medias/fichiers/add/1599,2022-07-08 15:57:34,2022-05-11 13:23:13+02:00
9643-harris-interactive-challenges-v47-region-occitanie-le-11-mai.pdf,,2022.0,9643 Harris Interactive - Challenges - V47 Région Occitanie le 11 mai,archives/2022/mai/9643-harris-interactive-challenges-v47-region-occitanie-le-11-mai.pdf,,archives/2022/mai/,http://www.commission-des-sondages.fr/notices/files/notices/2022/mai/9643-harris-interactive-challenges-v47-region-occitanie-le-11-mai.pdf,/notices/medias/fichiers/add/1600,2022-07-08 15:57:34,2022-05-11 12:35:33+02:00
9644-opinionway-kea-les-echos-radio-classique-11-mai.pdf,,2022.0,9644 OpinionWay - Kea - Les Echos - Radio Classique - 11 mai,archives/2022/mai/9644-opinionway-kea-les-echos-radio-classique-11-mai.pdf,,archives/2022/mai/,http://www.commission-des-sondages.fr/notices/files/notices/2022/mai/9644-opinionway-kea-les-echos-radio-classique-11-mai.pdf,/notices/medias/fichiers/add/1601,2022-07-08 15:57:35,2022-05-11 14:06:58+00:00
9646-viavoice-liberation-union-des-gauches-le-10-mai.pdf,,2022.0,"9646 Viavoice - Libération. Union des gauches, le 10 mai",archives/2022/mai/9646-viavoice-liberation-union-des-gauches-le-10-mai.pdf,,archives/2022/mai/,http://www.commission-des-sondages.fr/notices/files/notices/2022/mai/9646-viavoice-liberation-union-des-gauches-le-10-mai.pdf,/notices/medias/fichiers/add/1602,2022-07-08 15:57:35,2022-05-13 17:59:24+02:00
9648-harris-interactive-barometre-challenges-v48-le-18-mai.pdf,,2022.0,9648 Harris Interactive - Baromètre Challenges - V48 le 18 mai,archives/2022/mai/9648-harris-interactive-barometre-challenges-v48-le-18-mai.pdf,,archives/2022/mai/,http://www.commission-des-sondages.fr/notices/files/notices/2022/mai/9648-harris-interactive-barometre-challenges-v48-le-18-mai.pdf,/notices/medias/fichiers/add/1603,2022-07-08 15:57:35,2022-05-18 09:54:10+02:00
9649-h-i-challenges-region-hdf.pdf,,2022.0,9649 H.I. - Challenges - Région HDF,archives/2022/mai/9649-h-i-challenges-region-hdf.pdf,,archives/2022/mai/,http://www.commission-des-sondages.fr/notices/files/notices/2022/mai/9649-h-i-challenges-region-hdf.pdf,/notices/medias/fichiers/add/1604,2022-07-08 15:57:35,2022-05-18 11:29:37+02:00
9650-elabe-bfm-18-mai.pdf,,2022.0,9650 Elabe Bfm 18 mai,archives/2022/mai/9650-elabe-bfm-18-mai.pdf,,archives/2022/mai/,http://www.commission-des-sondages.fr/notices/files/notices/2022/mai/9650-elabe-bfm-18-mai.pdf,/notices/medias/fichiers/add/1605,2022-07-08 15:57:35,2022-05-18 16:37:30+02:00
9651-opinionway-kea-les-echos-radio-classique-18-mai.pdf,,2022.0,9651 OpinionWay - Kéa - Les Echos - Radio Classique - 18 mai,archives/2022/mai/9651-opinionway-kea-les-echos-radio-classique-18-mai.pdf,,archives/2022/mai/,http://www.commission-des-sondages.fr/notices/files/notices/2022/mai/9651-opinionway-kea-les-echos-radio-classique-18-mai.pdf,/notices/medias/fichiers/add/1606,2022-07-08 15:57:35,2022-05-19 08:00:45+00:00
9652-ifop-lci-v2-le-17-mai.pdf,,2022.0,9652 Ifop LCI V2 le 17 mai,archives/2022/mai/9652-ifop-lci-v2-le-17-mai.pdf,,archives/2022/mai/,http://www.commission-des-sondages.fr/notices/files/notices/2022/mai/9652-ifop-lci-v2-le-17-mai.pdf,/notices/medias/fichiers/add/1607,2022-07-08 15:57:35,2022-05-19 18:25:25+02:00
9653-ipsos-le-monde-fjj-cevipof-panel-electoral-vague-11.pdf,,2022.0,9653 Ipsos Le Monde FJJ Cevipof - Panel électoral Vague 11,archives/2022/mai/9653-ipsos-le-monde-fjj-cevipof-panel-electoral-vague-11.pdf,,archives/2022/mai/,http://www.commission-des-sondages.fr/notices/files/notices/2022/mai/9653-ipsos-le-monde-fjj-cevipof-panel-electoral-vague-11.pdf,/notices/medias/fichiers/add/1609,2022-07-08 15:57:35,2022-05-20 16:01:57+02:00
9654-ipsos-le-parisien-les-elections-legislatives-mai-2022.pdf,Leg,2022.0,9654 Ipsos - Le Parisien - Les élections législatives - Mai 2022,archives/2022/mai/9654-ipsos-le-parisien-les-elections-legislatives-mai-2022.pdf,,archives/2022/mai/,http://www.commission-des-sondages.fr/notices/files/notices/2022/mai/9654-ipsos-le-parisien-les-elections-legislatives-mai-2022.pdf,/notices/medias/fichiers/add/1608,2022-07-08 15:57:36,2022-05-20 18:08:15+02:00
9655-4eme-du-var-ifop-jdd.pdf,,2022.0,9655 4ème du Var Ifop JDD,archives/2022/mai/9655-4eme-du-var-ifop-jdd.pdf,,archives/2022/mai/,http://www.commission-des-sondages.fr/notices/files/notices/2022/mai/9655-4eme-du-var-ifop-jdd.pdf,/notices/medias/fichiers/add/1610,2022-07-08 15:57:36,2022-05-20 15:00:36+02:00
9656-opinionway-3e-circonscription-de-l-eure-jdd-22-mai.pdf,,2022.0,9656 OpinionWay - 3e circonscription de l'Eure - JDD 22 mai,archives/2022/mai/9656-opinionway-3e-circonscription-de-l-eure-jdd-22-mai.pdf,,archives/2022/mai/,http://www.commission-des-sondages.fr/notices/files/notices/2022/mai/9656-opinionway-3e-circonscription-de-l-eure-jdd-22-mai.pdf,/notices/medias/fichiers/add/1611,2022-07-08 15:57:36,2022-05-24 13:58:16+00:00
9657-harris-interactive-challenges-v49-le-25-mai.pdf,,2022.0,9657 Harris Interactive - Challenges - V49 le 25 mai,archives/2022/mai/9657-harris-interactive-challenges-v49-le-25-mai.pdf,,archives/2022/mai/,http://www.commission-des-sondages.fr/notices/files/notices/2022/mai/9657-harris-interactive-challenges-v49-le-25-mai.pdf,/notices/medias/fichiers/add/1612,2022-07-08 15:57:36,2022-05-25 12:45:46+02:00
9658-harris-interactive-challenges-v49-aura.pdf,,2022.0,9658 Harris Interactive – Challenges - V49 AURA,archives/2022/mai/9658-harris-interactive-challenges-v49-aura.pdf,,archives/2022/mai/,http://www.commission-des-sondages.fr/notices/files/notices/2022/mai/9658-harris-interactive-challenges-v49-aura.pdf,/notices/medias/fichiers/add/1613,2022-07-08 15:57:36,2022-05-25 12:32:51+02:00
9659-bva-3e-circo-haute-garonne-la-depeche.pdf,,2022.0,9659 BVA 3e circo Haute-Garonne - la dépêche,archives/2022/mai/9659-bva-3e-circo-haute-garonne-la-depeche.pdf,,archives/2022/mai/,http://www.commission-des-sondages.fr/notices/files/notices/2022/mai/9659-bva-3e-circo-haute-garonne-la-depeche.pdf,/notices/medias/fichiers/add/1614,2022-07-08 15:57:36,2022-05-25 19:06:21+02:00
9660-opinionway-kea-partners-les-echos-radio-classique-25-mai.pdf,,2022.0,9660 OpinionWay - Kea Partners - Les Echos - Radio Classique - 25 mai,archives/2022/mai/9660-opinionway-kea-partners-les-echos-radio-classique-25-mai.pdf,,archives/2022/mai/,http://www.commission-des-sondages.fr/notices/files/notices/2022/mai/9660-opinionway-kea-partners-les-echos-radio-classique-25-mai.pdf,/notices/medias/fichiers/add/1615,2022-07-08 15:57:36,2022-05-27 09:37:06+00:00
9661-elabe-legislatives-2022-le-1er-juin.pdf,Leg,2022.0,9661_ELABE_LEGISLATIVES 2022_Le 1er juin,archives/2022/juin/9661-elabe-legislatives-2022-le-1er-juin.pdf,,archives/2022/juin/,http://www.commission-des-sondages.fr/notices/files/notices/2022/juin/9661-elabe-legislatives-2022-le-1er-juin.pdf,/notices/medias/fichiers/add/1616,2022-07-08 15:57:31,2022-06-01 16:02:45+02:00
9662-harris-interactive-challenges-v50.pdf,,2022.0,9662 Harris Interactive - Challenges - V50,archives/2022/juin/9662-harris-interactive-challenges-v50.pdf,,archives/2022/juin/,http://www.commission-des-sondages.fr/notices/files/notices/2022/juin/9662-harris-interactive-challenges-v50.pdf,/notices/medias/fichiers/add/1617,2022-07-08 15:57:31,2022-06-01 17:56:27+02:00
9663-harris-interactive-challenges-v50-region-grand-est.pdf,,2022.0,9663 Harris Interactive - Challenges - V50 Région Grand Est,archives/2022/juin/9663-harris-interactive-challenges-v50-region-grand-est.pdf,,archives/2022/juin/,http://www.commission-des-sondages.fr/notices/files/notices/2022/juin/9663-harris-interactive-challenges-v50-region-grand-est.pdf,/notices/medias/fichiers/add/1618,2022-07-08 15:57:31,2022-06-01 18:37:31+02:00
9664-opinionway-kea-partners-les-echos-radio-classique-2-juin.pdf,,2022.0,9664 OpinionWay - Kea Partners - Les Echos - Radio Classique - 2 juin,archives/2022/juin/9664-opinionway-kea-partners-les-echos-radio-classique-2-juin.pdf,,archives/2022/juin/,http://www.commission-des-sondages.fr/notices/files/notices/2022/juin/9664-opinionway-kea-partners-les-echos-radio-classique-2-juin.pdf,/notices/medias/fichiers/add/1619,2022-07-08 15:57:31,2022-06-02 07:45:39+00:00
9665-sagis-2022-06-06-legislatives-circ-5-re-union.pdf,Leg,2022.0,9665  Sagis 2022 06 06 législatives Circ 5 Ré union,archives/2022/juin/9665-sagis-2022-06-06-legislatives-circ-5-re-union.pdf,,archives/2022/juin/,http://www.commission-des-sondages.fr/notices/files/notices/2022/juin/9665-sagis-2022-06-06-legislatives-circ-5-re-union.pdf,/notices/medias/fichiers/add/1620,2022-07-08 15:57:31,2022-06-07 09:57:55+04:00
9666-harris-interactive-challenges-v51-le-7-juin.pdf,,2022.0,9666 Harris Interactive - Challenges - V51 le 7 juin,archives/2022/juin/9666-harris-interactive-challenges-v51-le-7-juin.pdf,,archives/2022/juin/,http://www.commission-des-sondages.fr/notices/files/notices/2022/juin/9666-harris-interactive-challenges-v51-le-7-juin.pdf,/notices/medias/fichiers/add/1621,2022-07-08 15:57:31,2022-06-07 18:54:50+02:00
9667-sondage-sagis-2022-06-06-legislatives-circ-6-reunion.pdf,Leg,2022.0,9667 sondage Sagis 2022 06 06 législatives Circ 6 Réunion,archives/2022/juin/9667-sondage-sagis-2022-06-06-legislatives-circ-6-reunion.pdf,,archives/2022/juin/,http://www.commission-des-sondages.fr/notices/files/notices/2022/juin/9667-sondage-sagis-2022-06-06-legislatives-circ-6-reunion.pdf,/notices/medias/fichiers/add/1622,2022-07-08 15:57:32,2022-06-07 09:58:29+04:00
9668-harris-interactive-challenges-v51-region-bretagne-le-7-juin.pdf,,2022.0,9668 Harris Interactive - Challenges - V51 Région Bretagne le 7 juin,archives/2022/juin/9668-harris-interactive-challenges-v51-region-bretagne-le-7-juin.pdf,,archives/2022/juin/,http://www.commission-des-sondages.fr/notices/files/notices/2022/juin/9668-harris-interactive-challenges-v51-region-bretagne-le-7-juin.pdf,/notices/medias/fichiers/add/1623,2022-07-08 15:57:32,2022-06-07 19:19:52+02:00
9669-sagis-2022-06-06-legislatives-circ-7-re-union.pdf,Leg,2022.0,9669 Sagis 2022 06 06 législatives Circ 7 Ré union,archives/2022/juin/9669-sagis-2022-06-06-legislatives-circ-7-re-union.pdf,,archives/2022/juin/,http://www.commission-des-sondages.fr/notices/files/notices/2022/juin/9669-sagis-2022-06-06-legislatives-circ-7-re-union.pdf,/notices/medias/fichiers/add/1624,2022-07-08 15:57:32,2022-06-07 09:58:53+04:00
9670-ipsos-le-monde-fjj-cevipof-panel-electoral-vague-12.pdf,,2022.0,9670 Ipsos Le Monde FJJ Cevipof - Panel électoral Vague 12,archives/2022/juin/9670-ipsos-le-monde-fjj-cevipof-panel-electoral-vague-12.pdf,,archives/2022/juin/,http://www.commission-des-sondages.fr/notices/files/notices/2022/juin/9670-ipsos-le-monde-fjj-cevipof-panel-electoral-vague-12.pdf,/notices/medias/fichiers/add/1625,2022-07-08 15:57:32,2022-06-07 22:35:17+02:00
9671-viavoice-1ere-circonscription-de-la-loire-mai-2022.pdf,,2022.0,9671 Viavoice. 1ère circonscription de la Loire. Mai 2022 ,archives/2022/juin/9671-viavoice-1ere-circonscription-de-la-loire-mai-2022.pdf,,archives/2022/juin/,http://www.commission-des-sondages.fr/notices/files/notices/2022/juin/9671-viavoice-1ere-circonscription-de-la-loire-mai-2022.pdf,/notices/medias/fichiers/add/1626,2022-07-08 15:57:32,2022-06-02 17:06:37+02:00
9672-csa-question-cnews-police-le-9-juin.pdf,,2022.0,9672 CSA - Question CNews  Police Le 9 juin,archives/2022/juin/9672-csa-question-cnews-police-le-9-juin.pdf,,archives/2022/juin/,http://www.commission-des-sondages.fr/notices/files/notices/2022/juin/9672-csa-question-cnews-police-le-9-juin.pdf,/notices/medias/fichiers/add/1627,2022-07-08 15:57:32,2022-06-08 11:00:03+02:00
9673-ipsos-france-tv-radio-france-8-juin-2022.pdf,,2022.0,9673 Ipsos - France TV Radio France - 8 juin 2022 ,archives/2022/juin/9673-ipsos-france-tv-radio-france-8-juin-2022.pdf,,archives/2022/juin/,http://www.commission-des-sondages.fr/notices/files/notices/2022/juin/9673-ipsos-france-tv-radio-france-8-juin-2022.pdf,/notices/medias/fichiers/add/1628,2022-07-08 15:57:33,2022-06-08 17:32:19+02:00
9674-elabe-bfm-10-juin.pdf,,2022.0,9674 ELABE BFM 10 juin,archives/2022/juin/9674-elabe-bfm-10-juin.pdf,,archives/2022/juin/,http://www.commission-des-sondages.fr/notices/files/notices/2022/juin/9674-elabe-bfm-10-juin.pdf,/notices/medias/fichiers/add/1629,2022-07-08 15:57:33,2022-06-09 22:39:35+02:00
9675-ipsos-intentions-de-vote-10-juin-2022.pdf,,2022.0,9675  Ipsos - Intentions de vote - 10 juin 2022 ,archives/2022/juin/9675-ipsos-intentions-de-vote-10-juin-2022.pdf,,archives/2022/juin/,http://www.commission-des-sondages.fr/notices/files/notices/2022/juin/9675-ipsos-intentions-de-vote-10-juin-2022.pdf,/notices/medias/fichiers/add/1630,2022-07-08 15:57:33,2022-06-09 21:55:56+02:00
9676-opinionway-kea-partners-les-echos-radio-classique-10-juin.pdf,,2022.0,9676 OpinionWay - Kea Partners - Les Echos - Radio Classique - 10 juin,archives/2022/juin/9676-opinionway-kea-partners-les-echos-radio-classique-10-juin.pdf,,archives/2022/juin/,http://www.commission-des-sondages.fr/notices/files/notices/2022/juin/9676-opinionway-kea-partners-les-echos-radio-classique-10-juin.pdf,/notices/medias/fichiers/add/1631,2022-07-08 15:57:33,2022-06-09 22:50:55+00:00
9677-yougov-datapraxis-juin-2022-tour-1-iv.pdf,,2022.0,9677 YouGov Datapraxis - Juin 2022 (Tour 1 IV),archives/2022/juin/9677-yougov-datapraxis-juin-2022-tour-1-iv.pdf,,archives/2022/juin/,http://www.commission-des-sondages.fr/notices/files/notices/2022/juin/9677-yougov-datapraxis-juin-2022-tour-1-iv.pdf,/notices/medias/fichiers/add/1633,2022-07-08 15:57:33,2022-06-15 17:01:22+00:00
9678-harris-interactive-challenges-v52-le-10-juin.pdf,,2022.0,9678 Harris Interactive - Challenges - V52 le 10 juin,archives/2022/juin/9678-harris-interactive-challenges-v52-le-10-juin.pdf,,archives/2022/juin/,http://www.commission-des-sondages.fr/notices/files/notices/2022/juin/9678-harris-interactive-challenges-v52-le-10-juin.pdf,/notices/medias/fichiers/add/1634,2022-07-08 15:57:33,2022-06-10 19:01:29+02:00
9679-opinionway-9e-et-10e-circo-nord.pdf,,2022.0,9679 OpinionWay 9e et 10e circo Nord,archives/2022/juin/9679-opinionway-9e-et-10e-circo-nord.pdf,,archives/2022/juin/,http://www.commission-des-sondages.fr/notices/files/notices/2022/juin/9679-opinionway-9e-et-10e-circo-nord.pdf,/notices/medias/fichiers/add/1635,2022-07-08 15:57:33,2022-06-13 16:39:47+00:00
9680-csa-question-cnews-16062022.pdf,,2022.0,9680 CSA - Question CNews 16062022,archives/2022/juin/9680-csa-question-cnews-16062022.pdf,,archives/2022/juin/,http://www.commission-des-sondages.fr/notices/files/notices/2022/juin/9680-csa-question-cnews-16062022.pdf,/notices/medias/fichiers/add/1636,2022-07-08 15:57:33,2022-06-15 13:21:14+02:00
9681-pdt-ifop-jdd.pdf,,2022.0,9681 PDT Ifop JDD,archives/2022/octobre/9681-pdt-ifop-jdd.pdf,,archives/2022/octobre/,http://www.commission-des-sondages.fr/notices/files/notices/2022/octobre/9681-pdt-ifop-jdd.pdf,/notices/medias/fichiers/add/1637,2022-11-02 16:10:38,2022-10-28 16:42:03+02:00
9682-mun-nice-ifop.pdf,Mun,2023.0,9682 Mun. Nice Ifop,archives/2023/fevrier/9682-mun-nice-ifop.pdf,,archives/2023/fevrier/,http://www.commission-des-sondages.fr/notices/files/notices/2023/fevrier/9682-mun-nice-ifop.pdf,/notices/medias/fichiers/add/1638,2023-03-08 14:40:47,2023-03-01 18:38:39+01:00
9683-leg-23-hi-challenges.pdf,Leg,2023.0,9683 LEG 23 HI Challenges,archives/2023/mars/9683-leg-23-hi-challenges.pdf,,archives/2023/mars/,http://www.commission-des-sondages.fr/notices/files/notices/2023/mars/9683-leg-23-hi-challenges.pdf,/notices/medias/fichiers/add/1639,2023-03-15 18:16:49,2023-03-15 11:11:13+01:00
9684-leg-ifop-jdd.pdf,Leg,2023.0,9684 Leg. Ifop JDD,archives/2023/mars/9684-leg-ifop-jdd.pdf,,archives/2023/mars/,http://www.commission-des-sondages.fr/notices/files/notices/2023/mars/9684-leg-ifop-jdd.pdf,/notices/medias/fichiers/add/1640,2023-03-27 12:51:17,2023-03-27 11:07:26+02:00
9685-pres-leg-5-avril-elabe-bfm.pdf,Pres,2023.0,9685 Pres. Leg  5 avril ELABE BFM,archives/2023/avril/9685-pres-leg-5-avril-elabe-bfm.pdf,,archives/2023/avril/,http://www.commission-des-sondages.fr/notices/files/notices/2023/avril/9685-pres-leg-5-avril-elabe-bfm.pdf,/notices/medias/fichiers/add/1641,2023-04-06 08:39:33,2023-04-05 16:25:41+02:00
9686-pres-ifop-7-04-fig-mag-sud-radio.pdf,Pres,2023.0,9686 Pres Ifop 7-04 Fig mag Sud Radio ,archives/2023/avril/9686-pres-ifop-7-04-fig-mag-sud-radio.pdf,,archives/2023/avril/,http://www.commission-des-sondages.fr/notices/files/notices/2023/avril/9686-pres-ifop-7-04-fig-mag-sud-radio.pdf,/notices/medias/fichiers/add/1642,2023-04-06 09:20:24,2023-04-03 18:22:10+02:00
9687-pres-odoxa-le-quotidien.pdf,Pres,2023.0,9687 pres Odoxa le quotidien,archives/2023/avril/9687-pres-odoxa-le-quotidien.pdf,,archives/2023/avril/,http://www.commission-des-sondages.fr/notices/files/notices/2023/avril/9687-pres-odoxa-le-quotidien.pdf,/notices/medias/fichiers/add/1643,2023-04-06 17:48:29,2023-04-06 18:01:18+02:00
9688-pres-hi-challenges.pdf,Pres,2023.0,9688 Pres. HI  challenges,archives/2023/avril/9688-pres-hi-challenges.pdf,,archives/2023/avril/,http://www.commission-des-sondages.fr/notices/files/notices/2023/avril/9688-pres-hi-challenges.pdf,/notices/medias/fichiers/add/1645,2023-04-29 10:43:42,2023-04-12 11:19:52+02:00
9689-pres-ow-le-figaro-magazine.pdf,Pres,2023.0,9689 Pres. OW Le Figaro magazine,archives/2023/avril/9689-pres-ow-le-figaro-magazine.pdf,,archives/2023/avril/,http://www.commission-des-sondages.fr/notices/files/notices/2023/avril/9689-pres-ow-le-figaro-magazine.pdf,/notices/medias/fichiers/add/1644,2023-04-29 10:40:37,2023-04-28 08:45:04+00:00
9690-eur-ifop-jdd-du-14-mai.pdf,,2023.0,9690 Eur. Ifop JDD du 14 mai,archives/2023/mai/9690-eur-ifop-jdd-du-14-mai.pdf,,archives/2023/mai/,http://www.commission-des-sondages.fr/notices/files/notices/2023/mai/9690-eur-ifop-jdd-du-14-mai.pdf,/notices/medias/fichiers/add/1646,2023-05-15 13:43:00,2023-05-15 12:19:34+02:00
9691-eur-hi-eelv.pdf,,2023.0,9691-Eur.-HI.-EELV,archives/2023/mai/9691-eur-hi-eelv.pdf,,archives/2023/mai/,http://www.commission-des-sondages.fr/notices/files/notices/2023/mai/9691-eur-hi-eelv.pdf,/notices/medias/fichiers/add/1650,2023-05-23 08:23:03,2023-05-16 19:37:49+02:00
9692-kantar-public-europeennes-2024-le-rapport-de-force-electoral-juin-2023.pdf,,2023.0,9692 Kantar-Public-Européennes-2024-Le-rapport-de-force-électoral-Juin-2023,archives/2023/juin/9692-kantar-public-europeennes-2024-le-rapport-de-force-electoral-juin-2023.pdf,,archives/2023/juin/,http://www.commission-des-sondages.fr/notices/files/notices/2023/juin/9692-kantar-public-europeennes-2024-le-rapport-de-force-electoral-juin-2023.pdf,/notices/medias/fichiers/add/1651,2023-07-02 11:20:41,2023-06-21 14:00:39+02:00
9693-elabe-l-opinion-25-juin-23.pdf,,2023.0,9693 Elabe l'opinion 25 juin 23,archives/2023/juin/9693-elabe-l-opinion-25-juin-23.pdf,,archives/2023/juin/,http://www.commission-des-sondages.fr/notices/files/notices/2023/juin/9693-elabe-l-opinion-25-juin-23.pdf,/notices/medias/fichiers/add/1652,2023-07-02 11:20:47,2023-06-22 14:51:56+02:00
9694-ipsos-le-monde-cevipof-panel-electora-l-vague-1-le-1er-juillet.pdf,,2023.0,"9694 Ipsos Le Monde Cevipof - Panel électora l Vague 1, le 1er juillet ",archives/2023/juillet/9694-ipsos-le-monde-cevipof-panel-electora-l-vague-1-le-1er-juillet.pdf,,archives/2023/juillet/,http://www.commission-des-sondages.fr/notices/files/notices/2023/juillet/9694-ipsos-le-monde-cevipof-panel-electora-l-vague-1-le-1er-juillet.pdf,/notices/medias/fichiers/add/1653,2023-07-02 11:21:21,2023-06-30 17:05:56+02:00
9695-opinionway-le-parisien-2-juillet-2023.pdf,,2023.0,9695 OpinionWay - Le Parisien 2 Juillet 2023,archives/2023/juillet/9695-opinionway-le-parisien-2-juillet-2023.pdf,,archives/2023/juillet/,http://www.commission-des-sondages.fr/notices/files/notices/2023/juillet/9695-opinionway-le-parisien-2-juillet-2023.pdf,/notices/medias/fichiers/add/1655,2023-07-03 13:00:53,2023-07-03 10:17:25+00:00
9696-eur-c17-lfi.pdf,,2023.0,9696 Eur C17 LFI,archives/2023/aout/9696-eur-c17-lfi.pdf,,archives/2023/aout/,http://www.commission-des-sondages.fr/notices/files/notices/2023/aout/9696-eur-c17-lfi.pdf,/notices/medias/fichiers/add/1658,2023-09-15 10:43:21,2023-08-21 17:47:13+02:00
9697-droite-opinionway-le-parisien-3-septembre-2023.pdf,,2023.0,9697 droite OpinionWay Le Parisien - 3 Septembre 2023,archives/2023/septembre/9697-droite-opinionway-le-parisien-3-septembre-2023.pdf,,archives/2023/septembre/,http://www.commission-des-sondages.fr/notices/files/notices/2023/septembre/9697-droite-opinionway-le-parisien-3-septembre-2023.pdf,/notices/medias/fichiers/add/1656,2023-09-05 12:01:17,2023-09-04 09:07:49+00:00
9698-eur-ifop-jdd-3-sept-23.pdf,,2023.0,9698 Eur. Ifop JDD 3 sept 23,archives/2023/septembre/9698-eur-ifop-jdd-3-sept-23.pdf,,archives/2023/septembre/,http://www.commission-des-sondages.fr/notices/files/notices/2023/septembre/9698-eur-ifop-jdd-3-sept-23.pdf,/notices/medias/fichiers/add/1657,2023-09-05 12:01:24,2023-09-05 12:12:34+02:00
9699-pdt-baro-odoxa-pqr-26-septembre-2023.pdf,,2023.0,9699 Pdt Baro Odoxa PQR 26 septembre 2023,archives/2023/septembre/9699-pdt-baro-odoxa-pqr-26-septembre-2023.pdf,,archives/2023/septembre/,http://www.commission-des-sondages.fr/notices/files/notices/2023/septembre/9699-pdt-baro-odoxa-pqr-26-septembre-2023.pdf,/notices/medias/fichiers/add/1659,2023-09-27 17:09:52,2023-09-27 17:42:04+02:00
9700-europeennes-ifop-le-figaro-sud-radio-18-oct.pdf,,2023.0,9700 européennes Ifop Le Figaro Sud radio 18 oct,archives/2023/octobre/9700-europeennes-ifop-le-figaro-sud-radio-18-oct.pdf,,archives/2023/octobre/,http://www.commission-des-sondages.fr/notices/files/notices/2023/octobre/9700-europeennes-ifop-le-figaro-sud-radio-18-oct.pdf,/notices/medias/fichiers/add/1660,2023-10-18 11:38:43,2023-10-18 12:28:43+02:00
9701-cluster-17-nupes-le-point-25-octobre.pdf,,2023.0,9701 Cluster 17  NUPES Le Point 25 octobre,archives/2023/octobre/9701-cluster-17-nupes-le-point-25-octobre.pdf,,archives/2023/octobre/,http://www.commission-des-sondages.fr/notices/files/notices/2023/octobre/9701-cluster-17-nupes-le-point-25-octobre.pdf,/notices/medias/fichiers/add/1662,2023-11-01 09:51:00,2023-10-23 12:31:10+02:00
9702-eur-ipsos-la-tribune-dimanche-10-nov-2023.pdf,,2023.0,9702 Eur Ipsos - La Tribune Dimanche - 10 nov 2023,archives/2023/novembre/9702-eur-ipsos-la-tribune-dimanche-10-nov-2023.pdf,,archives/2023/novembre/,http://www.commission-des-sondages.fr/notices/files/notices/2023/novembre/9702-eur-ipsos-la-tribune-dimanche-10-nov-2023.pdf,/notices/medias/fichiers/add/1663,2023-11-22 12:34:40,2023-11-10 18:42:09+01:00
9703-1-mun-mulhouse-ow-lalsace-23-novembre.pdf,Mun,2023.0,9703-1 Mun Mulhouse OW Lalsace 23 novembre,archives/2023/novembre/9703-1-mun-mulhouse-ow-lalsace-23-novembre.pdf,,archives/2023/novembre/,http://www.commission-des-sondages.fr/notices/files/notices/2023/novembre/9703-1-mun-mulhouse-ow-lalsace-23-novembre.pdf,/notices/medias/fichiers/add/1933,2025-06-12 12:36:55,2025-06-12 12:21:59+00:00
9703-eurotrack-opinionway-les-echos-radio-classique-novembre-2023.pdf,,2023.0,9703 Eurotrack OpinionWay les échos Radio Classique - Novembre 2023,archives/2023/novembre/9703-eurotrack-opinionway-les-echos-radio-classique-novembre-2023.pdf,,archives/2023/novembre/,http://www.commission-des-sondages.fr/notices/files/notices/2023/novembre/9703-eurotrack-opinionway-les-echos-radio-classique-novembre-2023.pdf,/notices/medias/fichiers/add/1664,2023-11-22 12:34:46,2023-11-21 12:40:25+00:00
9704-ipsos-le-monde-cevipof-dec.pdf,,2023.0,9704 Ipsos Le Monde Cevipof - dec ,archives/2023/decembre/9704-ipsos-le-monde-cevipof-dec.pdf,,archives/2023/decembre/,http://www.commission-des-sondages.fr/notices/files/notices/2023/decembre/9704-ipsos-le-monde-cevipof-dec.pdf,/notices/medias/fichiers/add/1665,2023-12-18 11:13:50,2023-12-15 12:40:15+01:00
9705-leg-ifop-sud-radio-17-decembre.pdf,Leg,2023.0,9705 leg Ifop Sud radio 17 décembre,archives/2023/decembre/9705-leg-ifop-sud-radio-17-decembre.pdf,,archives/2023/decembre/,http://www.commission-des-sondages.fr/notices/files/notices/2023/decembre/9705-leg-ifop-sud-radio-17-decembre.pdf,/notices/medias/fichiers/add/1667,2023-12-18 17:28:52,2023-12-15 15:51:26+01:00
9706-eur-odoxa-pqr-19-decembre.pdf,,2023.0,9706 Eur Odoxa PQR 19 décembre,archives/2023/decembre/9706-eur-odoxa-pqr-19-decembre.pdf,,archives/2023/decembre/,http://www.commission-des-sondages.fr/notices/files/notices/2023/decembre/9706-eur-odoxa-pqr-19-decembre.pdf,/notices/medias/fichiers/add/1669,2023-12-19 23:21:29,2023-12-18 17:17:20+01:00
9707-eur-ifop-fiducial-sud-radio-15-decembre.pdf,,2023.0,9707 eur Ifop Fiducial Sud-Radio 15 décembre,archives/2023/decembre/9707-eur-ifop-fiducial-sud-radio-15-decembre.pdf,,archives/2023/decembre/,http://www.commission-des-sondages.fr/notices/files/notices/2023/decembre/9707-eur-ifop-fiducial-sud-radio-15-decembre.pdf,/notices/medias/fichiers/add/1668,2023-12-18 17:30:03,2023-12-15 15:50:55+01:00
9708-eur-eurotrack-opinionway-les-echos-20-decembre-23.pdf,,2023.0,9708 Eur Eurotrack OpinionWay Les Échos  20 décembre 23,archives/2023/decembre/9708-eur-eurotrack-opinionway-les-echos-20-decembre-23.pdf,,archives/2023/decembre/,http://www.commission-des-sondages.fr/notices/files/notices/2023/decembre/9708-eur-eurotrack-opinionway-les-echos-20-decembre-23.pdf,/notices/medias/fichiers/add/1670,2023-12-19 23:21:44,2023-12-19 14:37:49+00:00
9709-eur-elabe-bfmtv-13-01.pdf,,2024.0,9709 Eur. Elabe Bfmtv 13-01,archives/2024/janvier/9709-eur-elabe-bfmtv-13-01.pdf,,archives/2024/janvier/,http://www.commission-des-sondages.fr/notices/files/notices/2024/janvier/9709-eur-elabe-bfmtv-13-01.pdf,/notices/medias/fichiers/add/1671,2024-01-15 10:51:16,2024-01-13 10:28:30+01:00
9710-pdt-ifop-jdd-15-01.pdf,,2024.0,9710 Pdt. Ifop Jdd 15-01,archives/2024/janvier/9710-pdt-ifop-jdd-15-01.pdf,,archives/2024/janvier/,http://www.commission-des-sondages.fr/notices/files/notices/2024/janvier/9710-pdt-ifop-jdd-15-01.pdf,/notices/medias/fichiers/add/1672,2024-01-15 10:51:21,2024-01-12 17:41:07+01:00
9711-eur-c17-le-point-15-janvier.pdf,,2024.0,9711 Eur. C17 Le Point 15 janvier,archives/2024/janvier/9711-eur-c17-le-point-15-janvier.pdf,,archives/2024/janvier/,http://www.commission-des-sondages.fr/notices/files/notices/2024/janvier/9711-eur-c17-le-point-15-janvier.pdf,/notices/medias/fichiers/add/1673,2024-01-15 10:51:29,2024-01-14 22:31:01+01:00
9713-eur-hi-challenges.pdf,,2024.0,9713 eur HI Challenges,archives/2024/janvier/9713-eur-hi-challenges.pdf,,archives/2024/janvier/,http://www.commission-des-sondages.fr/notices/files/notices/2024/janvier/9713-eur-hi-challenges.pdf,/notices/medias/fichiers/add/1674,2024-01-20 10:42:49,2024-01-19 12:00:20+01:00
9714-eurotrack-les-echos-radio-classique-23-janvier.pdf,,2024.0,9714 Eurotrack les échos Radio classique 23 janvier,archives/2024/janvier/9714-eurotrack-les-echos-radio-classique-23-janvier.pdf,,archives/2024/janvier/,http://www.commission-des-sondages.fr/notices/files/notices/2024/janvier/9714-eurotrack-les-echos-radio-classique-23-janvier.pdf,/notices/medias/fichiers/add/1834,2024-06-22 10:29:28,2024-01-23 10:03:03+00:00
9715-pdtielle-ifop-valeurs-actuelles-7-fevrier.pdf,,2024.0,9715 Pdt Ifop Valeurs Actuelles 7 février,archives/2024/fevrier/9715-pdtielle-ifop-valeurs-actuelles-7-fevrier.pdf,,archives/2024/fevrier/,http://www.commission-des-sondages.fr/notices/files/notices/2024/fevrier/9715-pdtielle-ifop-valeurs-actuelles-7-fevrier.pdf,/notices/medias/fichiers/add/1675,2024-02-16 16:28:25,2024-02-07 11:52:05+01:00
9717-eur-elabe-bfm-10-02.pdf,,2024.0,9717 Eur Elabe Bfm 10-02,archives/2024/fevrier/9717-eur-elabe-bfm-10-02.pdf,,archives/2024/fevrier/,http://www.commission-des-sondages.fr/notices/files/notices/2024/fevrier/9717-eur-elabe-bfm-10-02.pdf,/notices/medias/fichiers/add/1677,2024-02-16 16:28:41,2024-02-10 11:41:52+01:00
9718-eur-ifop-lci-le-figaro-sud-radio-12-02.pdf,,2024.0,9718  Eur Ifop Lci Le Figaro Sud radio 12-02,archives/2024/fevrier/9718-eur-ifop-lci-le-figaro-sud-radio-12-02.pdf,,archives/2024/fevrier/,http://www.commission-des-sondages.fr/notices/files/notices/2024/fevrier/9718-eur-ifop-lci-le-figaro-sud-radio-12-02.pdf,/notices/medias/fichiers/add/1678,2024-02-16 16:28:45,2024-02-12 14:54:44+01:00
9719-pdt-prim-majo-backbone-le-figaro.pdf,Prim,2024.0,9719 Pdt Prim. Majo Backbone le Figaro,archives/2024/fevrier/9719-pdt-prim-majo-backbone-le-figaro.pdf,,archives/2024/fevrier/,http://www.commission-des-sondages.fr/notices/files/notices/2024/fevrier/9719-pdt-prim-majo-backbone-le-figaro.pdf,/notices/medias/fichiers/add/1679,2024-02-16 16:28:51,2024-02-16 12:33:35+01:00
9720-eurotrack-opinionway-les-echos-20-02.pdf,,2024.0,9720 Eurotrack OpinionWay - les Échos- 20-02,archives/2024/fevrier/9720-eurotrack-opinionway-les-echos-20-02.pdf,,archives/2024/fevrier/,http://www.commission-des-sondages.fr/notices/files/notices/2024/fevrier/9720-eurotrack-opinionway-les-echos-20-02.pdf,/notices/medias/fichiers/add/1681,2024-02-27 17:51:31,2024-02-20 11:07:25+00:00
9721-eur-odoxa-mascaret-public-senat-pqr.pdf,,2024.0,9721 Eur Odoxa Mascaret Public Sénat PQR ,archives/2024/fevrier/9721-eur-odoxa-mascaret-public-senat-pqr.pdf,,archives/2024/fevrier/,http://www.commission-des-sondages.fr/notices/files/notices/2024/fevrier/9721-eur-odoxa-mascaret-public-senat-pqr.pdf,/notices/medias/fichiers/add/1682,2024-02-27 17:51:37,2024-02-26 17:09:28+01:00
9722-eur-bva-rtl-vague-1-29-02.pdf,,2024.0,9722 EUR BVA RTL - vague 1 - 29-02,archives/2024/fevrier/9722-eur-bva-rtl-vague-1-29-02.pdf,,archives/2024/fevrier/,http://www.commission-des-sondages.fr/notices/files/notices/2024/fevrier/9722-eur-bva-rtl-vague-1-29-02.pdf,/notices/medias/fichiers/add/1683,2024-03-04 17:14:27,2024-02-28 19:20:54+01:00
9723-eur-verian-le-figaro-magazine-1-03.pdf,,2024.0,9723 Eur Verian Le Figaro Magazine 1-03,archives/2024/mars/9723-eur-verian-le-figaro-magazine-1-03.pdf,,archives/2024/mars/,http://www.commission-des-sondages.fr/notices/files/notices/2024/mars/9723-eur-verian-le-figaro-magazine-1-03.pdf,/notices/medias/fichiers/add/1684,2024-03-04 17:14:47,2024-03-01 13:32:49+01:00
9724-eur-ifop-jdd-le-3-3-24.pdf,,2024.0,"9724 eur, Ifop Jdd le 3-3-24",archives/2024/mars/9724-eur-ifop-jdd-le-3-3-24.pdf,,archives/2024/mars/,http://www.commission-des-sondages.fr/notices/files/notices/2024/mars/9724-eur-ifop-jdd-le-3-3-24.pdf,/notices/medias/fichiers/add/1685,2024-03-07 22:01:34,2024-03-07 18:41:33+01:00
9725-eur-ipsos-le-monde-cevipof-vague-3-le-11-mars-2024.pdf,,2024.0,"9725 Eur Ipsos Le Monde Cevipof Vague 3, le 11 mars 2024",archives/2024/mars/9725-eur-ipsos-le-monde-cevipof-vague-3-le-11-mars-2024.pdf,,archives/2024/mars/,http://www.commission-des-sondages.fr/notices/files/notices/2024/mars/9725-eur-ipsos-le-monde-cevipof-vague-3-le-11-mars-2024.pdf,/notices/medias/fichiers/add/1686,2024-03-27 16:01:39,2024-03-08 17:57:04+01:00
9726-eur-elabe-bfmtv-9-03-24.pdf,,2024.0,9726 Eur Elabe Bfmtv 9:03:24,archives/2024/mars/9726-eur-elabe-bfmtv-9-03-24.pdf,,archives/2024/mars/,http://www.commission-des-sondages.fr/notices/files/notices/2024/mars/9726-eur-elabe-bfmtv-9-03-24.pdf,/notices/medias/fichiers/add/1687,2024-03-27 16:01:45,2024-03-09 18:29:26+01:00
9727-eur-c17-le-point-13-3-24.pdf,,2024.0,9727 eur C17 Le Point 13-3-24,archives/2024/mars/9727-eur-c17-le-point-13-3-24.pdf,,archives/2024/mars/,http://www.commission-des-sondages.fr/notices/files/notices/2024/mars/9727-eur-c17-le-point-13-3-24.pdf,/notices/medias/fichiers/add/1688,2024-03-27 16:01:51,2024-03-11 11:42:13+01:00
9730-eur-ipsos-euronews-19-mars.pdf,,2024.0,9730 Eur. Ipsos Euronews 19 mars,archives/2024/mars/9730-eur-ipsos-euronews-19-mars.pdf,,archives/2024/mars/,http://www.commission-des-sondages.fr/notices/files/notices/2024/mars/9730-eur-ipsos-euronews-19-mars.pdf,/notices/medias/fichiers/add/1689,2024-03-27 16:03:17,2024-03-18 18:12:22+01:00
9731-eur-ow-les-echos-le-19-mars.pdf,,2024.0,9731 Eur OW Les échos le 19 mars,archives/2024/mars/9731-eur-ow-les-echos-le-19-mars.pdf,,archives/2024/mars/,http://www.commission-des-sondages.fr/notices/files/notices/2024/mars/9731-eur-ow-les-echos-le-19-mars.pdf,/notices/medias/fichiers/add/1690,2024-03-27 16:03:22,2024-03-18 10:37:49+00:00
9732-eur-hi-challenges-m6-rtl-vague-2-le-20-mars.pdf,,2024.0,9732 eur HI Challenges M6 RTL - Vague 2 le 20 mars,archives/2024/mars/9732-eur-hi-challenges-m6-rtl-vague-2-le-20-mars.pdf,,archives/2024/mars/,http://www.commission-des-sondages.fr/notices/files/notices/2024/mars/9732-eur-hi-challenges-m6-rtl-vague-2-le-20-mars.pdf,/notices/medias/fichiers/add/1691,2024-03-27 16:03:27,2024-03-20 13:12:16+01:00
9733-paris-ipsos-la-tribune-dimanche-24-mars-2024.pdf,,2024.0,9733 Paris  Ipsos  - La Tribune Dimanche - 24-Mars 2024,archives/2024/mars/9733-paris-ipsos-la-tribune-dimanche-24-mars-2024.pdf,,archives/2024/mars/,http://www.commission-des-sondages.fr/notices/files/notices/2024/mars/9733-paris-ipsos-la-tribune-dimanche-24-mars-2024.pdf,/notices/medias/fichiers/add/1692,2024-03-27 16:04:24,2024-03-23 19:03:13+01:00
9734-eur-ifop-le-figaro-25-mars.pdf,,2024.0,9734 eur Ifop le figaro 25 mars ,archives/2024/mars/9734-eur-ifop-le-figaro-25-mars.pdf,,archives/2024/mars/,http://www.commission-des-sondages.fr/notices/files/notices/2024/mars/9734-eur-ifop-le-figaro-25-mars.pdf,/notices/medias/fichiers/add/1693,2024-03-27 16:05:07,2024-03-25 17:30:18+01:00
9735-eur-harris-interactive-challenges-m6-rtl-vague-3-27-mars.pdf,,2024.0,"9735 Eur Harris Interactive - Challenges M6 RTL, Vague 3, 27 mars",archives/2024/mars/9735-eur-harris-interactive-challenges-m6-rtl-vague-3-27-mars.pdf,,archives/2024/mars/,http://www.commission-des-sondages.fr/notices/files/notices/2024/mars/9735-eur-harris-interactive-challenges-m6-rtl-vague-3-27-mars.pdf,/notices/medias/fichiers/add/1694,2024-03-27 16:06:39,2024-03-26 18:28:20+01:00
9475-eur-ifop-roll-le-figaro-15-avril.pdf,,2024.0,9745 Eur Ifop roll  le Figaro 15 avril,archives/2024/avril/9475-eur-ifop-roll-le-figaro-15-avril.pdf,,archives/2024/avril/,http://www.commission-des-sondages.fr/notices/files/notices/2024/avril/9475-eur-ifop-roll-le-figaro-15-avril.pdf,/notices/medias/fichiers/add/1703,2024-04-17 15:12:12,2024-04-15 14:58:42+02:00
9737-eur-hi-challenges-rtl-m6vague-4.pdf,,2024.0,9737 Eur HI Challenges RTL M6Vague 4,archives/2024/avril/9737-eur-hi-challenges-rtl-m6vague-4.pdf,,archives/2024/avril/,http://www.commission-des-sondages.fr/notices/files/notices/2024/avril/9737-eur-hi-challenges-rtl-m6vague-4.pdf,/notices/medias/fichiers/add/1695,2024-04-08 13:17:44,2024-04-02 19:17:13+02:00
9738-eur-elabe-bfm-6-avril.pdf,,2024.0,9738 Eur ELABE BFM 6 Avril,archives/2024/avril/9738-eur-elabe-bfm-6-avril.pdf,,archives/2024/avril/,http://www.commission-des-sondages.fr/notices/files/notices/2024/avril/9738-eur-elabe-bfm-6-avril.pdf,/notices/medias/fichiers/add/1696,2024-04-08 13:17:48,2024-04-06 09:31:40+02:00
9739-paris-ifop-le-figaro.pdf,,2024.0,9739 Paris Ifop- le Figaro,archives/2024/avril/9739-paris-ifop-le-figaro.pdf,,archives/2024/avril/,http://www.commission-des-sondages.fr/notices/files/notices/2024/avril/9739-paris-ifop-le-figaro.pdf,/notices/medias/fichiers/add/1697,2024-04-08 13:17:55,2024-04-08 12:09:40+02:00
9740-eur-opinionway-cnews-8-avril-2024.pdf,,2024.0,9740 Eur OpinionWay -Cnews 8 Avril 2024,archives/2024/avril/9740-eur-opinionway-cnews-8-avril-2024.pdf,,archives/2024/avril/,http://www.commission-des-sondages.fr/notices/files/notices/2024/avril/9740-eur-opinionway-cnews-8-avril-2024.pdf,/notices/medias/fichiers/add/1698,2024-04-11 17:04:50,2024-04-08 11:50:43+00:00
9741-eur-harris-interactive-challenges-m6-rtl-vague-5.pdf,,2024.0,9741  Eur. Harris Interactive - Challenges M6 RTL  Vague 5,archives/2024/avril/9741-eur-harris-interactive-challenges-m6-rtl-vague-5.pdf,,archives/2024/avril/,http://www.commission-des-sondages.fr/notices/files/notices/2024/avril/9741-eur-harris-interactive-challenges-m6-rtl-vague-5.pdf,/notices/medias/fichiers/add/1699,2024-04-11 17:05:04,2024-04-09 18:01:41+02:00
9742-eur-ifop-roll-v4-le-11-avril.pdf,,2024.0,9742 Eur ifop roll V4 le 11 avril,archives/2024/avril/9742-eur-ifop-roll-v4-le-11-avril.pdf,,archives/2024/avril/,http://www.commission-des-sondages.fr/notices/files/notices/2024/avril/9742-eur-ifop-roll-v4-le-11-avril.pdf,/notices/medias/fichiers/add/1700,2024-04-11 17:05:11,2024-04-11 16:34:54+02:00
9743-ifop-roll-le-figarp-12-avril.pdf,,2024.0,9743 Eur. Ifop Roll le Figaro Lci Sud-Radio 12 avril,archives/2024/avril/9743-ifop-roll-le-figarp-12-avril.pdf,,archives/2024/avril/,http://www.commission-des-sondages.fr/notices/files/notices/2024/avril/9743-ifop-roll-le-figarp-12-avril.pdf,/notices/medias/fichiers/add/1701,2024-04-12 16:50:47,2024-04-12 14:38:42+02:00
9744-eur-ipsos-radio-france-le-parisien-iv.pdf,,2024.0,9744  Eur. Ipsos Radio France Le Parisien IV,archives/2024/avril/9744-eur-ipsos-radio-france-le-parisien-iv.pdf,,archives/2024/avril/,http://www.commission-des-sondages.fr/notices/files/notices/2024/avril/9744-eur-ipsos-radio-france-le-parisien-iv.pdf,/notices/medias/fichiers/add/1702,2024-04-17 15:11:50,2024-04-12 16:51:55+02:00
9746-eur-ifop-roll-le-figaro-16-avril.pdf,,2024.0,9746 eur Ifop roll Le Figaro 16 avril,archives/2024/avril/9746-eur-ifop-roll-le-figaro-16-avril.pdf,,archives/2024/avril/,http://www.commission-des-sondages.fr/notices/files/notices/2024/avril/9746-eur-ifop-roll-le-figaro-16-avril.pdf,/notices/medias/fichiers/add/1704,2024-04-17 15:12:16,2024-04-16 16:03:48+02:00
9747-eur-harris-interactive-challenges-m6-rtl-vague-6-le-17-avril.pdf,,2024.0,9747 Eur. Harris Interactive - Challenges M6 RTL Vague 6 le 17 avril,archives/2024/avril/9747-eur-harris-interactive-challenges-m6-rtl-vague-6-le-17-avril.pdf,,archives/2024/avril/,http://www.commission-des-sondages.fr/notices/files/notices/2024/avril/9747-eur-harris-interactive-challenges-m6-rtl-vague-6-le-17-avril.pdf,/notices/medias/fichiers/add/1705,2024-04-17 15:12:45,2024-04-16 11:16:04+02:00
9748-eur-c17-le-point-17-avril.pdf,,2024.0,9748 Eur C17 Le Point 17 avril,archives/2024/avril/9748-eur-c17-le-point-17-avril.pdf,,archives/2024/avril/,http://www.commission-des-sondages.fr/notices/files/notices/2024/avril/9748-eur-c17-le-point-17-avril.pdf,/notices/medias/fichiers/add/1707,2024-04-17 15:20:24,2024-04-16 12:29:07+02:00
9749-eur-ifop-fiducial-roll-le-figaro-le-17-avril.pdf,,2024.0,9749 eur. Ifop Fiducial Roll Le Figaro le 17 avril,archives/2024/avril/9749-eur-ifop-fiducial-roll-le-figaro-le-17-avril.pdf,,archives/2024/avril/,http://www.commission-des-sondages.fr/notices/files/notices/2024/avril/9749-eur-ifop-fiducial-roll-le-figaro-le-17-avril.pdf,/notices/medias/fichiers/add/1706,2024-04-17 15:13:35,2024-04-17 16:00:30+02:00
9750-ifop-fiducial-pour-lci-le-figaro-et-sud-radio-rol24-le-18-avril.pdf,,2024.0,"9750  Eur. Ifop-Fiducial pour LCI, Le Figaro et Sud Radio ROL24 le 18 avril",archives/2024/avril/9750-ifop-fiducial-pour-lci-le-figaro-et-sud-radio-rol24-le-18-avril.pdf,,archives/2024/avril/,http://www.commission-des-sondages.fr/notices/files/notices/2024/avril/9750-ifop-fiducial-pour-lci-le-figaro-et-sud-radio-rol24-le-18-avril.pdf,/notices/medias/fichiers/add/1708,2024-04-18 15:06:00,2024-04-18 16:53:14+02:00
9751-eur-ofop-roll-le-figaro-lci-sud-radio-19-avril.pdf,,2024.0,9751 Eur Ifop Roll Le Figaro LCI Sud Radio 19 avril,archives/2024/avril/9751-eur-ofop-roll-le-figaro-lci-sud-radio-19-avril.pdf,,archives/2024/avril/,http://www.commission-des-sondages.fr/notices/files/notices/2024/avril/9751-eur-ofop-roll-le-figaro-lci-sud-radio-19-avril.pdf,/notices/medias/fichiers/add/1709,2024-04-20 07:17:50,2024-04-19 13:01:00+02:00
9752-eur-ow-cnews-le-19-avril.pdf,,2024.0,9752 Eur Ow CNews le 19 avril,archives/2024/avril/9752-eur-ow-cnews-le-19-avril.pdf,,archives/2024/avril/,http://www.commission-des-sondages.fr/notices/files/notices/2024/avril/9752-eur-ow-cnews-le-19-avril.pdf,/notices/medias/fichiers/add/1710,2024-04-20 07:17:54,2024-04-19 13:44:44+00:00
9753-pdt-ruffin-cluster-17-picardie-debout-21-avril-2024.pdf,,2024.0,9753 pdt Ruffin  Cluster 17 Picardie Debout 21 avril 2024,archives/2024/avril/9753-pdt-ruffin-cluster-17-picardie-debout-21-avril-2024.pdf,,archives/2024/avril/,http://www.commission-des-sondages.fr/notices/files/notices/2024/avril/9753-pdt-ruffin-cluster-17-picardie-debout-21-avril-2024.pdf,/notices/medias/fichiers/add/1711,2024-04-21 18:31:41,2024-04-21 17:29:41+02:00
9754-eur-ifop-roll-le-figaro-lci-sud-radio-24-avril.pdf,,2024.0,9754 Eur. Ifop Roll Le Figaro LCI Sud Radio 24 avril ,archives/2024/avril/9754-eur-ifop-roll-le-figaro-lci-sud-radio-24-avril.pdf,,archives/2024/avril/,http://www.commission-des-sondages.fr/notices/files/notices/2024/avril/9754-eur-ifop-roll-le-figaro-lci-sud-radio-24-avril.pdf,/notices/medias/fichiers/add/1712,2024-04-24 16:52:19,2024-04-22 13:01:15+02:00
9755-eur-ifop-fiducial-le-figaro-sur-radio-lci-le-23-avril.pdf,,2024.0,9755 Eur Ifop-Fiducial Le Figaro Sur Radio LCI le 23 avril,archives/2024/avril/9755-eur-ifop-fiducial-le-figaro-sur-radio-lci-le-23-avril.pdf,,archives/2024/avril/,http://www.commission-des-sondages.fr/notices/files/notices/2024/avril/9755-eur-ifop-fiducial-le-figaro-sur-radio-lci-le-23-avril.pdf,/notices/medias/fichiers/add/1713,2024-04-24 16:52:25,2024-04-23 14:26:34+02:00
9756-eur-hi-challenges-m6-rtl-le-23-avril.pdf,,2024.0,9756 Eur HI Challenges M6 RTL le 23 avril,archives/2024/avril/9756-eur-hi-challenges-m6-rtl-le-23-avril.pdf,,archives/2024/avril/,http://www.commission-des-sondages.fr/notices/files/notices/2024/avril/9756-eur-hi-challenges-m6-rtl-le-23-avril.pdf,/notices/medias/fichiers/add/1714,2024-04-24 16:52:32,2024-04-22 18:18:53+02:00
9758-eur-ifop-fiducial-roll-le-figaro-lci-sud-radio-24avril.pdf,,2024.0,9758 Eur Ifop fiducial roll Le figaro Lci Sud Radio - 24avril ,archives/2024/avril/9758-eur-ifop-fiducial-roll-le-figaro-lci-sud-radio-24avril.pdf,,archives/2024/avril/,http://www.commission-des-sondages.fr/notices/files/notices/2024/avril/9758-eur-ifop-fiducial-roll-le-figaro-lci-sud-radio-24avril.pdf,/notices/medias/fichiers/add/1715,2024-04-24 17:44:01,2024-04-24 19:33:08+02:00
9759-bva-arte-26-avril.pdf,,2024.0,9759 Sur BVA Arte 26 avril,archives/2024/avril/9759-bva-arte-26-avril.pdf,,archives/2024/avril/,http://www.commission-des-sondages.fr/notices/files/notices/2024/avril/9759-bva-arte-26-avril.pdf,/notices/medias/fichiers/add/1728,2024-04-30 08:48:23,2024-04-25 15:37:28+02:00
9760-ifop-roll-le-figaro-sud-radio.pdf,,2024.0,9760 Eur Ifop Roll Le figaro Sud Radio,archives/2024/avril/9760-ifop-roll-le-figaro-sud-radio.pdf,,archives/2024/avril/,http://www.commission-des-sondages.fr/notices/files/notices/2024/avril/9760-ifop-roll-le-figaro-sud-radio.pdf,/notices/medias/fichiers/add/1716,2024-04-29 11:06:06,2024-04-25 16:33:11+02:00
9761-ifop-fiducial-roll-le-figaro-lci-sud-radio-26-04.pdf,,2024.0,9761 Eur Ifop Fiducial Roll Le figaro Lci Sud Radio 26-04,archives/2024/avril/9761-ifop-fiducial-roll-le-figaro-lci-sud-radio-26-04.pdf,,archives/2024/avril/,http://www.commission-des-sondages.fr/notices/files/notices/2024/avril/9761-ifop-fiducial-roll-le-figaro-lci-sud-radio-26-04.pdf,/notices/medias/fichiers/add/1718,2024-04-29 11:06:11,2024-04-26 14:49:54+02:00
9762-eur-opinionway-cnews-26-avril-2024.pdf,,2024.0,9762 Eur OpinionWay - CNews 26 avril 2024,archives/2024/avril/9762-eur-opinionway-cnews-26-avril-2024.pdf,,archives/2024/avril/,http://www.commission-des-sondages.fr/notices/files/notices/2024/avril/9762-eur-opinionway-cnews-26-avril-2024.pdf,/notices/medias/fichiers/add/1719,2024-04-29 11:06:15,2024-04-25 16:50:38+00:00
9763-ipsos-le-monde-cevipof-fjj-institut-montaigne-vague-4-le-29-avril.pdf,,2024.0,9763 Eur Ipsos Le Monde Cevipof FJJ Institut Montaigne - Vague 4 Le 29 Avril,archives/2024/avril/9763-ipsos-le-monde-cevipof-fjj-institut-montaigne-vague-4-le-29-avril.pdf,,archives/2024/avril/,http://www.commission-des-sondages.fr/notices/files/notices/2024/avril/9763-ipsos-le-monde-cevipof-fjj-institut-montaigne-vague-4-le-29-avril.pdf,/notices/medias/fichiers/add/1720,2024-04-29 11:06:31,2024-04-26 19:05:20+02:00
9764-eur-bva-rtl-vague-3-le-29-avril.pdf,,2024.0,9764 Eur BVA RTL - vague 3 - Le 29 avril,archives/2024/avril/9764-eur-bva-rtl-vague-3-le-29-avril.pdf,,archives/2024/avril/,http://www.commission-des-sondages.fr/notices/files/notices/2024/avril/9764-eur-bva-rtl-vague-3-le-29-avril.pdf,/notices/medias/fichiers/add/1721,2024-04-29 11:06:31,2024-04-26 20:33:35+02:00
9765-eur-c17-le-point-27-avril-2024.pdf,,2024.0,9765 Eur C17 Le Point 27 avril 2024,archives/2024/avril/9765-eur-c17-le-point-27-avril-2024.pdf,,archives/2024/avril/,http://www.commission-des-sondages.fr/notices/files/notices/2024/avril/9765-eur-c17-le-point-27-avril-2024.pdf,/notices/medias/fichiers/add/1722,2024-04-29 11:06:36,2024-04-27 14:30:25+02:00
9766-pdt-ifop-le-figaro-magazine-26-04.pdf,,2024.0,9766 Pdt Ifop Le Figaro magazine 26-04,archives/2024/avril/9766-pdt-ifop-le-figaro-magazine-26-04.pdf,,archives/2024/avril/,http://www.commission-des-sondages.fr/notices/files/notices/2024/avril/9766-pdt-ifop-le-figaro-magazine-26-04.pdf,/notices/medias/fichiers/add/1723,2024-04-30 08:45:16,2024-04-29 13:15:25+02:00
9767-eur-ifop-le-figaro-lci-sud-radio-le-29-04.pdf,,2024.0,9767 Eur Ifop Le Figaro Lci Sud radio le 29-04,archives/2024/avril/9767-eur-ifop-le-figaro-lci-sud-radio-le-29-04.pdf,,archives/2024/avril/,http://www.commission-des-sondages.fr/notices/files/notices/2024/avril/9767-eur-ifop-le-figaro-lci-sud-radio-le-29-04.pdf,/notices/medias/fichiers/add/1724,2024-04-30 08:45:23,2024-04-29 12:20:49+02:00
9768-eur-hi-challenges-vague-8-le-30-avril.pdf,,2024.0,"9768 Eur HI challenges Vague 8, le 30 avril",archives/2024/avril/9768-eur-hi-challenges-vague-8-le-30-avril.pdf,,archives/2024/avril/,http://www.commission-des-sondages.fr/notices/files/notices/2024/avril/9768-eur-hi-challenges-vague-8-le-30-avril.pdf,/notices/medias/fichiers/add/1725,2024-04-30 08:45:29,2024-04-29 16:56:10+02:00
9769-eur-odoxa-le-mascaret-public-senat-pqr-30-avril.pdf,,2024.0,9769 Eur. Odoxa. Le Mascaret Public Sénat PQR - 30 avril,archives/2024/avril/9769-eur-odoxa-le-mascaret-public-senat-pqr-30-avril.pdf,,archives/2024/avril/,http://www.commission-des-sondages.fr/notices/files/notices/2024/avril/9769-eur-odoxa-le-mascaret-public-senat-pqr-30-avril.pdf,/notices/medias/fichiers/add/1726,2024-04-30 08:47:05,2024-04-29 17:27:54+02:00
9770-eur-opinionway-les-echos-vae-solis-radio-classique-le-30-avril.pdf,,2024.0,9770 Eur OpinionWay les Échos Vae solis radio classique  Le 30 avril,archives/2024/avril/9770-eur-opinionway-les-echos-vae-solis-radio-classique-le-30-avril.pdf,,archives/2024/avril/,http://www.commission-des-sondages.fr/notices/files/notices/2024/avril/9770-eur-opinionway-les-echos-vae-solis-radio-classique-le-30-avril.pdf,/notices/medias/fichiers/add/1727,2024-04-30 08:47:13,2024-04-29 15:05:01+00:00
9771-eur-ifop-fiducial-lci-le-figaro-et-sud-radio-30-avril.pdf,,2024.0,9771 Eur Ifop fiducial LCI Le Figaro et Sud Radio 30 avril,archives/2024/avril/9771-eur-ifop-fiducial-lci-le-figaro-et-sud-radio-30-avril.pdf,,archives/2024/avril/,http://www.commission-des-sondages.fr/notices/files/notices/2024/avril/9771-eur-ifop-fiducial-lci-le-figaro-et-sud-radio-30-avril.pdf,/notices/medias/fichiers/add/1729,2024-04-30 15:32:29,2024-04-30 14:29:35+02:00
9772-eur-ifop-fiducial-le-figaro-lci-sud-radio-le-2-mai.pdf,,2024.0,9772 EUr Ifop Fiducial Le Figaro Lci Sud Radio le 2 mai,archives/2024/mai/9772-eur-ifop-fiducial-le-figaro-lci-sud-radio-le-2-mai.pdf,,archives/2024/mai/,http://www.commission-des-sondages.fr/notices/files/notices/2024/mai/9772-eur-ifop-fiducial-le-figaro-lci-sud-radio-le-2-mai.pdf,/notices/medias/fichiers/add/1730,2024-05-03 16:01:12,2024-05-02 17:05:52+02:00
9773-eur-opinion-way-cnews-3-mai.pdf,,2024.0,9773 eur Opinion Way Cnews 3 mai,archives/2024/mai/9773-eur-opinion-way-cnews-3-mai.pdf,,archives/2024/mai/,http://www.commission-des-sondages.fr/notices/files/notices/2024/mai/9773-eur-opinion-way-cnews-3-mai.pdf,/notices/medias/fichiers/add/1731,2024-05-03 16:01:53,2024-05-03 03:00:04+00:00
9774-eur-ifop-fiducial-le-figaro-lci-sur-radio-le-3-mai.pdf,,2024.0,9774 Eur. Ifop Fiducial Le Figaro LCI Sur Radio le 3 mai,archives/2024/mai/9774-eur-ifop-fiducial-le-figaro-lci-sur-radio-le-3-mai.pdf,,archives/2024/mai/,http://www.commission-des-sondages.fr/notices/files/notices/2024/mai/9774-eur-ifop-fiducial-le-figaro-lci-sur-radio-le-3-mai.pdf,/notices/medias/fichiers/add/1732,2024-05-03 16:02:01,2024-05-03 12:19:41+02:00
9775-eur-cluster-17-le-point-4-mai.pdf,,2024.0,9775 Eur  Cluster 17 Le Point 4 mai,archives/2024/mai/9775-eur-cluster-17-le-point-4-mai.pdf,,archives/2024/mai/,http://www.commission-des-sondages.fr/notices/files/notices/2024/mai/9775-eur-cluster-17-le-point-4-mai.pdf,/notices/medias/fichiers/add/1739,2024-05-07 18:08:25,2024-05-04 11:39:05+02:00
9776-eur-elabe-la-tribune-du-dimanche-bfmtv.pdf,,2024.0,"9776 Eur Elabe La Tribune du dimanche, BFMTV",archives/2024/mai/9776-eur-elabe-la-tribune-du-dimanche-bfmtv.pdf,,archives/2024/mai/,http://www.commission-des-sondages.fr/notices/files/notices/2024/mai/9776-eur-elabe-la-tribune-du-dimanche-bfmtv.pdf,/notices/medias/fichiers/add/1740,2024-05-07 18:08:37,2024-05-03 18:56:18+02:00
9777-eur-ifop-fiducial-pour-le-figaro-lci-sud-radio.pdf,,2024.0,"9777 Eur IFOP Fiducial pour Le Figaro, LCI, Sud Radio",archives/2024/mai/9777-eur-ifop-fiducial-pour-le-figaro-lci-sud-radio.pdf,,archives/2024/mai/,http://www.commission-des-sondages.fr/notices/files/notices/2024/mai/9777-eur-ifop-fiducial-pour-le-figaro-lci-sud-radio.pdf,/notices/medias/fichiers/add/1741,2024-05-07 18:08:44,2024-05-06 12:09:40+02:00
9778-eur-harris-interactive-challenges-rtl-m6-vague-9-le-7-mai.pdf,,2024.0,9778 Eur. Harris Interactive - Challenges RTL M6 Vague 9 le 7 mai,archives/2024/mai/9778-eur-harris-interactive-challenges-rtl-m6-vague-9-le-7-mai.pdf,,archives/2024/mai/,http://www.commission-des-sondages.fr/notices/files/notices/2024/mai/9778-eur-harris-interactive-challenges-rtl-m6-vague-9-le-7-mai.pdf,/notices/medias/fichiers/add/1742,2024-05-07 18:08:54,2024-05-06 18:21:31+02:00
9779-eurotrack-opinionway-les-e-chos-v8-le-7-mai.pdf,,2024.0,9779 eurotrack OpinionWay - Les échos - V8 le 7 mai,archives/2024/mai/9779-eurotrack-opinionway-les-e-chos-v8-le-7-mai.pdf,,archives/2024/mai/,http://www.commission-des-sondages.fr/notices/files/notices/2024/mai/9779-eurotrack-opinionway-les-e-chos-v8-le-7-mai.pdf,/notices/medias/fichiers/add/1753,2024-05-16 20:53:28,2024-05-06 23:05:20+00:00
9780-eur-ifop-le-figaro-7-mai.pdf,,2024.0,9780 Eur ifop le Figaro 7 mai,archives/2024/mai/9780-eur-ifop-le-figaro-7-mai.pdf,,archives/2024/mai/,http://www.commission-des-sondages.fr/notices/files/notices/2024/mai/9780-eur-ifop-le-figaro-7-mai.pdf,/notices/medias/fichiers/add/1744,2024-05-07 18:09:09,2024-05-07 14:31:22+02:00
9781-eur-ifop-roll-le-figaro-lci-sud-radio.pdf,,2024.0,9781 Eur Ifop Roll Le figaro Lci Sud radio,archives/2024/mai/9781-eur-ifop-roll-le-figaro-lci-sud-radio.pdf,,archives/2024/mai/,http://www.commission-des-sondages.fr/notices/files/notices/2024/mai/9781-eur-ifop-roll-le-figaro-lci-sud-radio.pdf,/notices/medias/fichiers/add/1745,2024-05-09 15:09:11,2024-05-09 12:14:21+02:00
9782-barometre-europennes-2024-opinionway-cnews-jdd-europe-110-mai-2024.pdf,,2024.0,9782 Eur. OpinionWay CNews JDD Europe 110 mai 2024,archives/2024/mai/9782-barometre-europennes-2024-opinionway-cnews-jdd-europe-110-mai-2024.pdf,,archives/2024/mai/,http://www.commission-des-sondages.fr/notices/files/notices/2024/mai/9782-barometre-europennes-2024-opinionway-cnews-jdd-europe-110-mai-2024.pdf,/notices/medias/fichiers/add/1746,2024-05-10 16:25:36,2024-05-10 02:44:02+00:00
9783-eur-ifop-roll-le-figaro-lci-sud-radio-10-mai.pdf,,2024.0,9783 Eur ifop roll Le figaro Lci Sud-radio 10 mai,archives/2024/mai/9783-eur-ifop-roll-le-figaro-lci-sud-radio-10-mai.pdf,,archives/2024/mai/,http://www.commission-des-sondages.fr/notices/files/notices/2024/mai/9783-eur-ifop-roll-le-figaro-lci-sud-radio-10-mai.pdf,/notices/medias/fichiers/add/1747,2024-05-17 17:09:29,2024-05-10 15:23:10+02:00
9784-eur-cluster-17-le-point-11-mai.pdf,,2024.0,9784 Eur Cluster 17 Le Point 11 mai,archives/2024/mai/9784-eur-cluster-17-le-point-11-mai.pdf,,archives/2024/mai/,http://www.commission-des-sondages.fr/notices/files/notices/2024/mai/9784-eur-cluster-17-le-point-11-mai.pdf,/notices/medias/fichiers/add/1748,2024-05-17 17:09:39,2024-05-11 10:21:01+02:00
9785-eur-ifop-le-figaro-lci-sud-radio.pdf,,2024.0,9785 eur Ifop Le Figaro lci Sud radio ,archives/2024/mai/9785-eur-ifop-le-figaro-lci-sud-radio.pdf,,archives/2024/mai/,http://www.commission-des-sondages.fr/notices/files/notices/2024/mai/9785-eur-ifop-le-figaro-lci-sud-radio.pdf,/notices/medias/fichiers/add/1749,2024-05-17 17:09:47,2024-05-13 13:02:30+02:00
9786-eur-ifop-le-figaro-lci-sud-radio.pdf,,2024.0,9786 eur Ifop le figaro lci Sud Radio ,archives/2024/mai/9786-eur-ifop-le-figaro-lci-sud-radio.pdf,,archives/2024/mai/,http://www.commission-des-sondages.fr/notices/files/notices/2024/mai/9786-eur-ifop-le-figaro-lci-sud-radio.pdf,/notices/medias/fichiers/add/1750,2024-05-15 13:54:37,2024-05-14 14:49:28+02:00
9787-eur-hi-challenges-m6-rtl.pdf,,2024.0,9787 Eur HI challenges M6 RTL,archives/2024/mai/9787-eur-hi-challenges-m6-rtl.pdf,,archives/2024/mai/,http://www.commission-des-sondages.fr/notices/files/notices/2024/mai/9787-eur-hi-challenges-m6-rtl.pdf,/notices/medias/fichiers/add/1751,2024-05-15 13:54:43,2024-05-14 20:08:09+02:00
9788-eur-ow-les-echos-le-15-mai.pdf,,2024.0,9788 eur OW les Échos le 15 mai,archives/2024/mai/9788-eur-ow-les-echos-le-15-mai.pdf,,archives/2024/mai/,http://www.commission-des-sondages.fr/notices/files/notices/2024/mai/9788-eur-ow-les-echos-le-15-mai.pdf,/notices/medias/fichiers/add/1752,2024-05-15 13:54:50,2024-05-15 05:14:45+00:00
9789-eur-ipsos-radio-france-le-parisien-iv-europ-vague-2-le-15-mai.pdf,,2024.0,9789 eur Ipsos Radio France Le Parisien IV Europ Vague 2 - Le 15 mai,archives/2024/mai/9789-eur-ipsos-radio-france-le-parisien-iv-europ-vague-2-le-15-mai.pdf,,archives/2024/mai/,http://www.commission-des-sondages.fr/notices/files/notices/2024/mai/9789-eur-ipsos-radio-france-le-parisien-iv-europ-vague-2-le-15-mai.pdf,/notices/medias/fichiers/add/1754,2024-05-16 20:56:37,2024-05-15 14:13:18+02:00
9790-eur-ifop-le-figaro-15-mai.pdf,,2024.0,9790 eur Ifop le Figaro 15 mai,archives/2024/mai/9790-eur-ifop-le-figaro-15-mai.pdf,,archives/2024/mai/,http://www.commission-des-sondages.fr/notices/files/notices/2024/mai/9790-eur-ifop-le-figaro-15-mai.pdf,/notices/medias/fichiers/add/1755,2024-05-16 20:56:40,2024-05-15 15:17:58+02:00
9791-eur-ifop-roll-le-figaro-lci-sud-radio.pdf,,2024.0,9791 eur Ifop roll  Le Figaro Lci Sud Radio,archives/2024/mai/9791-eur-ifop-roll-le-figaro-lci-sud-radio.pdf,,archives/2024/mai/,http://www.commission-des-sondages.fr/notices/files/notices/2024/mai/9791-eur-ifop-roll-le-figaro-lci-sud-radio.pdf,/notices/medias/fichiers/add/1756,2024-05-16 20:56:44,2024-05-16 17:05:52+02:00
9792-eur-bva-rtl-vague-4-le-17-mai.pdf,,2024.0,9792 Eur BVA RTL - vague 4 - le 17 mai,archives/2024/mai/9792-eur-bva-rtl-vague-4-le-17-mai.pdf,,archives/2024/mai/,http://www.commission-des-sondages.fr/notices/files/notices/2024/mai/9792-eur-bva-rtl-vague-4-le-17-mai.pdf,/notices/medias/fichiers/add/1757,2024-05-16 20:56:48,2024-05-16 19:58:16+02:00
9794-opinion-way-europe-1-le-jdd-17-mai.pdf,,2024.0,"9794  Eur. Opinion way europe 1 Le JDD, 17 mai",archives/2024/mai/9794-opinion-way-europe-1-le-jdd-17-mai.pdf,,archives/2024/mai/,http://www.commission-des-sondages.fr/notices/files/notices/2024/mai/9794-opinion-way-europe-1-le-jdd-17-mai.pdf,/notices/medias/fichiers/add/1761,2024-05-17 17:11:59,2024-05-16 11:05:52+00:00
9795-eur-ifop-lci-le-figaro-sud-radio-17-mai.pdf,,2024.0,9795 Eur Ifop LCI le Figaro Sud-Radio 17 mai ,archives/2024/mai/9795-eur-ifop-lci-le-figaro-sud-radio-17-mai.pdf,,archives/2024/mai/,http://www.commission-des-sondages.fr/notices/files/notices/2024/mai/9795-eur-ifop-lci-le-figaro-sud-radio-17-mai.pdf,/notices/medias/fichiers/add/1762,2024-05-17 17:12:05,2024-05-17 15:04:08+02:00
9796-eur-cluster-17-le-point-18-mai.pdf,,2024.0,9796 Eur Cluster 17 Le Point 18 mai,archives/2024/mai/9796-eur-cluster-17-le-point-18-mai.pdf,,archives/2024/mai/,http://www.commission-des-sondages.fr/notices/files/notices/2024/mai/9796-eur-cluster-17-le-point-18-mai.pdf,/notices/medias/fichiers/add/1763,2024-05-18 12:03:38,2024-05-18 11:17:10+02:00
9797-eur-elabe-bfm-la-tribiune-dimanche-18-mai.pdf,,2024.0,9797 Eur elabe BFM la Tribiune Dimanche 18 mai,archives/2024/mai/9797-eur-elabe-bfm-la-tribiune-dimanche-18-mai.pdf,,archives/2024/mai/,http://www.commission-des-sondages.fr/notices/files/notices/2024/mai/9797-eur-elabe-bfm-la-tribiune-dimanche-18-mai.pdf,/notices/medias/fichiers/add/1764,2024-05-22 15:03:29,2024-05-17 19:31:26+02:00
9798-eur-opinionway-les-echos-radio-classique-v10.pdf,,2024.0,9798 Eur. OpinionWay - Les Échos Radio Classique- v10,archives/2024/mai/9798-eur-opinionway-les-echos-radio-classique-v10.pdf,,archives/2024/mai/,http://www.commission-des-sondages.fr/notices/files/notices/2024/mai/9798-eur-opinionway-les-echos-radio-classique-v10.pdf,/notices/medias/fichiers/add/1765,2024-05-22 15:03:34,2024-05-21 09:38:53+00:00
9799-eur-hi-challenges-m6-rtl.pdf,,2024.0,9799 eur HI Challenges M6 RTL,archives/2024/mai/9799-eur-hi-challenges-m6-rtl.pdf,,archives/2024/mai/,http://www.commission-des-sondages.fr/notices/files/notices/2024/mai/9799-eur-hi-challenges-m6-rtl.pdf,/notices/medias/fichiers/add/1766,2024-05-22 15:03:38,2024-05-21 12:48:18+02:00
9800-eur-ifop-le-firaro-lci-sud-radio-2-mai.pdf,,2024.0,9800 Eur IFOP Le Firaro LCI Sud-Radio 2& mai,archives/2024/mai/9800-eur-ifop-le-firaro-lci-sud-radio-2-mai.pdf,,archives/2024/mai/,http://www.commission-des-sondages.fr/notices/files/notices/2024/mai/9800-eur-ifop-le-firaro-lci-sud-radio-2-mai.pdf,/notices/medias/fichiers/add/1767,2024-05-22 15:05:14,2024-05-21 14:31:37+02:00
9801-eur-opinionway-pour-cnews-europe-1-le-jdd-19-mai-24.pdf,,2024.0,9801 eur OpinionWay pour CNEWS - Europe 1 - Le JDD 19 mai 24,archives/2024/mai/9801-eur-opinionway-pour-cnews-europe-1-le-jdd-19-mai-24.pdf,,archives/2024/mai/,http://www.commission-des-sondages.fr/notices/files/notices/2024/mai/9801-eur-opinionway-pour-cnews-europe-1-le-jdd-19-mai-24.pdf,/notices/medias/fichiers/add/1768,2024-05-22 15:05:22,2024-05-22 14:12:58+00:00
9802-eur-ifop-le-figaro-lci-le-22-mai.pdf,,2024.0,9802 eur Ifop le Figaro LCI le 22 mai,archives/2024/mai/9802-eur-ifop-le-figaro-lci-le-22-mai.pdf,,archives/2024/mai/,http://www.commission-des-sondages.fr/notices/files/notices/2024/mai/9802-eur-ifop-le-figaro-lci-le-22-mai.pdf,/notices/medias/fichiers/add/1769,2024-05-22 15:05:31,2024-05-22 12:55:22+02:00
9803-eur-viavoice-pour-liberation-24-mai-2024.pdf,,2024.0,9803 Eur Viavoice pour Libération 24 Mai 2024,archives/2024/mai/9803-eur-viavoice-pour-liberation-24-mai-2024.pdf,,archives/2024/mai/,http://www.commission-des-sondages.fr/notices/files/notices/2024/mai/9803-eur-viavoice-pour-liberation-24-mai-2024.pdf,/notices/medias/fichiers/add/1770,2024-05-24 15:20:31,2024-05-23 10:30:16+02:00
9804-eur-ifop-le-figaro-lci-sud-radio-le-23-05-2024.pdf,,2024.0,9804 eur Ifop  Le Figaro Lci Sud-Radio le 23-05-2024 ,archives/2024/mai/9804-eur-ifop-le-figaro-lci-sud-radio-le-23-05-2024.pdf,,archives/2024/mai/,http://www.commission-des-sondages.fr/notices/files/notices/2024/mai/9804-eur-ifop-le-figaro-lci-sud-radio-le-23-05-2024.pdf,/notices/medias/fichiers/add/1771,2024-05-24 15:20:45,2024-05-23 18:10:04+02:00
9805-eur-ipsos-france-televisions-23-05.pdf,,2024.0,9805 eur Ipsos France Télévisions 23-05,archives/2024/mai/9805-eur-ipsos-france-televisions-23-05.pdf,,archives/2024/mai/,http://www.commission-des-sondages.fr/notices/files/notices/2024/mai/9805-eur-ipsos-france-televisions-23-05.pdf,/notices/medias/fichiers/add/1774,2024-05-24 15:25:06,2024-05-23 15:24:42+02:00
9806-eur-ifop-le-figaro-lci-sud-radio.pdf,,2024.0,9806 Eur Ifop Le Figaro Lci Sud-Radio,archives/2024/mai/9806-eur-ifop-le-figaro-lci-sud-radio.pdf,,archives/2024/mai/,http://www.commission-des-sondages.fr/notices/files/notices/2024/mai/9806-eur-ifop-le-figaro-lci-sud-radio.pdf,/notices/medias/fichiers/add/1773,2024-05-24 15:20:57,2024-05-24 15:34:09+02:00
9807-eur-opinionway-cnews-europe-1-le-jdd-24-mai-2024.pdf,,2024.0,9807 Eur OpinionWay - Cnews Europe 1 le JDD - 24 mai 2024,archives/2024/mai/9807-eur-opinionway-cnews-europe-1-le-jdd-24-mai-2024.pdf,,archives/2024/mai/,http://www.commission-des-sondages.fr/notices/files/notices/2024/mai/9807-eur-opinionway-cnews-europe-1-le-jdd-24-mai-2024.pdf,/notices/medias/fichiers/add/1775,2024-05-24 16:56:23,2024-05-24 16:18:35+00:00
9808-eur-cluster-17-le-point-25-mai.pdf,,2024.0,9808 Eur Cluster 17 Le Point 25 mai,archives/2024/mai/9808-eur-cluster-17-le-point-25-mai.pdf,,archives/2024/mai/,http://www.commission-des-sondages.fr/notices/files/notices/2024/mai/9808-eur-cluster-17-le-point-25-mai.pdf,/notices/medias/fichiers/add/1776,2024-05-25 16:42:03,2024-05-25 14:20:09+02:00
9809-eur-elabe-bfm-tv.pdf,,2024.0,9809 Eur Elabe Bfm Tv,archives/2024/mai/9809-eur-elabe-bfm-tv.pdf,,archives/2024/mai/,http://www.commission-des-sondages.fr/notices/files/notices/2024/mai/9809-eur-elabe-bfm-tv.pdf,/notices/medias/fichiers/add/1777,2024-05-27 17:12:24,2024-05-25 16:40:03+02:00
9810-eur-ifop-roll-le-figaro-lci-sud-radio.pdf,,2024.0,9810 eur Ifop Roll Le Figaro LCI Sud Radio,archives/2024/mai/9810-eur-ifop-roll-le-figaro-lci-sud-radio.pdf,,archives/2024/mai/,http://www.commission-des-sondages.fr/notices/files/notices/2024/mai/9810-eur-ifop-roll-le-figaro-lci-sud-radio.pdf,/notices/medias/fichiers/add/1778,2024-05-27 17:12:31,2024-05-27 14:45:04+02:00
9811-eur-odoxa-mascaret-27-mai.pdf,,2024.0,9811 eur Odoxa Mascaret - 27 mai,archives/2024/mai/9811-eur-odoxa-mascaret-27-mai.pdf,,archives/2024/mai/,http://www.commission-des-sondages.fr/notices/files/notices/2024/mai/9811-eur-odoxa-mascaret-27-mai.pdf,/notices/medias/fichiers/add/1780,2024-05-28 16:08:22,2024-05-27 16:56:21+02:00
9812-harris-interactive-challenges-m6-rtl-vague-12-le-27-mai.pdf,,2024.0,"9812 Eur Harris Interactive - Challenges M6 RTL Vague 12, le 27 mai ",archives/2024/mai/9812-harris-interactive-challenges-m6-rtl-vague-12-le-27-mai.pdf,,archives/2024/mai/,http://www.commission-des-sondages.fr/notices/files/notices/2024/mai/9812-harris-interactive-challenges-m6-rtl-vague-12-le-27-mai.pdf,/notices/medias/fichiers/add/1779,2024-05-27 17:13:03,2024-05-27 18:22:42+02:00
9813-eur-ifop-le-figaro-lci-sud-radio-le-28-mai.pdf,,2024.0,9813 eur Ifop Le Figaro LCI  Sud Radio le 28 mai,archives/2024/mai/9813-eur-ifop-le-figaro-lci-sud-radio-le-28-mai.pdf,,archives/2024/mai/,http://www.commission-des-sondages.fr/notices/files/notices/2024/mai/9813-eur-ifop-le-figaro-lci-sud-radio-le-28-mai.pdf,/notices/medias/fichiers/add/1781,2024-05-28 16:10:05,2024-05-28 14:36:52+02:00
9814-harris-interactive-challenges-m6-rtl-vague-13.pdf,,2024.0,9814 Eur Harris Interactive - Challenges M6 RTL Vague 13,archives/2024/mai/9814-harris-interactive-challenges-m6-rtl-vague-13.pdf,,archives/2024/mai/,http://www.commission-des-sondages.fr/notices/files/notices/2024/mai/9814-harris-interactive-challenges-m6-rtl-vague-13.pdf,/notices/medias/fichiers/add/1785,2024-05-29 15:44:39,2024-05-28 18:58:53+02:00
9815-eur-opinionway-les-echos-28-mai-2024-v11.pdf,,2024.0,9815 Eur OpinionWay -les Échos  28 Mai 2024 - v11,archives/2024/mai/9815-eur-opinionway-les-echos-28-mai-2024-v11.pdf,,archives/2024/mai/,http://www.commission-des-sondages.fr/notices/files/notices/2024/mai/9815-eur-opinionway-les-echos-28-mai-2024-v11.pdf,/notices/medias/fichiers/add/1782,2024-05-29 15:43:40,2024-05-28 19:19:07+00:00
9816-eur-ifop-le-figaro-lci-sud-radio-29-mai.pdf,,2024.0,9816 Eur Ifop Le Figaro Lci Sud Radio 29 mai,archives/2024/mai/9816-eur-ifop-le-figaro-lci-sud-radio-29-mai.pdf,,archives/2024/mai/,http://www.commission-des-sondages.fr/notices/files/notices/2024/mai/9816-eur-ifop-le-figaro-lci-sud-radio-29-mai.pdf,/notices/medias/fichiers/add/1783,2024-05-29 15:43:44,2024-05-29 15:04:25+02:00
9817-eur-harris-interactive-challenges-rtl-m6-vague-14-le-29-mai.pdf,,2024.0,"9817 Eur Harris Interactive - Challenges RTL M6 Vague 14, le 29 mai",archives/2024/mai/9817-eur-harris-interactive-challenges-rtl-m6-vague-14-le-29-mai.pdf,,archives/2024/mai/,http://www.commission-des-sondages.fr/notices/files/notices/2024/mai/9817-eur-harris-interactive-challenges-rtl-m6-vague-14-le-29-mai.pdf,/notices/medias/fichiers/add/1786,2024-05-29 22:56:47,2024-05-29 17:12:08+02:00
9818-eur-jeunes-ipsos-brut-et-france-info-30-mai.pdf,,2024.0,9818 Eur Jeunes Ipsos Brut et France Info 30 mai,archives/2024/mai/9818-eur-jeunes-ipsos-brut-et-france-info-30-mai.pdf,,archives/2024/mai/,http://www.commission-des-sondages.fr/notices/files/notices/2024/mai/9818-eur-jeunes-ipsos-brut-et-france-info-30-mai.pdf,/notices/medias/fichiers/add/1787,2024-05-29 22:58:07,2024-05-29 18:47:21+02:00
9819-eur-ifop-le-figaro-lci-et-sud-radio.pdf,,2024.0,9819 eur Ifop Le Figaro LCI et Sud Radio,archives/2024/mai/9819-eur-ifop-le-figaro-lci-et-sud-radio.pdf,,archives/2024/mai/,http://www.commission-des-sondages.fr/notices/files/notices/2024/mai/9819-eur-ifop-le-figaro-lci-et-sud-radio.pdf,/notices/medias/fichiers/add/1788,2024-05-30 15:06:46,2024-05-30 15:46:11+02:00
9820-eur-harris-interactive-challenges-m6-rtl-vague-15-le-30-mai.pdf,,2024.0,9820 Eur Harris Interactive - Challenges M6 RTL Vague 15 le 30 mai,archives/2024/mai/9820-eur-harris-interactive-challenges-m6-rtl-vague-15-le-30-mai.pdf,,archives/2024/mai/,http://www.commission-des-sondages.fr/notices/files/notices/2024/mai/9820-eur-harris-interactive-challenges-m6-rtl-vague-15-le-30-mai.pdf,/notices/medias/fichiers/add/1789,2024-05-30 15:59:09,2024-05-30 17:08:22+02:00
9821-eur-opinionway-cnews-le-jdd-31-mai-2024.pdf,,2024.0,9821 eur  OpinionWay - CNews le Jdd- 31 mai 2024,archives/2024/mai/9821-eur-opinionway-cnews-le-jdd-31-mai-2024.pdf,,archives/2024/mai/,http://www.commission-des-sondages.fr/notices/files/notices/2024/mai/9821-eur-opinionway-cnews-le-jdd-31-mai-2024.pdf,/notices/medias/fichiers/add/1790,2024-05-30 21:15:09,2024-05-30 20:43:51+00:00
9822-eur-ifop-rolling-le-figaro-lci-sur-radio.pdf,,2024.0,9822 eur Ifop Rolling le figaro LCI Sur Radio,archives/2024/mai/9822-eur-ifop-rolling-le-figaro-lci-sur-radio.pdf,,archives/2024/mai/,http://www.commission-des-sondages.fr/notices/files/notices/2024/mai/9822-eur-ifop-rolling-le-figaro-lci-sur-radio.pdf,/notices/medias/fichiers/add/1791,2024-06-02 08:56:13,2024-05-31 15:32:06+02:00
9824-eur-harris-interactive-rolling-chalenges-vague-16-le-31-mai.pdf,,2024.0,9824 eur Harris Interactive - rolling Chalenges  Vague 16 le 31 mai,archives/2024/mai/9824-eur-harris-interactive-rolling-chalenges-vague-16-le-31-mai.pdf,,archives/2024/mai/,http://www.commission-des-sondages.fr/notices/files/notices/2024/mai/9824-eur-harris-interactive-rolling-chalenges-vague-16-le-31-mai.pdf,/notices/medias/fichiers/add/1793,2024-06-02 08:58:15,2024-05-31 19:36:14+02:00
eur-cluster-17-le-point-30-mai.pdf,,2024.0,9825 Eur Cluster 17 Le Point 30 mai,archives/2024/mai/eur-cluster-17-le-point-30-mai.pdf,,archives/2024/mai/,http://www.commission-des-sondages.fr/notices/files/notices/2024/mai/eur-cluster-17-le-point-30-mai.pdf,/notices/medias/fichiers/add/1792,2024-06-02 08:56:26,2024-06-01 11:37:09+02:00
9823-eur-ipsos-cevipof-le-monde.pdf,,2024.0,9823 eur Ipsos Cevipof Le Monde,archives/2024/juin/9823-eur-ipsos-cevipof-le-monde.pdf,,archives/2024/juin/,http://www.commission-des-sondages.fr/notices/files/notices/2024/juin/9823-eur-ipsos-cevipof-le-monde.pdf,/notices/medias/fichiers/add/1796,2024-06-03 15:09:17,2024-05-31 19:19:04+02:00
9823-eur-ipsos-cevipof-le-monde.pdf,,2024.0,9823 eur Ipsos Cevipof Le Monde,archives/2024/juin/9823-eur-ipsos-cevipof-le-monde.pdf,,archives/2024/juin/,http://www.commission-des-sondages.fr/notices/files/notices/2024/juin/9823-eur-ipsos-cevipof-le-monde.pdf,/notices/medias/fichiers/add/2239,2024-06-03 15:09:17,2024-05-31 19:19:04+02:00
9826-eur-elabe-bfmtv-1er-juin.pdf,,2024.0,9826 eur elabe bfmtv 1er juin,archives/2024/juin/9826-eur-elabe-bfmtv-1er-juin.pdf,,archives/2024/juin/,http://www.commission-des-sondages.fr/notices/files/notices/2024/juin/9826-eur-elabe-bfmtv-1er-juin.pdf,/notices/medias/fichiers/add/1794,2024-06-02 08:59:35,2024-05-31 21:22:36+02:00
9827-eur-ifop-rolling-le-figaro-lci-sud-radio-le-3-juin.pdf,,2024.0,9827 eur Ifop Rolling Le Figaro LCI Sud Radio le 3 juin,archives/2024/juin/9827-eur-ifop-rolling-le-figaro-lci-sud-radio-le-3-juin.pdf,,archives/2024/juin/,http://www.commission-des-sondages.fr/notices/files/notices/2024/juin/9827-eur-ifop-rolling-le-figaro-lci-sud-radio-le-3-juin.pdf,/notices/medias/fichiers/add/1795,2024-06-03 15:08:59,2024-06-03 15:45:47+02:00
9828-hi-challenges-rtl-m6-vague-1e-le-3-juin.pdf,,2024.0,9828 HI Challenges RTL M6 Vague 1è le 3 juin,archives/2024/juin/9828-hi-challenges-rtl-m6-vague-1e-le-3-juin.pdf,,archives/2024/juin/,http://www.commission-des-sondages.fr/notices/files/notices/2024/juin/9828-hi-challenges-rtl-m6-vague-1e-le-3-juin.pdf,/notices/medias/fichiers/add/1797,2024-06-03 17:20:37,2024-06-03 18:59:09+02:00
9829-eur-opinionway-les-echos-v12-4-juin-2024.pdf,,2024.0,9829 Eur OpinionWay - les Échos - V12 - 4 Juin 2024,archives/2024/juin/9829-eur-opinionway-les-echos-v12-4-juin-2024.pdf,,archives/2024/juin/,http://www.commission-des-sondages.fr/notices/files/notices/2024/juin/9829-eur-opinionway-les-echos-v12-4-juin-2024.pdf,/notices/medias/fichiers/add/1798,2024-06-04 08:33:18,2024-06-03 19:36:56+00:00
9830-eur-harris-interactive-challenges-vague-18-le-4-juin.pdf,,2024.0,9830 Eur. Harris Interactive - Challenges Vague 18 le 4 juin,archives/2024/juin/9830-eur-harris-interactive-challenges-vague-18-le-4-juin.pdf,,archives/2024/juin/,http://www.commission-des-sondages.fr/notices/files/notices/2024/juin/9830-eur-harris-interactive-challenges-vague-18-le-4-juin.pdf,/notices/medias/fichiers/add/1799,2024-06-04 16:30:47,2024-06-04 16:10:21+02:00
9831-eur-ifop-le-figaro-lci-sud-radio.pdf,,2024.0,9831 eur ifop Le figaro lci Sud Radio,archives/2024/juin/9831-eur-ifop-le-figaro-lci-sud-radio.pdf,,archives/2024/juin/,http://www.commission-des-sondages.fr/notices/files/notices/2024/juin/9831-eur-ifop-le-figaro-lci-sud-radio.pdf,/notices/medias/fichiers/add/1800,2024-06-04 16:30:50,2024-06-04 14:55:03+02:00
9832-eur-ifop-le-figaro-lci-sud-radio-le-5-juin.pdf,,2024.0,"9832 eur Ifop Le figaro, LCI Sud Radio le 5 juin",archives/2024/juin/9832-eur-ifop-le-figaro-lci-sud-radio-le-5-juin.pdf,,archives/2024/juin/,http://www.commission-des-sondages.fr/notices/files/notices/2024/juin/9832-eur-ifop-le-figaro-lci-sud-radio-le-5-juin.pdf,/notices/medias/fichiers/add/1801,2024-06-05 15:35:11,2024-06-05 12:45:32+02:00
9833-eur-harris-interactive-challmenges-m6-rtl-vague-19-le-5-juin.pdf,,2024.0,9833 eur Harris Interactive - Challmenges M6 RTL Vague 19 le 5 juin,archives/2024/juin/9833-eur-harris-interactive-challmenges-m6-rtl-vague-19-le-5-juin.pdf,,archives/2024/juin/,http://www.commission-des-sondages.fr/notices/files/notices/2024/juin/9833-eur-harris-interactive-challmenges-m6-rtl-vague-19-le-5-juin.pdf,/notices/medias/fichiers/add/1802,2024-06-05 20:57:11,2024-06-05 18:52:48+02:00
9834-bva-xsight-rtl-vague-5-le-6-juin.pdf,,2024.0,9834 BVA Xsight -  RTL  vague 5 le 6 juin,archives/2024/juin/9834-bva-xsight-rtl-vague-5-le-6-juin.pdf,,archives/2024/juin/,http://www.commission-des-sondages.fr/notices/files/notices/2024/juin/9834-bva-xsight-rtl-vague-5-le-6-juin.pdf,/notices/medias/fichiers/add/1803,2024-06-06 03:52:25,2024-06-05 19:49:49+02:00
9835-eur-ipsos-radio-france-le-parisien-vague-3-6-juin-24.pdf,,2024.0,9835 eur Ipsos Radio France Le Parisien Vague 3 - 6 juin 24,archives/2024/juin/9835-eur-ipsos-radio-france-le-parisien-vague-3-6-juin-24.pdf,,archives/2024/juin/,http://www.commission-des-sondages.fr/notices/files/notices/2024/juin/9835-eur-ipsos-radio-france-le-parisien-vague-3-6-juin-24.pdf,/notices/medias/fichiers/add/1804,2024-06-06 21:48:03,2024-06-06 14:46:07+02:00
9836-eur-ifop-le-figaro-lci-sud-radio-6-juin.pdf,,2024.0,9836 eur Ifop le Figaro LCI Sud Radio 6 juin,archives/2024/juin/9836-eur-ifop-le-figaro-lci-sud-radio-6-juin.pdf,,archives/2024/juin/,http://www.commission-des-sondages.fr/notices/files/notices/2024/juin/9836-eur-ifop-le-figaro-lci-sud-radio-6-juin.pdf,/notices/medias/fichiers/add/1807,2024-06-06 21:51:19,2024-06-06 16:04:14+02:00
9837-harris-interactive-challenges-e24-vague-20-le-06-juin.pdf,,2024.0, 9837 Harris Interactive - Challenges E24 Vague 20 le 06 juin,archives/2024/juin/9837-harris-interactive-challenges-e24-vague-20-le-06-juin.pdf,,archives/2024/juin/,http://www.commission-des-sondages.fr/notices/files/notices/2024/juin/9837-harris-interactive-challenges-e24-vague-20-le-06-juin.pdf,/notices/medias/fichiers/add/1806,2024-06-06 21:48:31,2024-06-06 18:30:41+02:00
9838-eur-yougov-huffpost-6-juin.pdf,,2024.0,9838 eur YouGov HuffPost - 6 juin,archives/2024/juin/9838-eur-yougov-huffpost-6-juin.pdf,,archives/2024/juin/,http://www.commission-des-sondages.fr/notices/files/notices/2024/juin/9838-eur-yougov-huffpost-6-juin.pdf,/notices/medias/fichiers/add/1808,2024-06-06 21:51:44,2024-06-06 20:14:41+02:00
9839-eur-ow-cnews-europe-1-le-jdd-7-juin.pdf,,2024.0,"9839 Eur Ow CNews, Europe 1 Le JDD 7 juin",archives/2024/juin/9839-eur-ow-cnews-europe-1-le-jdd-7-juin.pdf,,archives/2024/juin/,http://www.commission-des-sondages.fr/notices/files/notices/2024/juin/9839-eur-ow-cnews-europe-1-le-jdd-7-juin.pdf,/notices/medias/fichiers/add/1809,2024-06-07 12:14:46,2024-06-07 11:10:55+00:00
9840-eur-odoxa-mascaret-public-senat-pqr-7-juin.pdf,,2024.0,9840 Eur. ODOXA Mascaret Public Sénat PQR- 7 Juin,archives/2024/juin/9840-eur-odoxa-mascaret-public-senat-pqr-7-juin.pdf,,archives/2024/juin/,http://www.commission-des-sondages.fr/notices/files/notices/2024/juin/9840-eur-odoxa-mascaret-public-senat-pqr-7-juin.pdf,/notices/medias/fichiers/add/1810,2024-06-07 12:56:13,2024-06-06 15:27:40+02:00
9841-eur-ifop-roll-le-figaro-lci-sud-radio-7-juin.pdf,,2024.0,9841 eur Ifop Roll Le Figaro LCI Sud Radio 7 juin,archives/2024/juin/9841-eur-ifop-roll-le-figaro-lci-sud-radio-7-juin.pdf,,archives/2024/juin/,http://www.commission-des-sondages.fr/notices/files/notices/2024/juin/9841-eur-ifop-roll-le-figaro-lci-sud-radio-7-juin.pdf,/notices/medias/fichiers/add/1811,2024-06-07 18:08:50,2024-06-07 13:08:18+02:00
9842-eur-elabe-bfmtv-la-tribune-dimanche.pdf,,2024.0,9842 Eur Elabe BFMtv La Tribune Dimanche,archives/2024/juin/9842-eur-elabe-bfmtv-la-tribune-dimanche.pdf,,archives/2024/juin/,http://www.commission-des-sondages.fr/notices/files/notices/2024/juin/9842-eur-elabe-bfmtv-la-tribune-dimanche.pdf,/notices/medias/fichiers/add/1812,2024-06-07 18:08:54,2024-06-07 18:21:40+02:00
9843-eur-harris-interactive-challenges-m6-rtl-le-7-juin.pdf,,2024.0,9843 eur Harris Interactive Challenges M6 RTL le 7 juin,archives/2024/juin/9843-eur-harris-interactive-challenges-m6-rtl-le-7-juin.pdf,,archives/2024/juin/,http://www.commission-des-sondages.fr/notices/files/notices/2024/juin/9843-eur-harris-interactive-challenges-m6-rtl-le-7-juin.pdf,/notices/medias/fichiers/add/1813,2024-06-07 18:09:04,2024-06-07 18:35:23+02:00
9844-eur-opinionway-vae-solis-les-echos-radio-classique-v13-le-7-juin-pdf.pdf,,2024.0,9844 Eur OpinionWay Vae Solis les Échos- Radio Classique v13. le 7 juin pdf,archives/2024/juin/9844-eur-opinionway-vae-solis-les-echos-radio-classique-v13-le-7-juin-pdf.pdf,,archives/2024/juin/,http://www.commission-des-sondages.fr/notices/files/notices/2024/juin/9844-eur-opinionway-vae-solis-les-echos-radio-classique-v13-le-7-juin-pdf.pdf,/notices/medias/fichiers/add/1814,2024-06-07 18:09:09,2024-06-07 16:45:55+00:00
9845-eur-cluster-17-le-point-7-juin-2024.pdf,,2024.0,9845 Eur Cluster 17 Le Point 7 juin 2024,archives/2024/juin/9845-eur-cluster-17-le-point-7-juin-2024.pdf,,archives/2024/juin/,http://www.commission-des-sondages.fr/notices/files/notices/2024/juin/9845-eur-cluster-17-le-point-7-juin-2024.pdf,/notices/medias/fichiers/add/1815,2024-06-07 21:24:32,2024-06-07 19:06:47+02:00
9846-euro-ipsos-le-monde-7-juin-2024.pdf,,2024.0,9846 euro Ipsos le Monde 7 juin 2024,archives/2024/juin/9846-euro-ipsos-le-monde-7-juin-2024.pdf,,archives/2024/juin/,http://www.commission-des-sondages.fr/notices/files/notices/2024/juin/9846-euro-ipsos-le-monde-7-juin-2024.pdf,/notices/medias/fichiers/add/1816,2024-06-07 21:24:39,2024-06-07 21:36:46+02:00
9847-leg-harris-interactive-challenges-m6-rtl.pdf,Leg,2024.0,9847 leg. Harris Interactive - Challenges M6 RTL,archives/2024/juin/9847-leg-harris-interactive-challenges-m6-rtl.pdf,,archives/2024/juin/,http://www.commission-des-sondages.fr/notices/files/notices/2024/juin/9847-leg-harris-interactive-challenges-m6-rtl.pdf,/notices/medias/fichiers/add/1817,2024-06-10 18:53:42,2024-06-10 19:50:04+02:00
9848-leg-opinionway-cnews-10-juin-2024.pdf,Leg,2024.0,9848 Leg OpinionWay - CNews- 10 juin 2024,archives/2024/juin/9848-leg-opinionway-cnews-10-juin-2024.pdf,,archives/2024/juin/,http://www.commission-des-sondages.fr/notices/files/notices/2024/juin/9848-leg-opinionway-cnews-10-juin-2024.pdf,/notices/medias/fichiers/add/1819,2024-06-11 21:35:26,2024-06-11 12:45:43+00:00
9849-leg-elabe-bfmtv-le-12-juin.pdf,Leg,2024.0,9849 Leg Elabe BFMtv Le 12 juin,archives/2024/juin/9849-leg-elabe-bfmtv-le-12-juin.pdf,,archives/2024/juin/,http://www.commission-des-sondages.fr/notices/files/notices/2024/juin/9849-leg-elabe-bfmtv-le-12-juin.pdf,/notices/medias/fichiers/add/1820,2024-06-12 22:48:05,2024-06-12 20:39:11+02:00
9850-leg-ifop-le-figaro-lci-sud-radio-11-juin.pdf,Leg,2024.0,9850 Leg Ifop Le Figaro Lci Sud Radio 11 juin,archives/2024/juin/9850-leg-ifop-le-figaro-lci-sud-radio-11-juin.pdf,,archives/2024/juin/,http://www.commission-des-sondages.fr/notices/files/notices/2024/juin/9850-leg-ifop-le-figaro-lci-sud-radio-11-juin.pdf,/notices/medias/fichiers/add/1821,2024-06-13 15:26:08,2024-06-13 13:21:16+02:00
9851-csa-cnews-europe-1-et-le-jdd-14-juin.pdf,,2024.0,9851 CSA CNews Europe 1 et le JDD 14 juin,archives/2024/juin/9851-csa-cnews-europe-1-et-le-jdd-14-juin.pdf,,archives/2024/juin/,http://www.commission-des-sondages.fr/notices/files/notices/2024/juin/9851-csa-cnews-europe-1-et-le-jdd-14-juin.pdf,/notices/medias/fichiers/add/1822,2024-06-14 21:59:50,2024-06-14 11:00:51+02:00
9852-leg-cluster-17-le-point-14-juin-2024.pdf,Leg,2024.0,9852 Leg Cluster 17 Le Point 14 juin 2024,archives/2024/juin/9852-leg-cluster-17-le-point-14-juin-2024.pdf,,archives/2024/juin/,http://www.commission-des-sondages.fr/notices/files/notices/2024/juin/9852-leg-cluster-17-le-point-14-juin-2024.pdf,/notices/medias/fichiers/add/1823,2024-06-14 21:59:56,2024-06-14 21:45:46+02:00
9853-leg-ow-le-jdd-cnews-europe-1-le-14-juin.pdf,Leg,2024.0,9853 leg OW le JDD  Cnews EUrope 1 le 14 juin ,archives/2024/juin/9853-leg-ow-le-jdd-cnews-europe-1-le-14-juin.pdf,,archives/2024/juin/,http://www.commission-des-sondages.fr/notices/files/notices/2024/juin/9853-leg-ow-le-jdd-cnews-europe-1-le-14-juin.pdf,/notices/medias/fichiers/add/1824,2024-06-17 13:54:09,2024-06-16 16:30:41+00:00
9854-leg-opinion-way-legitrack-v1-le-18-juin.pdf,Leg,2024.0,9854 Leg Opinion Way Légitrack V1 le 18 juin,archives/2024/juin/9854-leg-opinion-way-legitrack-v1-le-18-juin.pdf,,archives/2024/juin/,http://www.commission-des-sondages.fr/notices/files/notices/2024/juin/9854-leg-opinion-way-legitrack-v1-le-18-juin.pdf,/notices/medias/fichiers/add/1825,2024-06-18 09:44:06,2024-06-18 08:09:10+00:00
9855-leg-csa-cnews-europe-1-9-juin.pdf,Leg,2024.0,9855 Leg CSA CNews Europe 1 9 juin,archives/2024/juin/9855-leg-csa-cnews-europe-1-9-juin.pdf,,archives/2024/juin/,http://www.commission-des-sondages.fr/notices/files/notices/2024/juin/9855-leg-csa-cnews-europe-1-9-juin.pdf,/notices/medias/fichiers/add/1826,2024-06-20 21:29:28,2024-06-19 15:42:55+02:00
9856-leg-ifop-le-figaro-lfi-sud-radio-le-20-juin.pdf,Leg,2024.0,9856 leg ifop Le Figaro Lfi Sud Radio le 20 juin,archives/2024/juin/9856-leg-ifop-le-figaro-lfi-sud-radio-le-20-juin.pdf,,archives/2024/juin/,http://www.commission-des-sondages.fr/notices/files/notices/2024/juin/9856-leg-ifop-le-figaro-lfi-sud-radio-le-20-juin.pdf,/notices/medias/fichiers/add/1827,2024-06-20 21:29:33,2024-06-20 18:06:49+02:00
9857-harris-interactive-challenges-vague-2-20-juin.pdf,Leg,2024.0,9857 Leg. Harris Interactive - Challenges - Vague 2 (20 juin),archives/2024/juin/9857-harris-interactive-challenges-vague-2-20-juin.pdf,,archives/2024/juin/,http://www.commission-des-sondages.fr/notices/files/notices/2024/juin/9857-harris-interactive-challenges-vague-2-20-juin.pdf,/notices/medias/fichiers/add/1828,2024-06-20 21:29:44,2024-06-20 20:18:18+02:00
9858-leg-opinionway-cnews-europe-1-le-jdd-21-juin-2024.pdf,Leg,2024.0,"9858 leg OpinionWay - CNews, Europe 1  le JDD - 21 juin 2024",archives/2024/juin/9858-leg-opinionway-cnews-europe-1-le-jdd-21-juin-2024.pdf,,archives/2024/juin/,http://www.commission-des-sondages.fr/notices/files/notices/2024/juin/9858-leg-opinionway-cnews-europe-1-le-jdd-21-juin-2024.pdf,/notices/medias/fichiers/add/1829,2024-06-21 22:23:36,2024-06-20 20:40:40+00:00
9859-leg-opinionway-pollitics-juin-2024.pdf,Leg,2024.0,9859 Leg OpinionWay Pollitics -  juin 2024,archives/2024/juin/9859-leg-opinionway-pollitics-juin-2024.pdf,,archives/2024/juin/,http://www.commission-des-sondages.fr/notices/files/notices/2024/juin/9859-leg-opinionway-pollitics-juin-2024.pdf,/notices/medias/fichiers/add/1830,2024-06-21 22:23:43,2024-06-21 15:04:55+00:00
9860-leg-lci-ifop-le-figaro-sud-radio.pdf,Leg,2024.0,9860 Leg LCI Ifop Le Figaro Sud Radio ,archives/2024/juin/9860-leg-lci-ifop-le-figaro-sud-radio.pdf,,archives/2024/juin/,http://www.commission-des-sondages.fr/notices/files/notices/2024/juin/9860-leg-lci-ifop-le-figaro-sud-radio.pdf,/notices/medias/fichiers/add/1831,2024-06-21 22:23:49,2024-06-21 15:27:23+02:00
9861-leg-ipsos-radio-france-le-parisien-22-juin.pdf,Leg,2024.0,9861 Leg Ipsos Radio France Le Parisien 22 juin,archives/2024/juin/9861-leg-ipsos-radio-france-le-parisien-22-juin.pdf,,archives/2024/juin/,http://www.commission-des-sondages.fr/notices/files/notices/2024/juin/9861-leg-ipsos-radio-france-le-parisien-22-juin.pdf,/notices/medias/fichiers/add/1835,2024-06-24 17:54:16,2024-06-21 17:44:27+02:00
9862-leg-cluster-17-le-point-21-juin.pdf,Leg,2024.0,9862 Leg Cluster 17 Le Point 21 juin,archives/2024/juin/9862-leg-cluster-17-le-point-21-juin.pdf,,archives/2024/juin/,http://www.commission-des-sondages.fr/notices/files/notices/2024/juin/9862-leg-cluster-17-le-point-21-juin.pdf,/notices/medias/fichiers/add/1832,2024-06-21 22:23:54,2024-06-21 20:42:45+02:00
9863-leg-odoxa-l-obs-21-juin.pdf,Leg,2024.0,9863 Leg Odoxa l'Obs 21 juin,archives/2024/juin/9863-leg-odoxa-l-obs-21-juin.pdf,,archives/2024/juin/,http://www.commission-des-sondages.fr/notices/files/notices/2024/juin/9863-leg-odoxa-l-obs-21-juin.pdf,/notices/medias/fichiers/add/1833,2024-06-21 22:23:58,2024-06-21 16:32:15+02:00
9864-eur-elabe-bfmtv-22-juin.pdf,Leg,2024.0,9864 Leg. Elabe Bfmtv 22 juin,archives/2024/juin/9864-eur-elabe-bfmtv-22-juin.pdf,,archives/2024/juin/,http://www.commission-des-sondages.fr/notices/files/notices/2024/juin/9864-eur-elabe-bfmtv-22-juin.pdf,/notices/medias/fichiers/add/1836,2024-06-24 17:54:21,2024-06-21 20:51:28+02:00
9865-leg-ifop-lci-le-figaro-sud-radio-23-juin.pdf,Leg,2024.0,9865 Leg Ifop LCI Le Figaro Sud Radio 23 juin,archives/2024/juin/9865-leg-ifop-lci-le-figaro-sud-radio-23-juin.pdf,,archives/2024/juin/,http://www.commission-des-sondages.fr/notices/files/notices/2024/juin/9865-leg-ifop-lci-le-figaro-sud-radio-23-juin.pdf,/notices/medias/fichiers/add/1837,2024-06-24 17:54:25,2024-06-24 15:12:57+02:00
9866-leg-harris-interactive-challenges-vague-3-le-24-juin.pdf,Leg,2024.0,9866 LEG Harris Interactive - Challenges - Vague 3  le 24 juin,archives/2024/juin/9866-leg-harris-interactive-challenges-vague-3-le-24-juin.pdf,,archives/2024/juin/,http://www.commission-des-sondages.fr/notices/files/notices/2024/juin/9866-leg-harris-interactive-challenges-vague-3-le-24-juin.pdf,/notices/medias/fichiers/add/1838,2024-06-24 17:54:30,2024-06-24 17:56:28+02:00
9867-leg-ifop-lci-le-figaro-sud-radio.pdf,Leg,2024.0,9867 Leg Ifop LCI Le figaro Sud Radio,archives/2024/juin/9867-leg-ifop-lci-le-figaro-sud-radio.pdf,,archives/2024/juin/,http://www.commission-des-sondages.fr/notices/files/notices/2024/juin/9867-leg-ifop-lci-le-figaro-sud-radio.pdf,/notices/medias/fichiers/add/1839,2024-06-24 17:54:34,2024-06-24 15:12:05+02:00
9868-1-leg-rolling-ifop-le-figaro-lci-sud-radio-26-juin.pdf,Leg,2024.0,9868-1 Leg rolling IFOP Le Figaro LCI Sud Radio 26 juin,archives/2024/juin/9868-1-leg-rolling-ifop-le-figaro-lci-sud-radio-26-juin.pdf,,archives/2024/juin/,http://www.commission-des-sondages.fr/notices/files/notices/2024/juin/9868-1-leg-rolling-ifop-le-figaro-lci-sud-radio-26-juin.pdf,/notices/medias/fichiers/add/1936,2025-06-18 12:54:40,2024-06-26 16:16:17+02:00
9868-leg-ifop-lci-le-figaro-sud-radio-25-juin.pdf,Leg,2024.0,9868 Leg Ifop LCI Le Figaro Sud Radio 25 juin,archives/2024/juin/9868-leg-ifop-lci-le-figaro-sud-radio-25-juin.pdf,,archives/2024/juin/,http://www.commission-des-sondages.fr/notices/files/notices/2024/juin/9868-leg-ifop-lci-le-figaro-sud-radio-25-juin.pdf,/notices/medias/fichiers/add/1840,2024-06-25 20:52:24,2024-06-25 14:28:03+02:00
9869-leg-10eme-nord-ifop-paris-match.pdf,Leg,2024.0,9869 Leg 10éme Nord Ifop Paris-Match,archives/2024/juin/9869-leg-10eme-nord-ifop-paris-match.pdf,,archives/2024/juin/,http://www.commission-des-sondages.fr/notices/files/notices/2024/juin/9869-leg-10eme-nord-ifop-paris-match.pdf,/notices/medias/fichiers/add/1841,2024-06-25 20:52:35,2024-06-25 17:54:29+02:00
9870-leg-cluster-17-le-point-25-juin.pdf,Leg,2024.0,9870 Leg Cluster 17 Le Point 25 juin,archives/2024/juin/9870-leg-cluster-17-le-point-25-juin.pdf,,archives/2024/juin/,http://www.commission-des-sondages.fr/notices/files/notices/2024/juin/9870-leg-cluster-17-le-point-25-juin.pdf,/notices/medias/fichiers/add/1842,2024-06-25 21:46:25,2024-06-25 20:37:29+02:00
9871-leg-ipsos-le-monde-cevipof-fjj-institut-montaigne-27-juin-2024.pdf,Leg,2024.0,9871 Leg Ipsos Le Monde Cevipof FJJ Institut Montaigne - 27 Juin 2024,archives/2024/juin/9871-leg-ipsos-le-monde-cevipof-fjj-institut-montaigne-27-juin-2024.pdf,,archives/2024/juin/,http://www.commission-des-sondages.fr/notices/files/notices/2024/juin/9871-leg-ipsos-le-monde-cevipof-fjj-institut-montaigne-27-juin-2024.pdf,/notices/medias/fichiers/add/1843,2024-06-27 21:43:50,2024-06-26 12:14:58+02:00
9872-leg-elabe-bfmtv-28-juin.pdf,Leg,2024.0,9872 Leg ELABE BFMtv 28 juin,archives/2024/juin/9872-leg-elabe-bfmtv-28-juin.pdf,,archives/2024/juin/,http://www.commission-des-sondages.fr/notices/files/notices/2024/juin/9872-leg-elabe-bfmtv-28-juin.pdf,/notices/medias/fichiers/add/1844,2024-06-28 09:39:38,2024-06-27 21:31:45+02:00
9873-leg-ifop-lci-le-figaro-sud-radio-27-juin.pdf,Leg,2024.0,9873 Leg Ifop LCI Le Figaro Sud Radio 27 juin,archives/2024/juin/9873-leg-ifop-lci-le-figaro-sud-radio-27-juin.pdf,,archives/2024/juin/,http://www.commission-des-sondages.fr/notices/files/notices/2024/juin/9873-leg-ifop-lci-le-figaro-sud-radio-27-juin.pdf,/notices/medias/fichiers/add/1845,2024-06-28 09:39:46,2024-06-28 10:21:17+02:00
9874-1-leg-ow-legitrack-2eme-vague-les-echos-radio-classique-24-juin.pdf,Leg,2024.0,9874-1 Leg OW legitrack 2eme vague Les Echos Radio classique 24 juin,archives/2024/juin/9874-1-leg-ow-legitrack-2eme-vague-les-echos-radio-classique-24-juin.pdf,,archives/2024/juin/,http://www.commission-des-sondages.fr/notices/files/notices/2024/juin/9874-1-leg-ow-legitrack-2eme-vague-les-echos-radio-classique-24-juin.pdf,/notices/medias/fichiers/add/1934,2025-06-17 13:42:14,2025-06-17 13:31:13+00:00
9874-leg-opinionway-cnews-europe1-je-jdd-28-juin-2024.pdf,Leg,2024.0,9874 Leg OpinionWay - Cnews Europe1 Je JDD - 28 juin 2024,archives/2024/juin/9874-leg-opinionway-cnews-europe1-je-jdd-28-juin-2024.pdf,,archives/2024/juin/,http://www.commission-des-sondages.fr/notices/files/notices/2024/juin/9874-leg-opinionway-cnews-europe1-je-jdd-28-juin-2024.pdf,/notices/medias/fichiers/add/1846,2024-06-28 17:41:02,2024-06-28 10:34:35+00:00
9875-opinionway-les-echos-vague-3-28-juin.pdf,,2024.0,9875 OpinionWay - les échos - vague 3 – 28 juin,archives/2024/juin/9875-opinionway-les-echos-vague-3-28-juin.pdf,,archives/2024/juin/,http://www.commission-des-sondages.fr/notices/files/notices/2024/juin/9875-opinionway-les-echos-vague-3-28-juin.pdf,/notices/medias/fichiers/add/1847,2024-06-28 17:41:09,2024-06-28 13:56:02+00:00
9876-leg-harris-interactive-barometre-challenges-vague-5-28-juin.pdf,Leg,2024.0,9876 Leg Harris Interactive - Baromètre Challenges - Vague 5 (28 juin),archives/2024/juin/9876-leg-harris-interactive-barometre-challenges-vague-5-28-juin.pdf,,archives/2024/juin/,http://www.commission-des-sondages.fr/notices/files/notices/2024/juin/9876-leg-harris-interactive-barometre-challenges-vague-5-28-juin.pdf,/notices/medias/fichiers/add/1848,2024-06-28 17:41:13,2024-06-28 19:20:03+02:00
9877-ipsos-le-monde-28-juin-2024.pdf,,2024.0,9877 Ipsos Le Monde 28 juin 2024,archives/2024/juin/9877-ipsos-le-monde-28-juin-2024.pdf,,archives/2024/juin/,http://www.commission-des-sondages.fr/notices/files/notices/2024/juin/9877-ipsos-le-monde-28-juin-2024.pdf,/notices/medias/fichiers/add/1850,2024-06-28 21:33:27,2024-06-28 20:54:21+02:00
9878-leg-cluster-17-le-point-28-juin.pdf,Leg,2024.0,9878 Leg Cluster 17 Le Point 28 juin,archives/2024/juin/9878-leg-cluster-17-le-point-28-juin.pdf,,archives/2024/juin/,http://www.commission-des-sondages.fr/notices/files/notices/2024/juin/9878-leg-cluster-17-le-point-28-juin.pdf,/notices/medias/fichiers/add/1849,2024-06-28 20:05:05,2024-06-28 21:16:53+02:00
9879-leg-odoxa-le-nouvel-obs-public-senat-la-pqr-28-juin.pdf,Leg,2024.0,9879 leg Odoxa Le Nouvel Obs Public Sénat la Pqr  28 Juin,archives/2024/juin/9879-leg-odoxa-le-nouvel-obs-public-senat-la-pqr-28-juin.pdf,,archives/2024/juin/,http://www.commission-des-sondages.fr/notices/files/notices/2024/juin/9879-leg-odoxa-le-nouvel-obs-public-senat-la-pqr-28-juin.pdf,/notices/medias/fichiers/add/1851,2024-06-29 15:56:26,2024-06-28 15:57:19+02:00
9880-leg-ifop-47003-paris-match.pdf,Leg,2024.0,9880 leg Ifop 47003 Paris Match,archives/2024/juin/9880-leg-ifop-47003-paris-match.pdf,,archives/2024/juin/,http://www.commission-des-sondages.fr/notices/files/notices/2024/juin/9880-leg-ifop-47003-paris-match.pdf,/notices/medias/fichiers/add/1852,2024-07-04 17:02:12,2024-07-03 15:58:25+02:00
9881-lef-ifop-0601-paris-match.pdf,,2024.0,9881 lef Ifop 0601 Paris Match,archives/2024/juin/9881-lef-ifop-0601-paris-match.pdf,,archives/2024/juin/,http://www.commission-des-sondages.fr/notices/files/notices/2024/juin/9881-lef-ifop-0601-paris-match.pdf,/notices/medias/fichiers/add/1853,2024-07-04 17:02:27,2024-07-03 16:16:29+02:00
9882-leg-ifop-9307-pm.pdf,Leg,2024.0,9882 Leg Ifop 9307 PM,archives/2024/juin/9882-leg-ifop-9307-pm.pdf,,archives/2024/juin/,http://www.commission-des-sondages.fr/notices/files/notices/2024/juin/9882-leg-ifop-9307-pm.pdf,/notices/medias/fichiers/add/1854,2024-07-04 17:02:35,2024-07-03 19:12:29+02:00
9982-1-leg-opinionway-pour-la-fondapol-juin-2024.pdf,Leg,2024.0,9982-1 Leg OpinionWay pour la Fondapol Juin 2024,archives/2024/juin/9982-1-leg-opinionway-pour-la-fondapol-juin-2024.pdf,,archives/2024/juin/,http://www.commission-des-sondages.fr/notices/files/notices/2024/juin/9982-1-leg-opinionway-pour-la-fondapol-juin-2024.pdf,/notices/medias/fichiers/add/1931,2025-06-11 13:06:36,2025-06-11 12:42:05+00:00
9883-leg-harris-interactive-challenges-03-juillet.pdf,Leg,2024.0,9883  Leg Harris Interactive - Challenges - (03 juillet),archives/2024/juillet/9883-leg-harris-interactive-challenges-03-juillet.pdf,,archives/2024/juillet/,http://www.commission-des-sondages.fr/notices/files/notices/2024/juillet/9883-leg-harris-interactive-challenges-03-juillet.pdf,/notices/medias/fichiers/add/1855,2024-07-05 15:12:23,2024-07-04 18:57:28+02:00
9884-leg-elabe-bfmtv-le-5-juillet.pdf,Leg,2024.0,9884 Leg Elabe BFMtv Le 5 juillet,archives/2024/juillet/9884-leg-elabe-bfmtv-le-5-juillet.pdf,,archives/2024/juillet/,http://www.commission-des-sondages.fr/notices/files/notices/2024/juillet/9884-leg-elabe-bfmtv-le-5-juillet.pdf,/notices/medias/fichiers/add/1856,2024-07-05 15:12:30,2024-07-04 22:39:37+02:00
9885-leg-ipsos-le-monde-radio-france-frances-televisions-5-juillet.pdf,Leg,2024.0,9885 Leg Ipsos Le Monde?radio France Frances télévisions  5 juillet,archives/2024/juillet/9885-leg-ipsos-le-monde-radio-france-frances-televisions-5-juillet.pdf,,archives/2024/juillet/,http://www.commission-des-sondages.fr/notices/files/notices/2024/juillet/9885-leg-ipsos-le-monde-radio-france-frances-televisions-5-juillet.pdf,/notices/medias/fichiers/add/1857,2024-07-05 15:15:06,2024-07-05 14:14:43+02:00
9886-leg-harris-interactive-challenges-vague-7-05-juillet.pdf,Leg,2024.0,9886 Leg Harris Interactive - Challenges - Vague 7 (05 juillet),archives/2024/juillet/9886-leg-harris-interactive-challenges-vague-7-05-juillet.pdf,,archives/2024/juillet/,http://www.commission-des-sondages.fr/notices/files/notices/2024/juillet/9886-leg-harris-interactive-challenges-vague-7-05-juillet.pdf,/notices/medias/fichiers/add/1858,2024-07-05 18:16:44,2024-07-05 18:49:01+02:00
9887-leg-ow-les-echos-5-juillet.pdf,Leg,2024.0,9887 Leg OW Les Echos 5 juillet,archives/2024/juillet/9887-leg-ow-les-echos-5-juillet.pdf,,archives/2024/juillet/,http://www.commission-des-sondages.fr/notices/files/notices/2024/juillet/9887-leg-ow-les-echos-5-juillet.pdf,/notices/medias/fichiers/add/1932,2025-06-12 07:55:03,2024-07-05 16:53:54+00:00
9888-pres-harris-interactive-challenges-m6-rtl-le-8-juillet.pdf,Pres,2024.0,9888 Pres. Harris Interactive -Challenges M6 RTL le 8 juillet,archives/2024/juillet/9888-pres-harris-interactive-challenges-m6-rtl-le-8-juillet.pdf,,archives/2024/juillet/,http://www.commission-des-sondages.fr/notices/files/notices/2024/juillet/9888-pres-harris-interactive-challenges-m6-rtl-le-8-juillet.pdf,/notices/medias/fichiers/add/1861,2024-07-08 21:46:14,2024-07-08 19:28:38+02:00
9889-pdt-ifop-le-figaro-magazine-du-13-09-24.pdf,,2024.0,9889 Pdt. Ifop Le Figaro Magazine du 13-09_24,archives/2024/septembre/9889-pdt-ifop-le-figaro-magazine-du-13-09-24.pdf,,archives/2024/septembre/,http://www.commission-des-sondages.fr/notices/files/notices/2024/septembre/9889-pdt-ifop-le-figaro-magazine-du-13-09-24.pdf,/notices/medias/fichiers/add/1862,2024-09-14 09:30:36,2024-09-13 15:45:08+02:00
9890-mun-paris-ipsos-le-parisien-18-11-24.pdf,Mun,2024.0,9890 Mun. Paris Ipsos Le Parisien 18-11–24,archives/2024/novembre/9890-mun-paris-ipsos-le-parisien-18-11-24.pdf,,archives/2024/novembre/,http://www.commission-des-sondages.fr/notices/files/notices/2024/novembre/9890-mun-paris-ipsos-le-parisien-18-11-24.pdf,/notices/medias/fichiers/add/1863,2024-11-19 11:32:28,2024-11-19 10:06:22+01:00
9891-mun-paris-le-figaro-30-nov.pdf,Mun,2024.0,9891 Mun. Paris Le Figaro 30 nov,archives/2024/novembre/9891-mun-paris-le-figaro-30-nov.pdf,,archives/2024/novembre/,http://www.commission-des-sondages.fr/notices/files/notices/2024/novembre/9891-mun-paris-le-figaro-30-nov.pdf,/notices/medias/fichiers/add/1864,2024-12-02 21:35:22,2024-12-02 19:37:00+01:00
9892-mun-nice-la-tribune.pdf,Mun,2024.0,9892 Mun Nice La Tribune,archives/2024/novembre/9892-mun-nice-la-tribune.pdf,,archives/2024/novembre/,http://www.commission-des-sondages.fr/notices/files/notices/2024/novembre/9892-mun-nice-la-tribune.pdf,/notices/medias/fichiers/add/1866,2024-12-09 20:11:15,2024-12-03 18:37:40+01:00
9893-mun-marseille-ifop-le-jdd-du-8-decembre-2024.pdf,Mun,2024.0,9893 Mun Marseille IFOP le Jdd du 8 décembre 2024,archives/2024/decembre/9893-mun-marseille-ifop-le-jdd-du-8-decembre-2024.pdf,,archives/2024/decembre/,http://www.commission-des-sondages.fr/notices/files/notices/2024/decembre/9893-mun-marseille-ifop-le-jdd-du-8-decembre-2024.pdf,/notices/medias/fichiers/add/1865,2024-12-09 20:09:20,2024-12-09 17:27:21+01:00
9894-pdt-ifop-le-figaro-le-11-dec.pdf,,2024.0,9894 Pdt. Ifop Le Figaro le 11 déc,archives/2024/decembre/9894-pdt-ifop-le-figaro-le-11-dec.pdf,,archives/2024/decembre/,http://www.commission-des-sondages.fr/notices/files/notices/2024/decembre/9894-pdt-ifop-le-figaro-le-11-dec.pdf,/notices/medias/fichiers/add/1867,2024-12-11 15:01:34,2024-12-11 15:38:40+01:00
9895-mun-paris-cluster-17-paris-en-grand-11-janvier.pdf,Mun,2025.0,9895 Mun. Paris Cluster 17 Paris en Grand 11- janvier,archives/2025/janvier/9895-mun-paris-cluster-17-paris-en-grand-11-janvier.pdf,,archives/2025/janvier/,http://www.commission-des-sondages.fr/notices/files/notices/2025/janvier/9895-mun-paris-cluster-17-paris-en-grand-11-janvier.pdf,/notices/medias/fichiers/add/1868,2025-01-11 13:51:16,2025-01-11 09:56:16+01:00
9896-mun-montpellier-ifop-mairie-11-janvier.pdf,Mun,2025.0,9896 Mun Montpellier Ifop Mairie 11 janvier ,archives/2025/janvier/9896-mun-montpellier-ifop-mairie-11-janvier.pdf,,archives/2025/janvier/,http://www.commission-des-sondages.fr/notices/files/notices/2025/janvier/9896-mun-montpellier-ifop-mairie-11-janvier.pdf,/notices/medias/fichiers/add/1869,2025-01-13 19:05:34,2025-01-13 18:15:16+01:00
9897-mun-lyon-ifop-fiducial-lyon-capitale-31-janvier.pdf,Mun,2025.0,9897 Mun Lyon IFOP fiducial Lyon Capitale 31 janvier,archives/2025/janvier/9897-mun-lyon-ifop-fiducial-lyon-capitale-31-janvier.pdf,,archives/2025/janvier/,http://www.commission-des-sondages.fr/notices/files/notices/2025/janvier/9897-mun-lyon-ifop-fiducial-lyon-capitale-31-janvier.pdf,/notices/medias/fichiers/add/1870,2025-02-06 16:42:39,2025-02-05 11:59:06+01:00
9898-pres-ifop-valeurs-actuelles-29-janvier.pdf,Pres,2025.0,9898 Pres Ifop Valeurs actuelles 29 janvier,archives/2025/janvier/9898-pres-ifop-valeurs-actuelles-29-janvier.pdf,,archives/2025/janvier/,http://www.commission-des-sondages.fr/notices/files/notices/2025/janvier/9898-pres-ifop-valeurs-actuelles-29-janvier.pdf,/notices/medias/fichiers/add/1871,2025-02-07 09:51:41,2025-02-06 12:47:56+01:00
9901-mun-ifop-mairie-val-de-reuil-28-janvier.pdf,Mun,2025.0,9901 Mun Ifop mairie Val de Reuil 28 janvier,archives/2025/janvier/9901-mun-ifop-mairie-val-de-reuil-28-janvier.pdf,,archives/2025/janvier/,http://www.commission-des-sondages.fr/notices/files/notices/2025/janvier/9901-mun-ifop-mairie-val-de-reuil-28-janvier.pdf,/notices/medias/fichiers/add/1874,2025-02-17 19:47:30,2025-02-17 13:29:22+01:00
9899-leg-ifop-lopinion-11-fevrier.pdf,Leg,2025.0,9899 Leg Ifop Lopinion 11 fevrier,archives/2025/fevrier/9899-leg-ifop-lopinion-11-fevrier.pdf,,archives/2025/fevrier/,http://www.commission-des-sondages.fr/notices/files/notices/2025/fevrier/9899-leg-ifop-lopinion-11-fevrier.pdf,/notices/medias/fichiers/add/1872,2025-02-12 07:07:49,2025-02-11 12:06:39+01:00
9900-ref-ipsos-la-tribune-dimanche-8-fevrier.pdf,,2025.0,9900 Ref Ipsos La Tribune Dimanche 8 fevrier,archives/2025/fevrier/9900-ref-ipsos-la-tribune-dimanche-8-fevrier.pdf,,archives/2025/fevrier/,http://www.commission-des-sondages.fr/notices/files/notices/2025/fevrier/9900-ref-ipsos-la-tribune-dimanche-8-fevrier.pdf,/notices/medias/fichiers/add/1873,2025-02-16 08:30:51,2025-02-14 16:30:38+01:00
9902-pres-primaire-odoxa-figaro-backbone-13-fevrier-2025.pdf,Prim,2025.0,9902 Pres primaire Odoxa Figaro Backbone 13 fevrier 2025,archives/2025/fevrier/9902-pres-primaire-odoxa-figaro-backbone-13-fevrier-2025.pdf,,archives/2025/fevrier/,http://www.commission-des-sondages.fr/notices/files/notices/2025/fevrier/9902-pres-primaire-odoxa-figaro-backbone-13-fevrier-2025.pdf,/notices/medias/fichiers/add/1875,2025-02-19 09:41:54,2025-02-17 15:50:16+01:00
9903-mun-ifop-clermont-ferrand-mairie-17-fevrier.pdf,Mun,2025.0,9903 Mun IFOP Clermont Ferrand mairie 17 fevrier,archives/2025/fevrier/9903-mun-ifop-clermont-ferrand-mairie-17-fevrier.pdf,,archives/2025/fevrier/,http://www.commission-des-sondages.fr/notices/files/notices/2025/fevrier/9903-mun-ifop-clermont-ferrand-mairie-17-fevrier.pdf,/notices/medias/fichiers/add/1876,2025-02-20 14:38:05,2025-02-19 17:52:47+01:00
9904-ref-csa-cnews-europe-1-jdd-20-fevrier.pdf,,2025.0,9904 Ref CSA CNews europe 1 JDD 20 fevrier,archives/2025/fevrier/9904-ref-csa-cnews-europe-1-jdd-20-fevrier.pdf,,archives/2025/fevrier/,http://www.commission-des-sondages.fr/notices/files/notices/2025/fevrier/9904-ref-csa-cnews-europe-1-jdd-20-fevrier.pdf,/notices/medias/fichiers/add/1877,2025-02-21 14:22:18,2025-02-20 11:24:20+01:00
9905-pres-harris-interactive-candidature-entrepreneur-frst-capital-7-fevrier.pdf,Pres,2025.0,9905 Pres Harris Interactive candidature entrepreneur frst capital 7 fevrier,archives/2025/fevrier/9905-pres-harris-interactive-candidature-entrepreneur-frst-capital-7-fevrier.pdf,,archives/2025/fevrier/,http://www.commission-des-sondages.fr/notices/files/notices/2025/fevrier/9905-pres-harris-interactive-candidature-entrepreneur-frst-capital-7-fevrier.pdf,/notices/medias/fichiers/add/1878,2025-03-07 16:36:20,2025-03-07 10:02:51+01:00
9906-pres-ifop-sud-radio-le-figaro-28-fevrier.pdf,Pres,2025.0,9906 pres IFOP Sud radio Le Figaro 28 fevrier,archives/2025/fevrier/9906-pres-ifop-sud-radio-le-figaro-28-fevrier.pdf,,archives/2025/fevrier/,http://www.commission-des-sondages.fr/notices/files/notices/2025/fevrier/9906-pres-ifop-sud-radio-le-figaro-28-fevrier.pdf,/notices/medias/fichiers/add/1879,2025-03-12 08:17:41,2025-03-10 18:56:50+01:00
9907-opinionway-pour-clean-cities-les-parisiens-et-la-pietonnisation-de-la-ville-notice-a-la-commission-des-sondages-mars-2025.pdf,,2025.0,9907 Ref paris OpinionWay pour Clean Cities 10 mars ,archives/2025/mars/9907-opinionway-pour-clean-cities-les-parisiens-et-la-pietonnisation-de-la-ville-notice-a-la-commission-des-sondages-mars-2025.pdf,,archives/2025/mars/,http://www.commission-des-sondages.fr/notices/files/notices/2025/mars/9907-opinionway-pour-clean-cities-les-parisiens-et-la-pietonnisation-de-la-ville-notice-a-la-commission-des-sondages-mars-2025.pdf,/notices/medias/fichiers/add/1880,2025-03-14 12:43:01,2025-03-14 10:00:03+01:00
9908-mun-lyon-cluster-17-holnet-18-mars.pdf,,,9908 Mun Lyon Cluster 17 Holnest 18 mars,archives/2025/mars/9908-mun-lyon-cluster-17-holnet-18-mars.pdf,,archives/2025/mars/,http://www.commission-des-sondages.fr/notices/files/notices/2025/mars/9908-mun-lyon-cluster-17-holnet-18-mars.pdf,,2025-03-19 10:15:15,2025-03-17 17:39:36+01:00
9909-mun-mrs-ifop-la-provence-bfm-15-mars.pdf,Mun,2025.0,9909 mun Marseille IFOP La provence BFM 15 mars,archives/2025/mars/9909-mun-mrs-ifop-la-provence-bfm-15-mars.pdf,,archives/2025/mars/,http://www.commission-des-sondages.fr/notices/files/notices/2025/mars/9909-mun-mrs-ifop-la-provence-bfm-15-mars.pdf,/notices/medias/fichiers/add/1881,,
9910-mun-perpignan-ifop-mairie-ouillade-24-mars.pdf,Mun,2025.0,9910 Mun Perpignan Ifop Mairie Ouillade 24 mars,archives/2025/mars/9910-mun-perpignan-ifop-mairie-ouillade-24-mars.pdf,,archives/2025/mars/,http://www.commission-des-sondages.fr/notices/files/notices/2025/mars/9910-mun-perpignan-ifop-mairie-ouillade-24-mars.pdf,/notices/medias/fichiers/add/1884,2025-03-26 10:01:42,2025-03-26 10:40:17+01:00
9911-mun-paris-ifop-figaro-sud-radio-28-mars.pdf,Mun,2025.0,9911 Mun Paris Ifop Figaro Sud Radio 28 mars,archives/2025/mars/9911-mun-paris-ifop-figaro-sud-radio-28-mars.pdf,,archives/2025/mars/,http://www.commission-des-sondages.fr/notices/files/notices/2025/mars/9911-mun-paris-ifop-figaro-sud-radio-28-mars.pdf,/notices/medias/fichiers/add/1885,2025-03-29 12:15:56,2025-03-28 18:05:50+01:00
9912-pres-ifop-jdd-30-mars-notice-pour-publication.pdf,Pres,2025.0,9912 Pres Ifop JDD 30 mars,archives/2025/mars/9912-pres-ifop-jdd-30-mars-notice-pour-publication.pdf,,archives/2025/mars/,http://www.commission-des-sondages.fr/notices/files/notices/2025/mars/9912-pres-ifop-jdd-30-mars-notice-pour-publication.pdf,/notices/medias/fichiers/add/1886,2025-04-01 05:30:20,2025-03-31 11:54:21+02:00
9919-mun-annecy-mairie-bva-le-dauphine-libere-27-mars.pdf,Mun,2025.0,9919 Mun Annecy Mairie BVA Le Dauphine libere  27 mars,archives/2025/mars/9919-mun-annecy-mairie-bva-le-dauphine-libere-27-mars.pdf,,archives/2025/mars/,http://www.commission-des-sondages.fr/notices/files/notices/2025/mars/9919-mun-annecy-mairie-bva-le-dauphine-libere-27-mars.pdf,/notices/medias/fichiers/add/1895,2025-04-12 07:46:16,2025-04-11 18:37:35+02:00
9913-pres-toluna-harris-interactive-rtl-1er-avril.pdf,Pres,2025.0,9913 Pres Toluna Harris Interactive RTL 1er avril,archives/2025/avril/9913-pres-toluna-harris-interactive-rtl-1er-avril.pdf,,archives/2025/avril/,http://www.commission-des-sondages.fr/notices/files/notices/2025/avril/9913-pres-toluna-harris-interactive-rtl-1er-avril.pdf,/notices/medias/fichiers/add/1887,2025-04-01 14:46:33,2025-04-01 09:49:06+02:00
9914-pres-elabe-bfmtv-1er-avril.pdf,Pres,2025.0,9914 Pres ELABE BFMTV 1er avril,archives/2025/avril/9914-pres-elabe-bfmtv-1er-avril.pdf,,archives/2025/avril/,http://www.commission-des-sondages.fr/notices/files/notices/2025/avril/9914-pres-elabe-bfmtv-1er-avril.pdf,/notices/medias/fichiers/add/1888,2025-04-02 12:26:49,2025-04-02 10:53:56+02:00
9915-mun-dijon-mairie-ifop-bien-public-8-avril.pdf,Mun,2025.0,9915 Mun Dijon Mairie IFOP Bien public 8 avril,archives/2025/avril/9915-mun-dijon-mairie-ifop-bien-public-8-avril.pdf,,archives/2025/avril/,http://www.commission-des-sondages.fr/notices/files/notices/2025/avril/9915-mun-dijon-mairie-ifop-bien-public-8-avril.pdf,/notices/medias/fichiers/add/1893,2025-04-09 06:16:15,2025-04-02 17:53:20+02:00
9916-pres-elabe-bfmtv-tribune-dimanche-5-avril.pdf,Pres,2025.0,9916 pres ELABE BFMTV Tribune dimanche 5 avril,archives/2025/avril/9916-pres-elabe-bfmtv-tribune-dimanche-5-avril.pdf,,archives/2025/avril/,http://www.commission-des-sondages.fr/notices/files/notices/2025/avril/9916-pres-elabe-bfmtv-tribune-dimanche-5-avril.pdf,/notices/medias/fichiers/add/1889,2025-04-06 06:12:56,2025-04-05 13:04:16+02:00
9917-mun-lyon-elabe-bfmtv-lyon-8-avril.pdf,Mun,2025.0,9917 Mun Lyon Elabe BFMTV Lyon 8 avril,archives/2025/avril/9917-mun-lyon-elabe-bfmtv-lyon-8-avril.pdf,,archives/2025/avril/,http://www.commission-des-sondages.fr/notices/files/notices/2025/avril/9917-mun-lyon-elabe-bfmtv-lyon-8-avril.pdf,/notices/medias/fichiers/add/1892,2025-04-08 18:32:51,2025-04-07 21:27:57+02:00
9918-mun-nimes-ow-objectif-gard-7-avril.pdf,Mun,2025.0,9918 Mun Nîmes OW Objectif Gard 7 avril,archives/2025/avril/9918-mun-nimes-ow-objectif-gard-7-avril.pdf,,archives/2025/avril/,http://www.commission-des-sondages.fr/notices/files/notices/2025/avril/9918-mun-nimes-ow-objectif-gard-7-avril.pdf,/notices/medias/fichiers/add/1894,2025-04-09 06:35:22,2025-04-08 07:49:36+00:00
9920-pres-commstrat-l-opinion-toluna-hi-14-avril-2025.pdf,Pres,2025.0,9920 Pres CommStrat L'Opinion Toluna HI 14 avril 2025,archives/2025/avril/9920-pres-commstrat-l-opinion-toluna-hi-14-avril-2025.pdf,,archives/2025/avril/,http://www.commission-des-sondages.fr/notices/files/notices/2025/avril/9920-pres-commstrat-l-opinion-toluna-hi-14-avril-2025.pdf,/notices/medias/fichiers/add/1896,2025-04-14 07:01:10,2025-04-11 16:50:13+02:00
9921-ref-cgt-ifop-14-avril.pdf,,2025.0,9921 Ref CGT IFOP 14 avril,archives/2025/avril/9921-ref-cgt-ifop-14-avril.pdf,,archives/2025/avril/,http://www.commission-des-sondages.fr/notices/files/notices/2025/avril/9921-ref-cgt-ifop-14-avril.pdf,/notices/medias/fichiers/add/1897,2025-04-14 15:43:44,2025-04-14 12:19:52+02:00
9922-mun-brest-ps-ifop-telegramme-14-avril.pdf,Mun,2025.0,9922 Mun Brest PS IFOP Telegramme 14 avril,archives/2025/avril/9922-mun-brest-ps-ifop-telegramme-14-avril.pdf,,archives/2025/avril/,http://www.commission-des-sondages.fr/notices/files/notices/2025/avril/9922-mun-brest-ps-ifop-telegramme-14-avril.pdf,/notices/medias/fichiers/add/1898,2025-04-14 17:47:01,2025-04-14 19:06:56+02:00
9923-mun-inspiration-politique-ifop-2-avril.pdf,Mun,2025.0,9923 Mun Inspiration politique IFOP 2 avril,archives/2025/avril/9923-mun-inspiration-politique-ifop-2-avril.pdf,,archives/2025/avril/,http://www.commission-des-sondages.fr/notices/files/notices/2025/avril/9923-mun-inspiration-politique-ifop-2-avril.pdf,/notices/medias/fichiers/add/1899,2025-04-17 18:43:41,2025-04-17 18:44:44+02:00
9924-mun-bordeaux-ifop-sud-ouest-18-avril.pdf,Mun,2025.0,9924 Mun Bordeaux IFOP Sud Ouest 18 avril,archives/2025/avril/9924-mun-bordeaux-ifop-sud-ouest-18-avril.pdf,,archives/2025/avril/,http://www.commission-des-sondages.fr/notices/files/notices/2025/avril/9924-mun-bordeaux-ifop-sud-ouest-18-avril.pdf,/notices/medias/fichiers/add/1900,2025-04-18 18:29:38,2025-04-18 18:38:55+02:00
9925-pres-odoxa-public-senat-29-avril.pdf,Pres,2025.0,9925 Pres Odoxa Public Senat 29 avril,archives/2025/avril/9925-pres-odoxa-public-senat-29-avril.pdf,,archives/2025/avril/,http://www.commission-des-sondages.fr/notices/files/notices/2025/avril/9925-pres-odoxa-public-senat-29-avril.pdf,/notices/medias/fichiers/add/1901,2025-04-29 05:13:53,2025-04-28 15:16:16+02:00
9926-pres-hanouna-ifop-valeurs-actuelles-29-avril.pdf,Pres,2025.0,9926 Pres potentiel M. Hanouna IFOP valeurs actuelles 29 avril,archives/2025/avril/9926-pres-hanouna-ifop-valeurs-actuelles-29-avril.pdf,,archives/2025/avril/,http://www.commission-des-sondages.fr/notices/files/notices/2025/avril/9926-pres-hanouna-ifop-valeurs-actuelles-29-avril.pdf,/notices/medias/fichiers/add/1902,2025-04-29 17:04:07,2025-04-29 17:53:32+02:00
9927-pres-toluna-hi-regards-30-avril.pdf,Pres,2025.0,9927 Pres Toluna HI Regards 30 avril,archives/2025/avril/9927-pres-toluna-hi-regards-30-avril.pdf,,archives/2025/avril/,http://www.commission-des-sondages.fr/notices/files/notices/2025/avril/9927-pres-toluna-hi-regards-30-avril.pdf,/notices/medias/fichiers/add/1903,2025-04-30 08:39:02,2025-04-29 16:14:59+02:00
9928-mun-environnement-ifop-hellio-29-avril.pdf,Mun,2025.0,9928 Mun environnement IFOP Hellio 29 avril,archives/2025/avril/9928-mun-environnement-ifop-hellio-29-avril.pdf,,archives/2025/avril/,http://www.commission-des-sondages.fr/notices/files/notices/2025/avril/9928-mun-environnement-ifop-hellio-29-avril.pdf,/notices/medias/fichiers/add/1904,2025-05-02 14:59:34,2025-04-30 17:09:31+02:00
9948-mun-vaureal-ifop-16-avril.pdf,Mun,2025.0,9948 Mun Vaureal Ifop 16 avril,archives/2025/avril/9948-mun-vaureal-ifop-16-avril.pdf,,archives/2025/avril/,http://www.commission-des-sondages.fr/notices/files/notices/2025/avril/9948-mun-vaureal-ifop-16-avril.pdf,/notices/medias/fichiers/add/1923,2025-06-03 16:55:42,2025-06-03 17:41:47+02:00
9929-pres-odoxa-backboneconsulting-le-figaro-2-mai.pdf,Pres,2025.0,9929 Pres Odoxa BackboneConsulting Le Figaro 2 mai,archives/2025/mai/9929-pres-odoxa-backboneconsulting-le-figaro-2-mai.pdf,,archives/2025/mai/,http://www.commission-des-sondages.fr/notices/files/notices/2025/mai/9929-pres-odoxa-backboneconsulting-le-figaro-2-mai.pdf,/notices/medias/fichiers/add/1905,2025-05-02 15:13:39,2025-05-02 14:53:17+02:00
9930-pres-ifop-hexagone-5-mai.pdf,Pres,2025.0,9930 Pres IFOP Hexagone 5 mai,archives/2025/mai/9930-pres-ifop-hexagone-5-mai.pdf,,archives/2025/mai/,http://www.commission-des-sondages.fr/notices/files/notices/2025/mai/9930-pres-ifop-hexagone-5-mai.pdf,/notices/medias/fichiers/add/1906,2025-05-05 13:05:24,2025-05-05 14:52:57+02:00
9931-mun-bron-ifop-2-mai.pdf,Mun,2025.0,9931 Mun Bron IFOP 2 mai,archives/2025/mai/9931-mun-bron-ifop-2-mai.pdf,,archives/2025/mai/,http://www.commission-des-sondages.fr/notices/files/notices/2025/mai/9931-mun-bron-ifop-2-mai.pdf,/notices/medias/fichiers/add/1907,2025-05-06 12:14:19,2025-05-06 11:59:52+02:00
9932-mun-annecy-renaissance-ifop-le-dauphine-libere-6-mai.pdf,Mun,2025.0,9932 Mun Annecy IFOP Le Dauphine libere 6 mai,archives/2025/mai/9932-mun-annecy-renaissance-ifop-le-dauphine-libere-6-mai.pdf,,archives/2025/mai/,http://www.commission-des-sondages.fr/notices/files/notices/2025/mai/9932-mun-annecy-renaissance-ifop-le-dauphine-libere-6-mai.pdf,/notices/medias/fichiers/add/1908,2025-05-07 13:12:53,2025-05-07 14:49:02+02:00
9933-mun-toulon-elabe-var-matin.pdf,Mun,2025.0,9933 Mun Toulon Elabe Var Matin 7 mai,archives/2025/mai/9933-mun-toulon-elabe-var-matin.pdf,,archives/2025/mai/,http://www.commission-des-sondages.fr/notices/files/notices/2025/mai/9933-mun-toulon-elabe-var-matin.pdf,/notices/medias/fichiers/add/1909,2025-05-08 08:54:47,2025-05-08 10:27:54+02:00
9934-ref-elabe-bfmtv-11-mai.pdf,,2025.0,9934 Ref Elabe BFMTV 11 mai,archives/2025/mai/9934-ref-elabe-bfmtv-11-mai.pdf,,archives/2025/mai/,http://www.commission-des-sondages.fr/notices/files/notices/2025/mai/9934-ref-elabe-bfmtv-11-mai.pdf,/notices/medias/fichiers/add/1910,2025-05-11 06:24:46,2025-05-10 13:52:38+02:00
9935-pres-barometre-v2-ifop-sud-radio-le-figaro-11-mai.pdf,Pres,2025.0,9935 Pres barometre V2 Ifop Sud Radio Le Figaro 11 mai,archives/2025/mai/9935-pres-barometre-v2-ifop-sud-radio-le-figaro-11-mai.pdf,,archives/2025/mai/,http://www.commission-des-sondages.fr/notices/files/notices/2025/mai/9935-pres-barometre-v2-ifop-sud-radio-le-figaro-11-mai.pdf,/notices/medias/fichiers/add/1911,2025-05-11 17:59:58,2025-05-09 13:15:33+02:00
9936-ref-odoxa-le-figaro-9-mai.pdf,,2025.0,9936 Ref Odoxa Le figaro 9 mai,archives/2025/mai/9936-ref-odoxa-le-figaro-9-mai.pdf,,archives/2025/mai/,http://www.commission-des-sondages.fr/notices/files/notices/2025/mai/9936-ref-odoxa-le-figaro-9-mai.pdf,/notices/medias/fichiers/add/1912,2025-05-12 11:27:04,2025-05-12 09:11:02+02:00
9937-mun-barometre-pol-terr-v2-ifop-ouest-france-11-mai.pdf,Mun,2025.0,9937 Mun barometre pol terr V2 IFOP Ouest France 11 mai,archives/2025/mai/9937-mun-barometre-pol-terr-v2-ifop-ouest-france-11-mai.pdf,,archives/2025/mai/,http://www.commission-des-sondages.fr/notices/files/notices/2025/mai/9937-mun-barometre-pol-terr-v2-ifop-ouest-france-11-mai.pdf,/notices/medias/fichiers/add/1913,2025-05-12 11:27:12,2025-05-12 10:52:45+02:00
9938-mun-elancourt-ifop-le-parisien-11-mai.pdf,Mun,2025.0,9938 Mun Elancourt IFOP Le Parisien 11 mai,archives/2025/mai/9938-mun-elancourt-ifop-le-parisien-11-mai.pdf,,archives/2025/mai/,http://www.commission-des-sondages.fr/notices/files/notices/2025/mai/9938-mun-elancourt-ifop-le-parisien-11-mai.pdf,/notices/medias/fichiers/add/1915,2025-05-13 14:08:17,2025-05-12 12:58:53+02:00
9939-mun-la-reunion-baro-pol-sagis-territoires-9-mai.pdf,Mun,2025.0,9939 Mun La Reunion Baro pol Sagis Territoires 9 mai,archives/2025/mai/9939-mun-la-reunion-baro-pol-sagis-territoires-9-mai.pdf,,archives/2025/mai/,http://www.commission-des-sondages.fr/notices/files/notices/2025/mai/9939-mun-la-reunion-baro-pol-sagis-territoires-9-mai.pdf,/notices/medias/fichiers/add/1914,2025-05-13 14:06:33,2025-03-31 13:06:00+04:00
9940-mun-amiens-cluster-17-courrier-picard-17-mai.pdf,Mun,2025.0,9940 Mun Amiens Cluster 17 Courrier picard 17 mai,archives/2025/mai/9940-mun-amiens-cluster-17-courrier-picard-17-mai.pdf,,archives/2025/mai/,http://www.commission-des-sondages.fr/notices/files/notices/2025/mai/9940-mun-amiens-cluster-17-courrier-picard-17-mai.pdf,/notices/medias/fichiers/add/1916,2025-05-17 11:41:56,2025-05-17 12:43:45+02:00
9942-p-toluna-hi-lci-20-mai.pdf,Pres,2025.0,9942 Pres Toluna HI LCI 20 mai,archives/2025/mai/9942-p-toluna-hi-lci-20-mai.pdf,,archives/2025/mai/,http://www.commission-des-sondages.fr/notices/files/notices/2025/mai/9942-p-toluna-hi-lci-20-mai.pdf,/notices/medias/fichiers/add/1917,2025-05-20 06:28:18,2025-05-20 00:45:40+02:00
9943-p-b-retailleau-et-la-droite-elabe-bfmtv-21-mai.pdf,Pres,2025.0,9943 Pres B Retailleau et la droite Elabe BFMTV 21 mai,archives/2025/mai/9943-p-b-retailleau-et-la-droite-elabe-bfmtv-21-mai.pdf,,archives/2025/mai/,http://www.commission-des-sondages.fr/notices/files/notices/2025/mai/9943-p-b-retailleau-et-la-droite-elabe-bfmtv-21-mai.pdf,/notices/medias/fichiers/add/1918,2025-05-21 05:01:10,2025-05-20 20:02:24+02:00
9944-pres-ifop-le-figaro-sud-radio-21-mai.pdf,Pres,2025.0,9944 Pres IFOP Le Figaro Sud Radio 21 mai,archives/2025/mai/9944-pres-ifop-le-figaro-sud-radio-21-mai.pdf,,archives/2025/mai/,http://www.commission-des-sondages.fr/notices/files/notices/2025/mai/9944-pres-ifop-le-figaro-sud-radio-21-mai.pdf,/notices/medias/fichiers/add/1919,2025-05-21 05:20:48,2025-05-20 18:43:22+02:00
9945-ref-odoxa-backbone-le-figaro-15-mai.pdf,,2025.0,9945 Ref Odoxa Backbone Le Figaro 15 mai,archives/2025/mai/9945-ref-odoxa-backbone-le-figaro-15-mai.pdf,,archives/2025/mai/,http://www.commission-des-sondages.fr/notices/files/notices/2025/mai/9945-ref-odoxa-backbone-le-figaro-15-mai.pdf,/notices/medias/fichiers/add/1920,2025-05-21 11:54:50,2025-05-15 16:20:16+02:00
9946-mun-grenoble-ipsos-grenoble-mag-22-mai.pdf,Mun,2025.0,9946 Mun Grenoble Ipsos Grenoble Mag 22 mai,archives/2025/mai/9946-mun-grenoble-ipsos-grenoble-mag-22-mai.pdf,,archives/2025/mai/,http://www.commission-des-sondages.fr/notices/files/notices/2025/mai/9946-mun-grenoble-ipsos-grenoble-mag-22-mai.pdf,/notices/medias/fichiers/add/1921,2025-05-22 20:38:10,2025-05-22 18:41:56+02:00
9947-ref-ifop-valmy-2-juin.pdf,,2025.0,9947 Ref IFOP Valmy 2 juin,archives/2025/juin/9947-ref-ifop-valmy-2-juin.pdf,,archives/2025/juin/,http://www.commission-des-sondages.fr/notices/files/notices/2025/juin/9947-ref-ifop-valmy-2-juin.pdf,/notices/medias/fichiers/add/1922,2025-06-02 12:43:13,2025-06-02 12:54:30+02:00
9949-mun-marseille-ipsos-la-provence-5-juin.pdf,Mun,2025.0,9949 Mun Marseille IPSOS La Provence 5 juin,archives/2025/juin/9949-mun-marseille-ipsos-la-provence-5-juin.pdf,,archives/2025/juin/,http://www.commission-des-sondages.fr/notices/files/notices/2025/juin/9949-mun-marseille-ipsos-la-provence-5-juin.pdf,/notices/medias/fichiers/add/1926,2025-06-05 15:00:56,2025-06-05 17:00:03+02:00
9950-ref-privatisation-transports-ifop-cgt-ratp-4-juin.pdf,,2025.0,9950 Ref privatisation transports IFOP CGT RATP 4 juin,archives/2025/juin/9950-ref-privatisation-transports-ifop-cgt-ratp-4-juin.pdf,,archives/2025/juin/,http://www.commission-des-sondages.fr/notices/files/notices/2025/juin/9950-ref-privatisation-transports-ifop-cgt-ratp-4-juin.pdf,/notices/medias/fichiers/add/1925,2025-06-05 14:57:50,2025-06-05 16:23:20+02:00
9951-ref-alsace-ifop-4-juin.pdf,,2025.0,9951 Ref Alsace IFOP 4 juin,archives/2025/juin/9951-ref-alsace-ifop-4-juin.pdf,,archives/2025/juin/,http://www.commission-des-sondages.fr/notices/files/notices/2025/juin/9951-ref-alsace-ifop-4-juin.pdf,/notices/medias/fichiers/add/1927,2025-06-05 15:10:35,2025-06-05 16:59:47+02:00
9952-leg-ifop-lci-6-juin.pdf,Leg,2025.0,9952 Leg IFOP LCI 6 juin,archives/2025/juin/9952-leg-ifop-lci-6-juin.pdf,,archives/2025/juin/,http://www.commission-des-sondages.fr/notices/files/notices/2025/juin/9952-leg-ifop-lci-6-juin.pdf,/notices/medias/fichiers/add/1928,2025-06-06 05:55:06,2025-06-05 18:01:27+02:00
9953-mun-nanterre-ifop-le-parisien-6-juin.pdf,Mun,2025.0,9953 Mun Nanterre IFOP Le Parisien 6 juin,archives/2025/juin/9953-mun-nanterre-ifop-le-parisien-6-juin.pdf,,archives/2025/juin/,http://www.commission-des-sondages.fr/notices/files/notices/2025/juin/9953-mun-nanterre-ifop-le-parisien-6-juin.pdf,/notices/medias/fichiers/add/1929,2025-06-06 08:31:35,2025-06-06 10:04:39+02:00
9954-leg-elabe-bfmtv-la-tribune-7-juin.pdf,Leg,2025.0,9954 Leg ELABE BFMTV La Tribune 7 juin,archives/2025/juin/9954-leg-elabe-bfmtv-la-tribune-7-juin.pdf,,archives/2025/juin/,http://www.commission-des-sondages.fr/notices/files/notices/2025/juin/9954-leg-elabe-bfmtv-la-tribune-7-juin.pdf,/notices/medias/fichiers/add/1930,2025-06-07 20:39:46,2025-06-06 15:27:30+02:00
9955-mun-boulogne-billancourt-ipsos-bulletin-municipal-16-juin.pdf,Mun,2025.0,9955 Mun Boulogne Billancourt Ipsos Bulletin municipal 16 juin,archives/2025/juin/9955-mun-boulogne-billancourt-ipsos-bulletin-municipal-16-juin.pdf,,archives/2025/juin/,http://www.commission-des-sondages.fr/notices/files/notices/2025/juin/9955-mun-boulogne-billancourt-ipsos-bulletin-municipal-16-juin.pdf,/notices/medias/fichiers/add/1935,2025-06-18 06:03:24,2025-06-13 18:23:01+02:00
9956-mun-noisy-le-sec-ifop-grand-paris.pdf,Mun,2025.0,9956 Mun Noisy le Sec IFOP Grand Paris,archives/2025/juin/9956-mun-noisy-le-sec-ifop-grand-paris.pdf,,archives/2025/juin/,http://www.commission-des-sondages.fr/notices/files/notices/2025/juin/9956-mun-noisy-le-sec-ifop-grand-paris.pdf,/notices/medias/fichiers/add/1937,2025-06-19 07:13:54,2025-06-18 10:48:22+02:00
9957-mun-paris-elabe-bfmtv-la-tribune-21-juin.pdf,Mun,2025.0,9957 Mun Paris Elabe BFMTV La Tribune 21 juin,archives/2025/juin/9957-mun-paris-elabe-bfmtv-la-tribune-21-juin.pdf,,archives/2025/juin/,http://www.commission-des-sondages.fr/notices/files/notices/2025/juin/9957-mun-paris-elabe-bfmtv-la-tribune-21-juin.pdf,/notices/medias/fichiers/add/1938,2025-06-22 07:06:40,2025-06-20 17:58:24+02:00
9958-mun-tourcoing-ifop-voix-du-nord-23-juin.pdf,Mun,2025.0,9958 Mun Tourcoing IFOP Voix du Nord 23 juin,archives/2025/juin/9958-mun-tourcoing-ifop-voix-du-nord-23-juin.pdf,,archives/2025/juin/,http://www.commission-des-sondages.fr/notices/files/notices/2025/juin/9958-mun-tourcoing-ifop-voix-du-nord-23-juin.pdf,/notices/medias/fichiers/add/1939,2025-06-23 07:44:21,2025-06-13 12:02:13+02:00
9959-mun-barometre-odoxa-public-senat-24-juin.pdf,Mun,2025.0,9959 Mun Barometre Odoxa Public Senat 24 juin,archives/2025/juin/9959-mun-barometre-odoxa-public-senat-24-juin.pdf,,archives/2025/juin/,http://www.commission-des-sondages.fr/notices/files/notices/2025/juin/9959-mun-barometre-odoxa-public-senat-24-juin.pdf,/notices/medias/fichiers/add/1940,2025-06-24 11:00:27,2025-06-24 11:52:50+02:00
9960-mun-marseille-ifop-la-provence-25-juin.pdf,Mun,2025.0,9960 Mun Marseille Ifop La Provence 25 juin,archives/2025/juin/9960-mun-marseille-ifop-la-provence-25-juin.pdf,,archives/2025/juin/,http://www.commission-des-sondages.fr/notices/files/notices/2025/juin/9960-mun-marseille-ifop-la-provence-25-juin.pdf,/notices/medias/fichiers/add/1941,2025-06-25 13:03:42,2025-06-25 14:28:32+02:00
9961-pres-toluna-harris-interactive-lopinion-suivi-du-potentiel-electoral-v2-27-juin.pdf,Pres,2025.0,9961 Pres Toluna Harris Interactive Lopinion Suivi du potentiel électoral V2 27 juin,archives/2025/juin/9961-pres-toluna-harris-interactive-lopinion-suivi-du-potentiel-electoral-v2-27-juin.pdf,,archives/2025/juin/,http://www.commission-des-sondages.fr/notices/files/notices/2025/juin/9961-pres-toluna-harris-interactive-lopinion-suivi-du-potentiel-electoral-v2-27-juin.pdf,/notices/medias/fichiers/add/1942,2025-06-27 15:29:48,2025-06-27 11:08:25+02:00
9962-mun-lyon-toluna-harris-interactive-actu-lyon-28-juin.pdf,,,9962 Mun Lyon Toluna Harris interactive Actu Lyon 28 juin,archives/2025/juin/9962-mun-lyon-toluna-harris-interactive-actu-lyon-28-juin.pdf,,archives/2025/juin/,http://www.commission-des-sondages.fr/notices/files/notices/2025/juin/9962-mun-lyon-toluna-harris-interactive-actu-lyon-28-juin.pdf,,2025-07-03 07:34:32,2025-07-02 19:17:13+02:00
9963-mun-merignac-thi-bulletin-municipal-24-juin.pdf,Mun,2025.0,9963 Mun Merignac THI bulletin municipal 24 juin,archives/2025/juin/9963-mun-merignac-thi-bulletin-municipal-24-juin.pdf,,archives/2025/juin/,http://www.commission-des-sondages.fr/notices/files/notices/2025/juin/9963-mun-merignac-thi-bulletin-municipal-24-juin.pdf,/notices/medias/fichiers/add/1944,2025-07-01 10:48:58,2025-07-01 11:49:39+02:00
9964-mun-toulon-elabe-var-matin-2-juillet.pdf,Mun,2025.0,9964 Mun Toulon Elabe Var Matin 2 juillet,archives/2025/juillet/9964-mun-toulon-elabe-var-matin-2-juillet.pdf,,archives/2025/juillet/,http://www.commission-des-sondages.fr/notices/files/notices/2025/juillet/9964-mun-toulon-elabe-var-matin-2-juillet.pdf,/notices/medias/fichiers/add/1945,2025-07-02 05:44:34,2025-07-01 15:49:01+02:00
9965-mun-ipsos-cevipof-amf-2-juillet.pdf,Mun,2025.0,9965 Mun IPSOS Cevipof AMF 2 juillet,archives/2025/juillet/9965-mun-ipsos-cevipof-amf-2-juillet.pdf,,archives/2025/juillet/,http://www.commission-des-sondages.fr/notices/files/notices/2025/juillet/9965-mun-ipsos-cevipof-amf-2-juillet.pdf,/notices/medias/fichiers/add/1947,2025-07-03 17:00:27,2025-07-03 17:12:01+02:00
9966-mun-poissy-ifop-actu-fr-4-juillet.pdf,Mun,2025.0,9966 Mun Poissy Ifop actu.fr 4 juillet,archives/2025/juillet/9966-mun-poissy-ifop-actu-fr-4-juillet.pdf,,archives/2025/juillet/,http://www.commission-des-sondages.fr/notices/files/notices/2025/juillet/9966-mun-poissy-ifop-actu-fr-4-juillet.pdf,/notices/medias/fichiers/add/1948,2025-07-05 06:34:32,2025-07-04 19:10:35+02:00
9967-mun-odoxa-le-figaro-3-juillet.pdf,Mun,2025.0,9967 Mun Odoxa Le Figaro 3 juillet,archives/2025/juillet/9967-mun-odoxa-le-figaro-3-juillet.pdf,,archives/2025/juillet/,http://www.commission-des-sondages.fr/notices/files/notices/2025/juillet/9967-mun-odoxa-le-figaro-3-juillet.pdf,/notices/medias/fichiers/add/1949,2025-07-07 14:55:50,2025-07-03 16:16:10+02:00
9968-leg-ipsos-la-tribune-dimanche-12-juillet.pdf,,,9968 Leg Ipsos La Tribune dimanche 12 juillet,archives/2025/juillet/9968-leg-ipsos-la-tribune-dimanche-12-juillet.pdf,,archives/2025/juillet/,http://www.commission-des-sondages.fr/notices/files/notices/2025/juillet/9968-leg-ipsos-la-tribune-dimanche-12-juillet.pdf,,2025-07-13 06:58:21,2025-07-11 17:35:40+02:00
9969-mun-montpellier-ifop-midi-libre-15-juillet.pdf,Mun,2025.0,9969 Mun Montpellier IFOP Midi Libre 15 juillet,archives/2025/juillet/9969-mun-montpellier-ifop-midi-libre-15-juillet.pdf,,archives/2025/juillet/,http://www.commission-des-sondages.fr/notices/files/notices/2025/juillet/9969-mun-montpellier-ifop-midi-libre-15-juillet.pdf,/notices/medias/fichiers/add/1951,2025-07-15 12:48:30,2025-07-15 11:45:14+02:00
9970-mun-transition-ecologique-ipsos-idex-17-juillet.pdf,,,9970 Mun transition ecologique IPSOS Idex 17 juillet,archives/2025/juillet/9970-mun-transition-ecologique-ipsos-idex-17-juillet.pdf,,archives/2025/juillet/,http://www.commission-des-sondages.fr/notices/files/notices/2025/juillet/9970-mun-transition-ecologique-ipsos-idex-17-juillet.pdf,,2025-07-18 07:28:19,2025-07-17 18:43:55+02:00
9971-leg-paris-ifop-le-parisien-24-juillet.pdf,Leg,2025.0,9971 Leg Paris IFOP Le Parisien 24 juillet,archives/2025/juillet/9971-leg-paris-ifop-le-parisien-24-juillet.pdf,,archives/2025/juillet/,http://www.commission-des-sondages.fr/notices/files/notices/2025/juillet/9971-leg-paris-ifop-le-parisien-24-juillet.pdf,/notices/medias/fichiers/add/1953,2025-07-24 14:58:36,2025-07-24 16:25:17+02:00
9972-mun-paris-cluster-17-le-parisien-26-juillet.pdf,Mun,2025.0,9972 Mun Paris Cluster 17 Le Parisien 26 juillet,archives/2025/juillet/9972-mun-paris-cluster-17-le-parisien-26-juillet.pdf,,archives/2025/juillet/,http://www.commission-des-sondages.fr/notices/files/notices/2025/juillet/9972-mun-paris-cluster-17-le-parisien-26-juillet.pdf,/notices/medias/fichiers/add/1954,2025-07-26 11:56:04,2025-07-24 19:07:08+02:00
9973-leg-elabe-bfmtv-30-aout.pdf,Leg,2025.0,9973 Leg Elabe BFMTV 30 aout,archives/2025/aout/9973-leg-elabe-bfmtv-30-aout.pdf,,archives/2025/aout/,http://www.commission-des-sondages.fr/notices/files/notices/2025/aout/9973-leg-elabe-bfmtv-30-aout.pdf,/notices/medias/fichiers/add/1955,2025-08-31 06:40:09,2025-08-29 19:01:23+02:00
9974-leg-ifop-le-figaro-2-septembre.pdf,Leg,2025.0,9974 Leg IFOP Le Figaro 2 septembre,archives/2025/septembre/9974-leg-ifop-le-figaro-2-septembre.pdf,,archives/2025/septembre/,http://www.commission-des-sondages.fr/notices/files/notices/2025/septembre/9974-leg-ifop-le-figaro-2-septembre.pdf,/notices/medias/fichiers/add/1956,2025-09-02 17:22:00,2025-09-02 15:51:49+02:00
9975-pres-toluna-hi-suivi-du-potentiel-electoral-v3-lopinion-3-septembre.pdf,Pres,2025.0,9975 Pres Toluna HI Suivi du potentiel électoral V3 Lopinion 3 septembre,archives/2025/septembre/9975-pres-toluna-hi-suivi-du-potentiel-electoral-v3-lopinion-3-septembre.pdf,,archives/2025/septembre/,http://www.commission-des-sondages.fr/notices/files/notices/2025/septembre/9975-pres-toluna-hi-suivi-du-potentiel-electoral-v3-lopinion-3-septembre.pdf,/notices/medias/fichiers/add/1957,2025-09-03 06:13:00,2025-09-02 19:28:24+02:00
9976-leg-toluna-hi-challenges-7-septembre.pdf,Leg,2025.0,9976 Leg Toluna HI Challenges 7 septembre,archives/2025/septembre/9976-leg-toluna-hi-challenges-7-septembre.pdf,,archives/2025/septembre/,http://www.commission-des-sondages.fr/notices/files/notices/2025/septembre/9976-leg-toluna-hi-challenges-7-septembre.pdf,/notices/medias/fichiers/add/1958,2025-09-08 09:29:59,2025-09-08 10:23:14+02:00
9977-leg-ifop-lci-9-septembre.pdf,Leg,2025.0,9977 Leg IFOP LCI 9 septembre,archives/2025/septembre/9977-leg-ifop-lci-9-septembre.pdf,,archives/2025/septembre/,http://www.commission-des-sondages.fr/notices/files/notices/2025/septembre/9977-leg-ifop-lci-9-septembre.pdf,/notices/medias/fichiers/add/1959,2025-09-09 08:52:52,2025-09-09 10:22:45+02:00
9978-leg-cluster17-le-point-9-septembre.pdf,Leg,2025.0,9978 Leg Cluster17 Le Point 9 septembre,archives/2025/septembre/9978-leg-cluster17-le-point-9-septembre.pdf,,archives/2025/septembre/,http://www.commission-des-sondages.fr/notices/files/notices/2025/septembre/9978-leg-cluster17-le-point-9-septembre.pdf,/notices/medias/fichiers/add/1960,2025-09-09 14:41:38,2025-09-09 15:37:58+02:00
9979-mun-saint-etienne-ifop-le-progres-12-septembre.pdf,Mun,2025.0,9979 Mun Saint-Etienne IFOP Le Progres 12 septembre,archives/2025/septembre/9979-mun-saint-etienne-ifop-le-progres-12-septembre.pdf,,archives/2025/septembre/,http://www.commission-des-sondages.fr/notices/files/notices/2025/septembre/9979-mun-saint-etienne-ifop-le-progres-12-septembre.pdf,/notices/medias/fichiers/add/1961,2025-09-12 17:35:57,2025-09-12 18:33:40+02:00
9980-mun-strasbourg-ifop-dna-12-septembre.pdf,Mun,2025.0,9980 Mun Strasbourg IFOP DNA 12 septembre,archives/2025/septembre/9980-mun-strasbourg-ifop-dna-12-septembre.pdf,,archives/2025/septembre/,http://www.commission-des-sondages.fr/notices/files/notices/2025/septembre/9980-mun-strasbourg-ifop-dna-12-septembre.pdf,/notices/medias/fichiers/add/1962,2025-09-15 06:50:55,2025-09-15 07:54:44+02:00
9981-mun-priorisation-budgets-elabe-la-tribune-18-septembre.pdf,Mun,2025.0,9981 Mun Priorisation budgets Elabe La Tribune 18 septembre,archives/2025/septembre/9981-mun-priorisation-budgets-elabe-la-tribune-18-septembre.pdf,,archives/2025/septembre/,http://www.commission-des-sondages.fr/notices/files/notices/2025/septembre/9981-mun-priorisation-budgets-elabe-la-tribune-18-septembre.pdf,/notices/medias/fichiers/add/1963,2025-09-19 13:22:11,2025-09-18 17:32:04+02:00
9982-ref-csa-cnews-europe-1-jdd-19-septembre.pdf,,2025.0,9982 Ref CSA Cnews Europe 1 JDD 19 septembre,archives/2025/septembre/9982-ref-csa-cnews-europe-1-jdd-19-septembre.pdf,,archives/2025/septembre/,http://www.commission-des-sondages.fr/notices/files/notices/2025/septembre/9982-ref-csa-cnews-europe-1-jdd-19-septembre.pdf,/notices/medias/fichiers/add/1964,2025-09-19 13:40:55,2025-09-19 11:14:19+02:00
9983-mun-saint-etienne-ifop-le-progres-19-septembre.pdf,Mun,2025.0,9983 Mun Saint-Etienne IFOP Le Progres 19 septembre,archives/2025/septembre/9983-mun-saint-etienne-ifop-le-progres-19-septembre.pdf,,archives/2025/septembre/,http://www.commission-des-sondages.fr/notices/files/notices/2025/septembre/9983-mun-saint-etienne-ifop-le-progres-19-septembre.pdf,/notices/medias/fichiers/add/1965,2025-09-22 09:09:06,2025-09-22 10:15:06+02:00
9984-mun-lille-ifop-voix-du-nord-23-septembre.pdf,Mun,2025.0,9984 Mun Lille IFOP Voix du Nord 23 septembre,archives/2025/septembre/9984-mun-lille-ifop-voix-du-nord-23-septembre.pdf,,archives/2025/septembre/,http://www.commission-des-sondages.fr/notices/files/notices/2025/septembre/9984-mun-lille-ifop-voix-du-nord-23-septembre.pdf,/notices/medias/fichiers/add/1966,2025-09-23 20:42:02,2025-09-23 17:53:49+02:00
9985-mun-brest-ifop-le-telegramme-25-septembre.pdf,Mun,2025.0,9985 Mun Brest IFOP Le Telegramme 25 septembre,archives/2025/septembre/9985-mun-brest-ifop-le-telegramme-25-septembre.pdf,,archives/2025/septembre/,http://www.commission-des-sondages.fr/notices/files/notices/2025/septembre/9985-mun-brest-ifop-le-telegramme-25-septembre.pdf,/notices/medias/fichiers/add/1967,2025-09-26 17:54:19,2025-09-26 17:10:42+02:00
9986-mun-avignon-ifop-la-provence-28-septembre.pdf,Mun,2025.0,9986 Mun Avignon Ifop La Provence 28 septembre,archives/2025/septembre/9986-mun-avignon-ifop-la-provence-28-septembre.pdf,,archives/2025/septembre/,http://www.commission-des-sondages.fr/notices/files/notices/2025/septembre/9986-mun-avignon-ifop-la-provence-28-septembre.pdf,/notices/medias/fichiers/add/1968,2025-09-29 13:05:31,2025-09-29 13:01:18+02:00
9987-pres-ifop-lopinion-sud-radio-29-septembre.pdf,Pres,2025.0,9987 Pres IFOP Lopinion Sud Radio 29 septembre,archives/2025/septembre/9987-pres-ifop-lopinion-sud-radio-29-septembre.pdf,,archives/2025/septembre/,http://www.commission-des-sondages.fr/notices/files/notices/2025/septembre/9987-pres-ifop-lopinion-sud-radio-29-septembre.pdf,/notices/medias/fichiers/add/1969,2025-09-29 18:47:14,2025-09-29 16:56:35+02:00
9988-leg-pres-odoxa-backbone-le-figaro-2-octobre.pdf,Pres,2025.0,9988 Leg Pres Odoxa Backbone Le Figaro 2 octobre,archives/2025/octobre/9988-leg-pres-odoxa-backbone-le-figaro-2-octobre.pdf,,archives/2025/octobre/,http://www.commission-des-sondages.fr/notices/files/notices/2025/octobre/9988-leg-pres-odoxa-backbone-le-figaro-2-octobre.pdf,/notices/medias/fichiers/add/1970,2025-10-02 16:52:11,2025-10-02 17:09:29+02:00
9989-mun-grenoble-cluster-17-le-dauphine-2-octobre.pdf,Mun,2025.0,9989 Mun Grenoble Cluster 17 Le Dauphiné 2 octobre,archives/2025/octobre/9989-mun-grenoble-cluster-17-le-dauphine-2-octobre.pdf,,archives/2025/octobre/,http://www.commission-des-sondages.fr/notices/files/notices/2025/octobre/9989-mun-grenoble-cluster-17-le-dauphine-2-octobre.pdf,/notices/medias/fichiers/add/1971,2025-10-03 09:59:35,2025-10-03 11:48:24+02:00
9990-pres-cluster-17-le-point-3-octobre.pdf,Pres,2025.0,9990 Pres Cluster 17 Le Point 3 octobre,archives/2025/octobre/9990-pres-cluster-17-le-point-3-octobre.pdf,,archives/2025/octobre/,http://www.commission-des-sondages.fr/notices/files/notices/2025/octobre/9990-pres-cluster-17-le-point-3-octobre.pdf,/notices/medias/fichiers/add/1972,2025-10-04 15:44:40,2025-10-04 13:05:25+02:00
9991-leg-landes-3eme-circo-opinion-way-x-4-octobre.pdf,Leg,2025.0,9991 Leg Landes 3eme circo Opinion Way X 4 octobre,archives/2025/octobre/9991-leg-landes-3eme-circo-opinion-way-x-4-octobre.pdf,,archives/2025/octobre/,http://www.commission-des-sondages.fr/notices/files/notices/2025/octobre/9991-leg-landes-3eme-circo-opinion-way-x-4-octobre.pdf,/notices/medias/fichiers/add/1973,2025-10-06 07:47:57,2025-10-06 06:53:40+00:00
9992-mun-poitiers-ifop-la-nouvelle-republique-4-octobre.pdf,Mun,2025.0,9992 Mun Poitiers IFOP La Nouvelle Republique 4 octobre,archives/2025/octobre/9992-mun-poitiers-ifop-la-nouvelle-republique-4-octobre.pdf,,archives/2025/octobre/,http://www.commission-des-sondages.fr/notices/files/notices/2025/octobre/9992-mun-poitiers-ifop-la-nouvelle-republique-4-octobre.pdf,/notices/medias/fichiers/add/1974,2025-10-06 13:35:06,2025-10-06 15:18:43+02:00
9993-leg-eure-opinion-way-x-4-octobre.pdf,Leg,2025.0,9993 Leg Eure Opinion Way X 4 octobre,archives/2025/octobre/9993-leg-eure-opinion-way-x-4-octobre.pdf,,archives/2025/octobre/,http://www.commission-des-sondages.fr/notices/files/notices/2025/octobre/9993-leg-eure-opinion-way-x-4-octobre.pdf,/notices/medias/fichiers/add/1975,2025-10-07 08:59:57,2025-10-07 08:49:38+00:00
9994-leg-opinion-way-cnews-8-octobre.pdf,Leg,2025.0,9994 Leg Opinion Way Cnews 8 octobre,archives/2025/octobre/9994-leg-opinion-way-cnews-8-octobre.pdf,,archives/2025/octobre/,http://www.commission-des-sondages.fr/notices/files/notices/2025/octobre/9994-leg-opinion-way-cnews-8-octobre.pdf,/notices/medias/fichiers/add/1976,2025-10-08 07:35:57,2025-10-08 07:03:16+00:00
9995-pres-toluna-harris-interactive-rtl-8-octobre.pdf,Pres,2025.0,9995 Pres Toluna Harris Interactive RTL 8 octobre,archives/2025/octobre/9995-pres-toluna-harris-interactive-rtl-8-octobre.pdf,,archives/2025/octobre/,http://www.commission-des-sondages.fr/notices/files/notices/2025/octobre/9995-pres-toluna-harris-interactive-rtl-8-octobre.pdf,/notices/medias/fichiers/add/1977,2025-10-08 11:55:10,2025-10-07 23:50:09+02:00
9996-leg-ifop-le-figaro-sud-radio-lci-9-octobre.pdf,Leg,2025.0,9996 Leg IFOP Le Figaro Sud Radio LCI 9 octobre,archives/2025/octobre/9996-leg-ifop-le-figaro-sud-radio-lci-9-octobre.pdf,,archives/2025/octobre/,http://www.commission-des-sondages.fr/notices/files/notices/2025/octobre/9996-leg-ifop-le-figaro-sud-radio-lci-9-octobre.pdf,/notices/medias/fichiers/add/1978,2025-10-10 05:36:52,2025-10-09 18:56:30+02:00
9997-mun-lyon-verian-mag2lyon-14-octobre.pdf,Mun,2025.0,9997 Mun Lyon VERIAN Mag2Lyon 14 octobre,archives/2025/octobre/9997-mun-lyon-verian-mag2lyon-14-octobre.pdf,,archives/2025/octobre/,http://www.commission-des-sondages.fr/notices/files/notices/2025/octobre/9997-mun-lyon-verian-mag2lyon-14-octobre.pdf,/notices/medias/fichiers/add/1979,2025-10-14 12:45:34,2025-10-14 12:17:41+02:00
9998-mun-tours-ifop-ici-touraine-14-octobre.pdf,Mun,2025.0,9998 Mun Tours IFOP Ici Touraine 14 octobre,archives/2025/octobre/9998-mun-tours-ifop-ici-touraine-14-octobre.pdf,,archives/2025/octobre/,http://www.commission-des-sondages.fr/notices/files/notices/2025/octobre/9998-mun-tours-ifop-ici-touraine-14-octobre.pdf,/notices/medias/fichiers/add/1980,2025-10-15 07:17:03,2025-10-14 17:56:29+02:00
9999-mun-saint-etienne-opinion-way-le-progres-7-octobre.pdf,Mun,2025.0,9999 Mun Saint-Etienne OPINION WAY Le Progres 7 octobre,archives/2025/octobre/9999-mun-saint-etienne-opinion-way-le-progres-7-octobre.pdf,,archives/2025/octobre/,http://www.commission-des-sondages.fr/notices/files/notices/2025/octobre/9999-mun-saint-etienne-opinion-way-le-progres-7-octobre.pdf,/notices/medias/fichiers/add/1981,2025-10-15 11:20:02,2025-10-15 10:12:58+00:00
10000-mun-carpentras-ifop-la-provence-16-octobre.pdf,,,10000 Mun Carpentras IFOP La Provence 16 octobre,archives/2025/octobre/10000-mun-carpentras-ifop-la-provence-16-octobre.pdf,,archives/2025/octobre/,http://www.commission-des-sondages.fr/notices/files/notices/2025/octobre/10000-mun-carpentras-ifop-la-provence-16-octobre.pdf,,2025-10-17 05:38:52,2025-10-15 12:48:38+02:00
10000-mun-brest-cluster17-le-telegramme-16-octobre.pdf,Mun,2025.0,10000 Mun Brest Cluster17 Le Telegramme 16 octobre,archives/2025/octobre/10000-mun-brest-cluster17-le-telegramme-16-octobre.pdf,,archives/2025/octobre/,http://www.commission-des-sondages.fr/notices/files/notices/2025/octobre/10000-mun-brest-cluster17-le-telegramme-16-octobre.pdf,/notices/medias/fichiers/add/1983,2025-10-17 08:37:47,2025-10-17 10:21:16+02:00
10000-mun-carpentras-ifop-la-provence-16-octobre.pdf,Mun,2025.0,10001 Mun Carpentras IFOP La Provence 16 octobre,archives/2025/octobre/10000-mun-carpentras-ifop-la-provence-16-octobre.pdf,,archives/2025/octobre/,http://www.commission-des-sondages.fr/notices/files/notices/2025/octobre/10000-mun-carpentras-ifop-la-provence-16-octobre.pdf,/notices/medias/fichiers/add/1982,2025-10-17 05:38:52,
10002-mun-paris-verian-le-parisien-22-octobre.pdf,Mun,2025.0,10002 Mun Paris VERIAN Le Parisien 22 octobre,archives/2025/octobre/10002-mun-paris-verian-le-parisien-22-octobre.pdf,,archives/2025/octobre/,http://www.commission-des-sondages.fr/notices/files/notices/2025/octobre/10002-mun-paris-verian-le-parisien-22-octobre.pdf,/notices/medias/fichiers/add/1985,2025-10-23 11:38:13,2025-10-23 11:50:31+02:00
9968-leg-ipsos-la-tribune-dimanche-12-juillet.pdf,Leg,2025.0,9968 Leg Ipsos BVA La Tribune dimanche 12 juillet,archives/2025/juillet/9968-leg-ipsos-la-tribune-dimanche-12-juillet.pdf,,archives/2025/juillet/,http://www.commission-des-sondages.fr/notices/files/notices/2025/juillet/9968-leg-ipsos-la-tribune-dimanche-12-juillet.pdf,/notices/medias/fichiers/add/1950,2025-07-13 06:58:21,
9970-mun-transition-ecologique-ipsos-idex-17-juillet.pdf,Mun,2025.0,9970 Mun transition ecologique IPSOSBVA Idex 17 juillet,archives/2025/juillet/9970-mun-transition-ecologique-ipsos-idex-17-juillet.pdf,,archives/2025/juillet/,http://www.commission-des-sondages.fr/notices/files/notices/2025/juillet/9970-mun-transition-ecologique-ipsos-idex-17-juillet.pdf,/notices/medias/fichiers/add/1952,2025-07-18 07:28:19,
9998-bis-mun-tours-ifop-la-nouvelle-rep-17-octobre.pdf,Mun,2025.0,9998 bis Mun Tours IFOP  La Nouvelle Rep 17 octobre,archives/2025/octobre/9998-bis-mun-tours-ifop-la-nouvelle-rep-17-octobre.pdf,,archives/2025/octobre/,http://www.commission-des-sondages.fr/notices/files/notices/2025/octobre/9998-bis-mun-tours-ifop-la-nouvelle-rep-17-octobre.pdf,/notices/medias/fichiers/add/1987,2025-10-27 09:29:14,2025-10-17 18:48:50+02:00
10003-mun-tours-cluster-17-la-nouvelle-republique-26-octobre.pdf,Mun,2025.0,10003 Mun Tours CLUSTER 17 La Nouvelle Republique 26 octobre,archives/2025/octobre/10003-mun-tours-cluster-17-la-nouvelle-republique-26-octobre.pdf,,archives/2025/octobre/,http://www.commission-des-sondages.fr/notices/files/notices/2025/octobre/10003-mun-tours-cluster-17-la-nouvelle-republique-26-octobre.pdf,/notices/medias/fichiers/add/1986,2025-10-27 08:07:58,2025-10-26 19:19:44+01:00
10004-leg-ifop-iv-des-patrons-tpe-24-octobre.pdf,Leg,2025.0,10004 Leg IFOP IV des patrons TPE 24 octobre,archives/2025/octobre/10004-leg-ifop-iv-des-patrons-tpe-24-octobre.pdf,,archives/2025/octobre/,http://www.commission-des-sondages.fr/notices/files/notices/2025/octobre/10004-leg-ifop-iv-des-patrons-tpe-24-octobre.pdf,/notices/medias/fichiers/add/1988,2025-10-27 16:41:19,2025-10-27 12:36:55+01:00
10005-mun-lyon-opinion-way-lyon-mag-30-octobre.pdf,Mun,2025.0,10005 Mun Lyon OPINION WAY Lyon Mag 30 octobre,archives/2025/octobre/10005-mun-lyon-opinion-way-lyon-mag-30-octobre.pdf,,archives/2025/octobre/,http://www.commission-des-sondages.fr/notices/files/notices/2025/octobre/10005-mun-lyon-opinion-way-lyon-mag-30-octobre.pdf,/notices/medias/fichiers/add/1989,2025-10-30 08:28:51,2025-10-30 07:55:35+00:00
10006-mun-montpellier-ifopcontournement-ouest-herault-tribune-8-octobre.pdf,Mun,2025.0,10006 Mun Montpellier IFOPContournement Ouest Herault tribune 8 octobre,archives/2025/octobre/10006-mun-montpellier-ifopcontournement-ouest-herault-tribune-8-octobre.pdf,,archives/2025/octobre/,http://www.commission-des-sondages.fr/notices/files/notices/2025/octobre/10006-mun-montpellier-ifopcontournement-ouest-herault-tribune-8-octobre.pdf,/notices/medias/fichiers/add/1990,2025-10-31 07:19:13,2025-10-30 18:12:40+01:00
10007-pres-elabe-bfmtv-la-tribune-1er-novembre.pdf,Pres,2025.0,10007 Pres ELABE BFMTV La Tribune 1er novembre,archives/2025/novembre/10007-pres-elabe-bfmtv-la-tribune-1er-novembre.pdf,,archives/2025/novembre/,http://www.commission-des-sondages.fr/notices/files/notices/2025/novembre/10007-pres-elabe-bfmtv-la-tribune-1er-novembre.pdf,/notices/medias/fichiers/add/1991,2025-11-02 07:19:38,2025-11-01 18:39:53+01:00
10008-mun-paris-ifop-le-figaro-sud-radio-4-novembre.pdf,Mun,2025.0,10008 Mun Paris IFOP Le Figaro Sud Radio 4 novembre,archives/2025/novembre/10008-mun-paris-ifop-le-figaro-sud-radio-4-novembre.pdf,,archives/2025/novembre/,http://www.commission-des-sondages.fr/notices/files/notices/2025/novembre/10008-mun-paris-ifop-le-figaro-sud-radio-4-novembre.pdf,/notices/medias/fichiers/add/1992,2025-11-05 07:06:14,2025-11-04 18:23:29+01:00
10009-mun-rouen-toluna-harris-interactive-france-3-4-novembre.pdf,Mun,2025.0,10009 Mun Rouen TOLUNA HARRIS INTERACTIVE France 3 4 novembre,archives/2025/novembre/10009-mun-rouen-toluna-harris-interactive-france-3-4-novembre.pdf,,archives/2025/novembre/,http://www.commission-des-sondages.fr/notices/files/notices/2025/novembre/10009-mun-rouen-toluna-harris-interactive-france-3-4-novembre.pdf,/notices/medias/fichiers/add/1993,2025-11-05 09:32:39,2025-11-04 18:18:01+01:00
10010-mun-marseille-ifop-la-provence-7-novembre.pdf,Mun,2025.0,10010 Mun Marseille IFOP La Provence 7 novembre,archives/2025/novembre/10010-mun-marseille-ifop-la-provence-7-novembre.pdf,,archives/2025/novembre/,http://www.commission-des-sondages.fr/notices/files/notices/2025/novembre/10010-mun-marseille-ifop-la-provence-7-novembre.pdf,/notices/medias/fichiers/add/1994,2025-11-08 10:04:17,2025-11-07 16:42:54+01:00
10011-mun-marseille-cluster-17-politico-9-novembre.pdf,Mun,2025.0,10011 Mun Marseille CLUSTER 17 Politico 9 novembre,archives/2025/novembre/10011-mun-marseille-cluster-17-politico-9-novembre.pdf,,archives/2025/novembre/,http://www.commission-des-sondages.fr/notices/files/notices/2025/novembre/10011-mun-marseille-cluster-17-politico-9-novembre.pdf,/notices/medias/fichiers/add/1995,2025-11-09 17:03:29,2025-11-09 16:31:08+01:00
10012-leg-front-republicain-ipsos-bva-le-monde-10-novembre.pdf,Leg,2025.0,10012 Leg front républicain IPSOS BVA Le Monde 10 novembre,archives/2025/novembre/10012-leg-front-republicain-ipsos-bva-le-monde-10-novembre.pdf,,archives/2025/novembre/,http://www.commission-des-sondages.fr/notices/files/notices/2025/novembre/10012-leg-front-republicain-ipsos-bva-le-monde-10-novembre.pdf,/notices/medias/fichiers/add/1996,2025-11-12 08:39:29,2025-11-10 00:03:55+01:00
8965-paris-ifop-cedric-villani.pdf,,2019.0,8965 Paris Ifop Cedric Villani,archives/2019/decembre/8965-paris-ifop-cedric-villani.pdf,,archives/2019/decembre/,http://www.commission-des-sondages.fr/notices/files/notices/2019/decembre/8965-paris-ifop-cedric-villani.pdf,/notices/medias/fichiers/add/1997,2025-11-13 10:40:31,
10013-mun-toulouse-cluster-17-la-depeche-13-novembre.pdf,Mun,2025.0,10013 Mun Toulouse CLUSTER 17 La Dépêche 13 novembre,archives/2025/novembre/10013-mun-toulouse-cluster-17-la-depeche-13-novembre.pdf,,archives/2025/novembre/,http://www.commission-des-sondages.fr/notices/files/notices/2025/novembre/10013-mun-toulouse-cluster-17-la-depeche-13-novembre.pdf,/notices/medias/fichiers/add/1998,2025-11-14 13:39:51,2025-11-14 11:40:13+01:00
10014-mun-etat-esprit-des-francais-ifop-la-tribune-dimanche-17-novembre.pdf,Mun,2025.0,10014 Mun etat esprit des Francais IFOP La Tribune dimanche 17 novembre,archives/2025/novembre/10014-mun-etat-esprit-des-francais-ifop-la-tribune-dimanche-17-novembre.pdf,,archives/2025/novembre/,http://www.commission-des-sondages.fr/notices/files/notices/2025/novembre/10014-mun-etat-esprit-des-francais-ifop-la-tribune-dimanche-17-novembre.pdf,/notices/medias/fichiers/add/1999,2025-11-19 07:06:39,2025-11-18 17:46:28+01:00
10015-mun-regard-des-francais-cluster-17-la-gazette-des-communes-17-novembre.pdf,Mun,2025.0,10015 Mun regard des Francais CLUSTER 17 La Gazette des communes 17 novembre,archives/2025/novembre/10015-mun-regard-des-francais-cluster-17-la-gazette-des-communes-17-novembre.pdf,,archives/2025/novembre/,http://www.commission-des-sondages.fr/notices/files/notices/2025/novembre/10015-mun-regard-des-francais-cluster-17-la-gazette-des-communes-17-novembre.pdf,/notices/medias/fichiers/add/2000,2025-11-19 07:07:02,2025-11-18 18:41:54+01:00
10016-mun-ville-de-demain-ifop-la-tribune-12-novembre.pdf,Mun,2025.0,10016 Mun Ville de demain IFOP La Tribune 12 novembre,archives/2025/novembre/10016-mun-ville-de-demain-ifop-la-tribune-12-novembre.pdf,,archives/2025/novembre/,http://www.commission-des-sondages.fr/notices/files/notices/2025/novembre/10016-mun-ville-de-demain-ifop-la-tribune-12-novembre.pdf,/notices/medias/fichiers/add/2001,2025-11-20 16:00:21,2025-11-19 09:58:43+01:00
10019-mun-montpellier-ifop-20-novembre.pdf,Mun,2025.0,10019 Mun Montpellier IFOP 20 novembre,archives/2025/novembre/10019-mun-montpellier-ifop-20-novembre.pdf,,archives/2025/novembre/,http://www.commission-des-sondages.fr/notices/files/notices/2025/novembre/10019-mun-montpellier-ifop-20-novembre.pdf,/notices/medias/fichiers/add/2002,2025-11-21 06:31:12,2025-11-20 23:28:25+01:00
10018-mun-les-francais-et-les-elections-odoxa-20-novembre.pdf,Mun,2025.0,10018 Mun Les Francais et les elections ODOXA 20 novembre,archives/2025/novembre/10018-mun-les-francais-et-les-elections-odoxa-20-novembre.pdf,,archives/2025/novembre/,http://www.commission-des-sondages.fr/notices/files/notices/2025/novembre/10018-mun-les-francais-et-les-elections-odoxa-20-novembre.pdf,/notices/medias/fichiers/add/2005,2025-11-21 10:47:48,2025-11-20 16:19:57+01:00
10020-mun-bordeaux-opinion-way-sud-ouest-20-novembre.pdf,Mun,2025.0,10020 Mun Bordeaux OPINION WAY Sud Ouest 20 novembre,archives/2025/novembre/10020-mun-bordeaux-opinion-way-sud-ouest-20-novembre.pdf,,archives/2025/novembre/,http://www.commission-des-sondages.fr/notices/files/notices/2025/novembre/10020-mun-bordeaux-opinion-way-sud-ouest-20-novembre.pdf,/notices/medias/fichiers/add/2003,2025-11-21 08:37:53,2025-11-21 08:16:27+00:00
10021-mun-lyon-ifop-lyon-capitale-20-novembre.pdf,Mun,2025.0,10021 Mun Lyon IFOP Lyon Capitale 20 novembre,archives/2025/novembre/10021-mun-lyon-ifop-lyon-capitale-20-novembre.pdf,,archives/2025/novembre/,http://www.commission-des-sondages.fr/notices/files/notices/2025/novembre/10021-mun-lyon-ifop-lyon-capitale-20-novembre.pdf,/notices/medias/fichiers/add/2004,2025-11-21 10:00:59,2025-11-21 10:44:45+01:00
10022-mun-lyon-cluster-17-le-telegramme-21-novembre.pdf,,,10022 Mun Lyon CLUSTER 17 Le Telegramme 21 novembre,archives/2025/novembre/10022-mun-lyon-cluster-17-le-telegramme-21-novembre.pdf,,archives/2025/novembre/,http://www.commission-des-sondages.fr/notices/files/notices/2025/novembre/10022-mun-lyon-cluster-17-le-telegramme-21-novembre.pdf,,2025-11-21 16:48:37,2025-11-21 17:32:30+01:00
10022-mun-lyon-cluster-17-le-telegramme-21-novembre.pdf,Mun,2025.0,10022 Mun Lorient CLUSTER 17 Le Telegramme 21 novembre,archives/2025/novembre/10022-mun-lyon-cluster-17-le-telegramme-21-novembre.pdf,,archives/2025/novembre/,http://www.commission-des-sondages.fr/notices/files/notices/2025/novembre/10022-mun-lyon-cluster-17-le-telegramme-21-novembre.pdf,/notices/medias/fichiers/add/2006,2025-11-21 16:48:37,
10023-pres-odoxa-25-novembre.pdf,Pres,2025.0,10023 Pres ODOXA 25 novembre,archives/2025/novembre/10023-pres-odoxa-25-novembre.pdf,,archives/2025/novembre/,http://www.commission-des-sondages.fr/notices/files/notices/2025/novembre/10023-pres-odoxa-25-novembre.pdf,/notices/medias/fichiers/add/2007,2025-11-25 07:05:51,2025-11-24 16:56:58+01:00
10024-pres-verian-lhemicycle-27-novembre.pdf,Pres,2025.0,10024 Pres VERIAN LHemicycle 27 novembre,archives/2025/novembre/10024-pres-verian-lhemicycle-27-novembre.pdf,,archives/2025/novembre/,http://www.commission-des-sondages.fr/notices/files/notices/2025/novembre/10024-pres-verian-lhemicycle-27-novembre.pdf,/notices/medias/fichiers/add/2008,2025-11-28 15:28:29,2025-11-26 17:23:09+01:00
10025-mun-montpellier-ifop-metropolitain-29-novembre.pdf,Mun,2025.0,10025 Mun Montpellier IFOP Metropolitain 29 novembre,archives/2025/novembre/10025-mun-montpellier-ifop-metropolitain-29-novembre.pdf,,archives/2025/novembre/,http://www.commission-des-sondages.fr/notices/files/notices/2025/novembre/10025-mun-montpellier-ifop-metropolitain-29-novembre.pdf,/notices/medias/fichiers/add/2104,2025-11-29 07:41:10,2025-11-28 19:04:12+01:00
10026-mun-besancon-ifop-plein-air-2-decembre.pdf,Mun,2025.0,10026 Mun Besancon IFOP Plein Air 2 decembre,archives/2025/decembre/10026-mun-besancon-ifop-plein-air-2-decembre.pdf,,archives/2025/decembre/,http://www.commission-des-sondages.fr/notices/files/notices/2025/decembre/10026-mun-besancon-ifop-plein-air-2-decembre.pdf,/notices/medias/fichiers/add/2010,2025-12-02 13:32:02,2025-12-02 12:03:19+01:00
10027-pres-rn-ipsos-bva-lopinion-4-decembre.pdf,Pres,2025.0,10027 Pres RN IPSOS BVA Lopinion 4 decembre,archives/2025/decembre/10027-pres-rn-ipsos-bva-lopinion-4-decembre.pdf,,archives/2025/decembre/,http://www.commission-des-sondages.fr/notices/files/notices/2025/decembre/10027-pres-rn-ipsos-bva-lopinion-4-decembre.pdf,/notices/medias/fichiers/add/2011,2025-12-04 07:43:38,2025-12-03 15:38:03+01:00
10028-mun-marseille-ifop-la-provence-sud-radio-5-decembre.pdf,Mun,2025.0,10028 Mun Marseille IFOP La Provence Sud Radio 5 decembre,archives/2025/decembre/10028-mun-marseille-ifop-la-provence-sud-radio-5-decembre.pdf,,archives/2025/decembre/,http://www.commission-des-sondages.fr/notices/files/notices/2025/decembre/10028-mun-marseille-ifop-la-provence-sud-radio-5-decembre.pdf,/notices/medias/fichiers/add/2012,2025-12-05 17:56:49,2025-12-05 15:07:58+01:00
10029-mun-perpignan-ifop-lindependant-8-decembre.pdf,Mun,2025.0,10029 Mun Perpignan IFOP Lindependant 8 decembre,archives/2025/decembre/10029-mun-perpignan-ifop-lindependant-8-decembre.pdf,,archives/2025/decembre/,http://www.commission-des-sondages.fr/notices/files/notices/2025/decembre/10029-mun-perpignan-ifop-lindependant-8-decembre.pdf,/notices/medias/fichiers/add/2013,2025-12-08 20:56:41,2025-12-08 18:23:34+01:00
10030-mun-strasbourg-elabe-dernieres-nouvelles-alsace-9-decembre.pdf,Mun,2025.0,10030 Mun Strasbourg ELABE Dernieres nouvelles Alsace 9 decembre,archives/2025/decembre/10030-mun-strasbourg-elabe-dernieres-nouvelles-alsace-9-decembre.pdf,,archives/2025/decembre/,http://www.commission-des-sondages.fr/notices/files/notices/2025/decembre/10030-mun-strasbourg-elabe-dernieres-nouvelles-alsace-9-decembre.pdf,/notices/medias/fichiers/add/2014,2025-12-10 07:07:22,2025-12-09 16:04:23+01:00
10032-mun-paris-ipsos-bva-le-parisien-14-decembre.pdf,Mun,2025.0,10032 Mun Paris IPSOS BVA Le Parisien 14 decembre,archives/2025/decembre/10032-mun-paris-ipsos-bva-le-parisien-14-decembre.pdf,,archives/2025/decembre/,http://www.commission-des-sondages.fr/notices/files/notices/2025/decembre/10032-mun-paris-ipsos-bva-le-parisien-14-decembre.pdf,/notices/medias/fichiers/add/2015,2025-12-14 08:34:59,2025-12-12 18:46:08+01:00
10033-mun-odoxa-barometre-politique-16-decembre.pdf,Mun,2025.0,10033 Mun ODOXA Barometre politique 16 decembre,archives/2025/decembre/10033-mun-odoxa-barometre-politique-16-decembre.pdf,,archives/2025/decembre/,http://www.commission-des-sondages.fr/notices/files/notices/2025/decembre/10033-mun-odoxa-barometre-politique-16-decembre.pdf,/notices/medias/fichiers/add/2016,2025-12-16 07:31:20,2025-12-15 16:43:46+01:00
10034-mun-castelnau-le-lez-ifop-midi-libre-13-decembre.pdf,Mun,2025.0,10034 Mun Castelnau-le-Lez IFOP Midi Libre 13 decembre,archives/2025/decembre/10034-mun-castelnau-le-lez-ifop-midi-libre-13-decembre.pdf,,archives/2025/decembre/,http://www.commission-des-sondages.fr/notices/files/notices/2025/decembre/10034-mun-castelnau-le-lez-ifop-midi-libre-13-decembre.pdf,/notices/medias/fichiers/add/2017,2025-12-16 08:46:06,2025-12-15 12:09:36+01:00
10036-mun-montpellier-toluna-harris-interactive-midi-libre-18-decembre.pdf,Mun,2025.0,10036 Mun Montpellier TOLUNA HARRIS INTERACTIVE Midi Libre 18 decembre,archives/2025/decembre/10036-mun-montpellier-toluna-harris-interactive-midi-libre-18-decembre.pdf,,archives/2025/decembre/,http://www.commission-des-sondages.fr/notices/files/notices/2025/decembre/10036-mun-montpellier-toluna-harris-interactive-midi-libre-18-decembre.pdf,/notices/medias/fichiers/add/2019,2025-12-19 12:59:24,2025-12-19 11:29:11+01:00
10037-mun-avignon-ifop-la-provence-sud-radio-19-decembre.pdf,Mun,2025.0,10037 Mun Avignon IFOP La Provence Sud Radio 19 decembre,archives/2025/decembre/10037-mun-avignon-ifop-la-provence-sud-radio-19-decembre.pdf,,archives/2025/decembre/,http://www.commission-des-sondages.fr/notices/files/notices/2025/decembre/10037-mun-avignon-ifop-la-provence-sud-radio-19-decembre.pdf,/notices/medias/fichiers/add/2020,2025-12-19 17:27:34,2025-12-19 16:34:04+01:00
10038-mun-arles-ifop-la-provence-19-decembre.pdf,Mun,2025.0,10038 Mun Arles IFOP La Provence 19 decembre,archives/2025/decembre/10038-mun-arles-ifop-la-provence-19-decembre.pdf,,archives/2025/decembre/,http://www.commission-des-sondages.fr/notices/files/notices/2025/decembre/10038-mun-arles-ifop-la-provence-19-decembre.pdf,/notices/medias/fichiers/add/2021,2025-12-20 08:07:11,2025-12-19 16:32:00+01:00
10040-mun-lyon-opinion-way-lyon-mag-22-decembre.pdf,Mun,2025.0,10040 Mun Lyon OPINION WAY Lyon Mag 22 decembre,archives/2025/decembre/10040-mun-lyon-opinion-way-lyon-mag-22-decembre.pdf,,archives/2025/decembre/,http://www.commission-des-sondages.fr/notices/files/notices/2025/decembre/10040-mun-lyon-opinion-way-lyon-mag-22-decembre.pdf,/notices/medias/fichiers/add/2022,2025-12-23 17:33:25,2025-12-23 11:45:45+00:00
10041-mun-paris-cluster-17-lopinion-23-decembre.pdf,Mun,2025.0,10041 Mun Paris CLUSTER 17 Lopinion 23 decembre,archives/2025/decembre/10041-mun-paris-cluster-17-lopinion-23-decembre.pdf,,archives/2025/decembre/,http://www.commission-des-sondages.fr/notices/files/notices/2025/decembre/10041-mun-paris-cluster-17-lopinion-23-decembre.pdf,/notices/medias/fichiers/add/2023,2025-12-24 13:23:37,2025-12-24 11:13:08+01:00
10035-pres-verian-lhemicycle-12-decembre.pdf,Pres,2025.0,10035 Pres VERIAN Lhemicycle 12 decembre,archives/2025/decembre/10035-pres-verian-lhemicycle-12-decembre.pdf,,archives/2025/decembre/,http://www.commission-des-sondages.fr/notices/files/notices/2025/decembre/10035-pres-verian-lhemicycle-12-decembre.pdf,/notices/medias/fichiers/add/2026,2025-12-25 17:25:18,2025-12-12 16:14:36+01:00
10039-mun-besancon-cluster-17-france-3-regions-19-decembre.pdf,Mun,2025.0,10039 Mun Besancon CLUSTER 17 France 3 Regions 19 decembre,archives/2025/decembre/10039-mun-besancon-cluster-17-france-3-regions-19-decembre.pdf,,archives/2025/decembre/,http://www.commission-des-sondages.fr/notices/files/notices/2025/decembre/10039-mun-besancon-cluster-17-france-3-regions-19-decembre.pdf,/notices/medias/fichiers/add/2024,2025-12-25 17:22:34,2025-12-19 19:54:46+01:00
10042-mun-beziers-ifop-entrevue-fr-4-janvier.pdf,Mun,2026.0,10042 Mun Beziers IFOP Entrevue.fr 4 janvier,archives/2026/janvier/10042-mun-beziers-ifop-entrevue-fr-4-janvier.pdf,,archives/2026/janvier/,http://www.commission-des-sondages.fr/notices/files/notices/2026/janvier/10042-mun-beziers-ifop-entrevue-fr-4-janvier.pdf,/notices/medias/fichiers/add/2027,2026-01-05 17:33:30,2026-01-05 17:59:46+01:00
10043-mun-paris-ifop-l-opinion-sud-radio-10-janvier.pdf,Mun,2026.0,10043 Mun Paris IFOP L'Opinion Sud Radio 10 janvier,archives/2026/janvier/10043-mun-paris-ifop-l-opinion-sud-radio-10-janvier.pdf,,archives/2026/janvier/,http://www.commission-des-sondages.fr/notices/files/notices/2026/janvier/10043-mun-paris-ifop-l-opinion-sud-radio-10-janvier.pdf,/notices/medias/fichiers/add/2028,2026-01-10 20:08:58,2026-01-09 17:35:05+01:00
10044-mun-les-francais-et-les-mun-elabe-10-janvier.pdf,Mun,2026.0,10044 Mun Les Français et les mun ELABE 10 janvier,archives/2026/janvier/10044-mun-les-francais-et-les-mun-elabe-10-janvier.pdf,,archives/2026/janvier/,http://www.commission-des-sondages.fr/notices/files/notices/2026/janvier/10044-mun-les-francais-et-les-mun-elabe-10-janvier.pdf,/notices/medias/fichiers/add/2029,2026-01-11 09:28:27,2026-01-10 16:12:02+01:00
10045-mun-paris-elabe-10-janvier.pdf,Mun,2026.0,10045 Mun Paris ELABE 10 janvier,archives/2026/janvier/10045-mun-paris-elabe-10-janvier.pdf,,archives/2026/janvier/,http://www.commission-des-sondages.fr/notices/files/notices/2026/janvier/10045-mun-paris-elabe-10-janvier.pdf,/notices/medias/fichiers/add/2030,2026-01-11 09:33:53,2026-01-10 16:10:50+01:00
10031-mun-annecy-ifop-le-dauphine-libere-11-janvier.pdf,Mun,2026.0,10031 Mun Annecy IFOP Le Dauphine libere 11 janvier,archives/2026/janvier/10031-mun-annecy-ifop-le-dauphine-libere-11-janvier.pdf,,archives/2026/janvier/,http://www.commission-des-sondages.fr/notices/files/notices/2026/janvier/10031-mun-annecy-ifop-le-dauphine-libere-11-janvier.pdf,/notices/medias/fichiers/add/2032,2026-01-12 13:32:01,2025-12-11 17:43:50+01:00
10046-mun-marseille-ipsos-bva-la-marseillaise-12-janvier.pdf,Mun,2026.0,10046 Mun Marseille IPSOS BVA La Marseillaise 12 janvier,archives/2026/janvier/10046-mun-marseille-ipsos-bva-la-marseillaise-12-janvier.pdf,,archives/2026/janvier/,http://www.commission-des-sondages.fr/notices/files/notices/2026/janvier/10046-mun-marseille-ipsos-bva-la-marseillaise-12-janvier.pdf,/notices/medias/fichiers/add/2031,2026-01-12 08:39:09,2026-01-09 18:12:01+01:00
10047-mun-listes-citoyennes-ifop-frequence-commune-8-janvier.pdf,Mun,2026.0,10047 Mun listes citoyennes IFOP Frequence commune 8 janvier,archives/2026/janvier/10047-mun-listes-citoyennes-ifop-frequence-commune-8-janvier.pdf,,archives/2026/janvier/,http://www.commission-des-sondages.fr/notices/files/notices/2026/janvier/10047-mun-listes-citoyennes-ifop-frequence-commune-8-janvier.pdf,/notices/medias/fichiers/add/2033,2026-01-12 13:48:16,2026-01-12 11:07:39+01:00
10048-mun-barometre-1ere-vague-opinionway-les-echos-13-janvier.pdf,Mun,2026.0,10048 Mun Barometre 1ere vague OPINIONWAY Les Echos 13 janvier,archives/2026/janvier/10048-mun-barometre-1ere-vague-opinionway-les-echos-13-janvier.pdf,,archives/2026/janvier/,http://www.commission-des-sondages.fr/notices/files/notices/2026/janvier/10048-mun-barometre-1ere-vague-opinionway-les-echos-13-janvier.pdf,/notices/medias/fichiers/add/2034,2026-01-14 09:08:28,2026-01-13 17:47:45+00:00
10049-pres-potentiel-vote-rn-cluster-17-marianne-14-janvier.pdf,Pres,2026.0,10049 Pres potentiel vote RN CLUSTER 17 Marianne 14 janvier,archives/2026/janvier/10049-pres-potentiel-vote-rn-cluster-17-marianne-14-janvier.pdf,,archives/2026/janvier/,http://www.commission-des-sondages.fr/notices/files/notices/2026/janvier/10049-pres-potentiel-vote-rn-cluster-17-marianne-14-janvier.pdf,/notices/medias/fichiers/add/2035,2026-01-15 15:13:58,2026-01-15 15:10:53+01:00
10050-mun-transition-ecologique-ifop-les-echos-15-janvier.pdf,Mun,2026.0,10050 Mun transition ecologique IFOP Les Echos 15 janvier,archives/2026/janvier/10050-mun-transition-ecologique-ifop-les-echos-15-janvier.pdf,,archives/2026/janvier/,http://www.commission-des-sondages.fr/notices/files/notices/2026/janvier/10050-mun-transition-ecologique-ifop-les-echos-15-janvier.pdf,/notices/medias/fichiers/add/2036,2026-01-16 08:29:16,2026-01-15 18:24:30+01:00
10051-mun-tours-opinionway-la-nouvelle-republique-16-janvier.pdf,Mun,2026.0,10051 Mun Tours OPINIONWAY La Nouvelle République 16 janvier,archives/2026/janvier/10051-mun-tours-opinionway-la-nouvelle-republique-16-janvier.pdf,,archives/2026/janvier/,http://www.commission-des-sondages.fr/notices/files/notices/2026/janvier/10051-mun-tours-opinionway-la-nouvelle-republique-16-janvier.pdf,/notices/medias/fichiers/add/2037,2026-01-16 15:42:58,2026-01-16 14:54:20+00:00
10052-mun-dijon-opinionway-le-bien-public-16-janvier.pdf,Mun,2026.0,10052 Mun Dijon OPINIONWAY Le Bien public 16 janvier,archives/2026/janvier/10052-mun-dijon-opinionway-le-bien-public-16-janvier.pdf,,archives/2026/janvier/,http://www.commission-des-sondages.fr/notices/files/notices/2026/janvier/10052-mun-dijon-opinionway-le-bien-public-16-janvier.pdf,/notices/medias/fichiers/add/2038,2026-01-16 15:43:06,2026-01-16 14:40:54+00:00
10053-mun-marseille-opinionway-jdd-17-janvier.pdf,Mun,2026.0,10053 Mun Marseille OPINIONWAY JDD 17 janvier,archives/2026/janvier/10053-mun-marseille-opinionway-jdd-17-janvier.pdf,,archives/2026/janvier/,http://www.commission-des-sondages.fr/notices/files/notices/2026/janvier/10053-mun-marseille-opinionway-jdd-17-janvier.pdf,/notices/medias/fichiers/add/2039,2026-01-19 19:01:39,2026-01-19 17:51:14+00:00
10054-mun-paris-ifop-le-parisien-sud-radio-lci-24-janvier.pdf,Mun,2026.0,10054 Mun Paris IFOP Le Parisien Sud Radio LCI 24 janvier,archives/2026/janvier/10054-mun-paris-ifop-le-parisien-sud-radio-lci-24-janvier.pdf,,archives/2026/janvier/,http://www.commission-des-sondages.fr/notices/files/notices/2026/janvier/10054-mun-paris-ifop-le-parisien-sud-radio-lci-24-janvier.pdf,/notices/medias/fichiers/add/2040,2026-01-24 19:51:52,2026-01-24 12:29:41+01:00
10055-mun-lyon-opinionway-lyonmag-26-janvier.pdf,Mun,2026.0,10055 Mun Lyon OPINIONWAY LyonMag 26 janvier,archives/2026/janvier/10055-mun-lyon-opinionway-lyonmag-26-janvier.pdf,,archives/2026/janvier/,http://www.commission-des-sondages.fr/notices/files/notices/2026/janvier/10055-mun-lyon-opinionway-lyonmag-26-janvier.pdf,/notices/medias/fichiers/add/2041,2026-01-26 18:54:26,2026-01-26 18:04:03+00:00
10056-mun-clichy-cluster-17-vivre-clichy-26-janvier.pdf,Mun,2026.0,10056 Mun Clichy CLUSTER 17 Vivre Clichy 26 janvier,archives/2026/janvier/10056-mun-clichy-cluster-17-vivre-clichy-26-janvier.pdf,,archives/2026/janvier/,http://www.commission-des-sondages.fr/notices/files/notices/2026/janvier/10056-mun-clichy-cluster-17-vivre-clichy-26-janvier.pdf,/notices/medias/fichiers/add/2042,2026-01-27 08:34:36,2026-01-27 09:02:05+01:00
10057-mun-lyon-metropole-opinionway-lyonmag-27-janvier.pdf,Mun,2026.0,10057 Mun Lyon Metropole OPINIONWAY LyonMag 27 janvier,archives/2026/janvier/10057-mun-lyon-metropole-opinionway-lyonmag-27-janvier.pdf,,archives/2026/janvier/,http://www.commission-des-sondages.fr/notices/files/notices/2026/janvier/10057-mun-lyon-metropole-opinionway-lyonmag-27-janvier.pdf,/notices/medias/fichiers/add/2043,2026-01-27 16:13:28,2026-01-27 08:38:51+00:00
9908-mun-lyon-cluster-17-actu-lyon-18-mars.pdf,Mun,2025.0,9908 Mun Lyon CLUSTER 17 Actu Lyon 18 mars,archives/2025/mars/9908-mun-lyon-cluster-17-actu-lyon-18-mars.pdf,,archives/2025/mars/,http://www.commission-des-sondages.fr/notices/files/notices/2025/mars/9908-mun-lyon-cluster-17-actu-lyon-18-mars.pdf,/notices/medias/fichiers/add/2045,2026-01-28 13:57:03,2025-03-17 17:39:36+01:00
9962-mun-lyon-toluna-harris-interactive-actu-lyon-28-juin.pdf,Mun,2025.0,9962 Mun Lyon TOLUNA HARRIS INTERACTIVE Actu Lyon 28 juin,archives/2025/juin/9962-mun-lyon-toluna-harris-interactive-actu-lyon-28-juin.pdf,,archives/2025/juin/,http://www.commission-des-sondages.fr/notices/files/notices/2025/juin/9962-mun-lyon-toluna-harris-interactive-actu-lyon-28-juin.pdf,/notices/medias/fichiers/add/2044,2026-01-28 13:55:24,
10058-mun-toulon-ifop-var-matin-28-janvier.pdf,Mun,2026.0,10058 Mun Toulon IFOP Var matin 28 janvier,archives/2026/janvier/10058-mun-toulon-ifop-var-matin-28-janvier.pdf,,archives/2026/janvier/,http://www.commission-des-sondages.fr/notices/files/notices/2026/janvier/10058-mun-toulon-ifop-var-matin-28-janvier.pdf,/notices/medias/fichiers/add/2046,2026-01-28 15:38:15,2026-01-28 15:17:23+01:00
10059-pres-bloc-central-droite-elabe-bfmtv-28-janvier.pdf,Pres,2026.0,10059 Pres bloc central droite ELABE BFMTV 28 janvier,archives/2026/janvier/10059-pres-bloc-central-droite-elabe-bfmtv-28-janvier.pdf,,archives/2026/janvier/,http://www.commission-des-sondages.fr/notices/files/notices/2026/janvier/10059-pres-bloc-central-droite-elabe-bfmtv-28-janvier.pdf,/notices/medias/fichiers/add/2047,2026-01-29 07:12:55,2026-01-28 17:17:48+01:00
10051-mun-la-reunion-sagis-territoires-2-fevrier.pdf,,,10051 Mun La Reunion SAGIS Territoires 2 fevrier,archives/2026/fevrier/10051-mun-la-reunion-sagis-territoires-2-fevrier.pdf,,archives/2026/fevrier/,http://www.commission-des-sondages.fr/notices/files/notices/2026/fevrier/10051-mun-la-reunion-sagis-territoires-2-fevrier.pdf,,2026-02-02 16:05:24,2026-01-20 16:24:58+04:00
10051-mun-la-reunion-sagis-territoires-2-fevrier.pdf,Mun,2026.0,10060 Mun La Reunion SAGIS Territoires 2 fevrier,archives/2026/fevrier/10051-mun-la-reunion-sagis-territoires-2-fevrier.pdf,,archives/2026/fevrier/,http://www.commission-des-sondages.fr/notices/files/notices/2026/fevrier/10051-mun-la-reunion-sagis-territoires-2-fevrier.pdf,/notices/medias/fichiers/add/2048,2026-02-02 16:05:24,
10060-mun-paris-cluster-17-politico-2-fevrier.pdf,Mun,2026.0,10061 Mun Paris CLUSTER 17 Politico 2 fevrier,archives/2026/fevrier/10060-mun-paris-cluster-17-politico-2-fevrier.pdf,,archives/2026/fevrier/,http://www.commission-des-sondages.fr/notices/files/notices/2026/fevrier/10060-mun-paris-cluster-17-politico-2-fevrier.pdf,/notices/medias/fichiers/add/2049,2026-02-03 08:38:32,2026-02-02 20:16:04+01:00
10062-mun-lyon-ipsos-bva-le-progres-4-fevrier.pdf,Mun,2026.0,10062 Mun Lyon IPSOS BVA Le Progres 4 fevrier,archives/2026/fevrier/10062-mun-lyon-ipsos-bva-le-progres-4-fevrier.pdf,,archives/2026/fevrier/,http://www.commission-des-sondages.fr/notices/files/notices/2026/fevrier/10062-mun-lyon-ipsos-bva-le-progres-4-fevrier.pdf,/notices/medias/fichiers/add/2054,2026-02-04 19:41:54,2026-02-03 15:13:14+01:00
10063-mun-annecy-ipsos-bva-le-dauphine-libere-4-fevrier.pdf,Mun,2026.0,10063 Mun Annecy IPSOS BVA Le Dauphine libere 4 fevrier,archives/2026/fevrier/10063-mun-annecy-ipsos-bva-le-dauphine-libere-4-fevrier.pdf,,archives/2026/fevrier/,http://www.commission-des-sondages.fr/notices/files/notices/2026/fevrier/10063-mun-annecy-ipsos-bva-le-dauphine-libere-4-fevrier.pdf,/notices/medias/fichiers/add/2053,2026-02-04 18:44:03,2026-02-03 16:06:11+01:00
10064-mun-besancon-ipsos-bva-est-republicain-4-fevrier.pdf,Mun,2026.0,10064 Mun Besancon IPSOS BVA Est republicain 4 fevrier,archives/2026/fevrier/10064-mun-besancon-ipsos-bva-est-republicain-4-fevrier.pdf,,archives/2026/fevrier/,http://www.commission-des-sondages.fr/notices/files/notices/2026/fevrier/10064-mun-besancon-ipsos-bva-est-republicain-4-fevrier.pdf,/notices/medias/fichiers/add/2051,2026-02-04 18:42:39,2026-02-03 16:13:38+01:00
10065-mun-grenoble-ipsos-bva-le-dauphine-libere-4-fevrier.pdf,Mun,2026.0,10065 Mun Grenoble IPSOS BVA Le Dauphine libere 4 fevrier,archives/2026/fevrier/10065-mun-grenoble-ipsos-bva-le-dauphine-libere-4-fevrier.pdf,,archives/2026/fevrier/,http://www.commission-des-sondages.fr/notices/files/notices/2026/fevrier/10065-mun-grenoble-ipsos-bva-le-dauphine-libere-4-fevrier.pdf,/notices/medias/fichiers/add/2050,2026-02-04 18:42:09,2026-02-03 16:15:39+01:00
10066-mun-strasbourg-ipsos-bva-dna-4-fevrier.pdf,Mun,2026.0,10066 Mun Strasbourg IPSOS BVA DNA 4 fevrier,archives/2026/fevrier/10066-mun-strasbourg-ipsos-bva-dna-4-fevrier.pdf,,archives/2026/fevrier/,http://www.commission-des-sondages.fr/notices/files/notices/2026/fevrier/10066-mun-strasbourg-ipsos-bva-dna-4-fevrier.pdf,/notices/medias/fichiers/add/2052,2026-02-04 18:43:21,2026-02-03 16:55:50+01:00
10067-pres-rn-odoxa-5-fevrier.pdf,Pres,2026.0,10067 Pres RN ODOXA 5 fevrier,archives/2026/fevrier/10067-pres-rn-odoxa-5-fevrier.pdf,,archives/2026/fevrier/,http://www.commission-des-sondages.fr/notices/files/notices/2026/fevrier/10067-pres-rn-odoxa-5-fevrier.pdf,/notices/medias/fichiers/add/2055,2026-02-05 16:19:05,2026-02-05 16:16:56+01:00
10068-mun-barometre-vague-2-opinionway-les-echos-radio-classique-8-fevrier.pdf,Mun,2026.0,10068 Mun Baromètre vague 2 OPINIONWAY Les Echos Radio Classique 8 février,archives/2026/fevrier/10068-mun-barometre-vague-2-opinionway-les-echos-radio-classique-8-fevrier.pdf,,archives/2026/fevrier/,http://www.commission-des-sondages.fr/notices/files/notices/2026/fevrier/10068-mun-barometre-vague-2-opinionway-les-echos-radio-classique-8-fevrier.pdf,/notices/medias/fichiers/add/2056,2026-02-09 07:29:20,2026-02-08 13:23:56+00:00
10069-mun-briancon-opinionway-bfm-dici-7-fevrier.pdf,Mun,2026.0,10069 Mun Briancon OPINIONWAY BFM DICI 7 fevrier,archives/2026/fevrier/10069-mun-briancon-opinionway-bfm-dici-7-fevrier.pdf,,archives/2026/fevrier/,http://www.commission-des-sondages.fr/notices/files/notices/2026/fevrier/10069-mun-briancon-opinionway-bfm-dici-7-fevrier.pdf,/notices/medias/fichiers/add/2057,2026-02-09 08:59:16,2026-02-06 11:10:27+00:00
10070-mun-clermont-ferrand-ifop-9-fevrier.pdf,Mun,2026.0,10070 Mun Clermont-Ferrand IFOP 9 fevrier,archives/2026/fevrier/10070-mun-clermont-ferrand-ifop-9-fevrier.pdf,,archives/2026/fevrier/,http://www.commission-des-sondages.fr/notices/files/notices/2026/fevrier/10070-mun-clermont-ferrand-ifop-9-fevrier.pdf,/notices/medias/fichiers/add/2058,2026-02-09 18:32:29,2026-02-09 17:27:05+01:00
10071-mun-toulouse-cluster-17-politico-9-fevrier.pdf,Mun,2026.0,10071 Mun Toulouse CLUSTER 17 Politico 9 Février,archives/2026/fevrier/10071-mun-toulouse-cluster-17-politico-9-fevrier.pdf,,archives/2026/fevrier/,http://www.commission-des-sondages.fr/notices/files/notices/2026/fevrier/10071-mun-toulouse-cluster-17-politico-9-fevrier.pdf,/notices/medias/fichiers/add/2059,2026-02-09 18:44:24,2026-02-09 17:50:56+01:00
10072-mun-nimes-opinionway-objectif-gard-12-fevrier.pdf,Mun,2026.0,10072 Mun Nîmes OPINIONWAY Objectif Gard 12 fevrier,archives/2026/fevrier/10072-mun-nimes-opinionway-objectif-gard-12-fevrier.pdf,,archives/2026/fevrier/,http://www.commission-des-sondages.fr/notices/files/notices/2026/fevrier/10072-mun-nimes-opinionway-objectif-gard-12-fevrier.pdf,/notices/medias/fichiers/add/2060,2026-02-12 08:27:48,2026-02-12 07:55:27+00:00
10073-mun-paris-toluna-harris-interactive-le-parisien-9-fevrier.pdf,Mun,2026.0,10073 Mun Paris TOLUNA HARRIS INTERACTIVE Le Parisien 9 fevrier,archives/2026/fevrier/10073-mun-paris-toluna-harris-interactive-le-parisien-9-fevrier.pdf,,archives/2026/fevrier/,http://www.commission-des-sondages.fr/notices/files/notices/2026/fevrier/10073-mun-paris-toluna-harris-interactive-le-parisien-9-fevrier.pdf,/notices/medias/fichiers/add/2061,2026-02-12 14:28:44,2026-02-12 14:49:50+01:00
10072-mun-amiens-cluster-17-courrier-picard-12-fevrier.pdf,Mun,2026.0,10074 Mun Amiens CLUSTER 17 Courrier Picard 12 fevrier,archives/2026/fevrier/10072-mun-amiens-cluster-17-courrier-picard-12-fevrier.pdf,,archives/2026/fevrier/,http://www.commission-des-sondages.fr/notices/files/notices/2026/fevrier/10072-mun-amiens-cluster-17-courrier-picard-12-fevrier.pdf,/notices/medias/fichiers/add/2062,2026-02-13 08:12:42,2026-02-12 17:02:31+01:00
10075-mun-aix-ifop-la-provence-13-fevrier.pdf,Mun,2026.0,10075 Mun Aix IFOP La Provence 13 fevrier,archives/2026/fevrier/10075-mun-aix-ifop-la-provence-13-fevrier.pdf,,archives/2026/fevrier/,http://www.commission-des-sondages.fr/notices/files/notices/2026/fevrier/10075-mun-aix-ifop-la-provence-13-fevrier.pdf,/notices/medias/fichiers/add/2063,2026-02-14 07:18:10,2026-02-13 14:33:45+01:00
10076-pres-primaire-droite-ifop-jdd-14-fevrier.pdf,Prim,2026.0,10076 Pres Primaire droite IFOP JDD 14 fevrier,archives/2026/fevrier/10076-pres-primaire-droite-ifop-jdd-14-fevrier.pdf,,archives/2026/fevrier/,http://www.commission-des-sondages.fr/notices/files/notices/2026/fevrier/10076-pres-primaire-droite-ifop-jdd-14-fevrier.pdf,/notices/medias/fichiers/add/2064,2026-02-16 12:05:53,2026-02-16 11:59:01+01:00
10077-mun-strasbourg-cluster-17-fevrier.pdf,Mun,2026.0,10077 Mun Strasbourg CLUSTER 17 février,archives/2026/fevrier/10077-mun-strasbourg-cluster-17-fevrier.pdf,,archives/2026/fevrier/,http://www.commission-des-sondages.fr/notices/files/notices/2026/fevrier/10077-mun-strasbourg-cluster-17-fevrier.pdf,/notices/medias/fichiers/add/2065,2026-02-17 07:52:01,2026-02-16 16:47:21+01:00
10078-mun-paris-opinionway-jdd-17-fevrier.pdf,Mun,2026.0,10078 Mun Paris OPINIONWAY JDD 17 février,archives/2026/fevrier/10078-mun-paris-opinionway-jdd-17-fevrier.pdf,,archives/2026/fevrier/,http://www.commission-des-sondages.fr/notices/files/notices/2026/fevrier/10078-mun-paris-opinionway-jdd-17-fevrier.pdf,/notices/medias/fichiers/add/2066,2026-02-17 10:06:28,2026-02-17 08:11:43+00:00
10079-mun-nimes-ifop-midi-libre-17-fevrier.pdf,Mun,2026.0,10079 Mun Nimes IFOP Midi Libre 17 fevrier,archives/2026/fevrier/10079-mun-nimes-ifop-midi-libre-17-fevrier.pdf,,archives/2026/fevrier/,http://www.commission-des-sondages.fr/notices/files/notices/2026/fevrier/10079-mun-nimes-ifop-midi-libre-17-fevrier.pdf,/notices/medias/fichiers/add/2067,2026-02-17 11:16:36,2026-02-16 18:18:48+01:00
10080-mun-nice-cluster-17-politico-17-fevrier.pdf,Mun,2026.0,10080 Mun Nice Cluster 17 Politico 17 Février,archives/2026/fevrier/10080-mun-nice-cluster-17-politico-17-fevrier.pdf,,archives/2026/fevrier/,http://www.commission-des-sondages.fr/notices/files/notices/2026/fevrier/10080-mun-nice-cluster-17-politico-17-fevrier.pdf,/notices/medias/fichiers/add/2068,2026-02-18 08:15:19,2026-02-17 14:53:05+01:00
10081-mun-marseille-elabe-bfm-la-provence-18-fevrier.pdf,Mun,2026.0,10081 Mun Marseille ELABE BFM La Provence 18 février,archives/2026/fevrier/10081-mun-marseille-elabe-bfm-la-provence-18-fevrier.pdf,,archives/2026/fevrier/,http://www.commission-des-sondages.fr/notices/files/notices/2026/fevrier/10081-mun-marseille-elabe-bfm-la-provence-18-fevrier.pdf,/notices/medias/fichiers/add/2069,2026-02-18 18:43:26,2026-02-18 11:44:54+01:00
10082-mun-montpellier-ifop-midi-libre-fevrier.pdf,Mun,2026.0,10082 Mun Montpellier IFOP Midi Libre 19 février,archives/2026/fevrier/10082-mun-montpellier-ifop-midi-libre-fevrier.pdf,,archives/2026/fevrier/,http://www.commission-des-sondages.fr/notices/files/notices/2026/fevrier/10082-mun-montpellier-ifop-midi-libre-fevrier.pdf,/notices/medias/fichiers/add/2070,2026-02-19 07:40:03,2026-02-18 18:28:59+01:00
10083-mun-carcassonne-ifop-lindependant-19-fevrier.pdf,Mun,2026.0,10083 Mun Carcassonne IFOP LIndependant 19 février,archives/2026/fevrier/10083-mun-carcassonne-ifop-lindependant-19-fevrier.pdf,,archives/2026/fevrier/,http://www.commission-des-sondages.fr/notices/files/notices/2026/fevrier/10083-mun-carcassonne-ifop-lindependant-19-fevrier.pdf,/notices/medias/fichiers/add/2071,2026-02-19 07:41:52,2026-02-18 17:35:54+01:00
10084-mun-toulouse-ifop-sud-radio-la-depeche-19-fevrier.pdf,Mun,2026.0,10084 Mun Toulouse IFOP Sud Radio La Depeche 19 février,archives/2026/fevrier/10084-mun-toulouse-ifop-sud-radio-la-depeche-19-fevrier.pdf,,archives/2026/fevrier/,http://www.commission-des-sondages.fr/notices/files/notices/2026/fevrier/10084-mun-toulouse-ifop-sud-radio-la-depeche-19-fevrier.pdf,/notices/medias/fichiers/add/2072,2026-02-19 16:46:36,2026-02-19 17:37:39+01:00
10085-mun-lyon-cluster-17-politico-fevrier.pdf,Mun,2026.0,10085 Mun Lyon Cluster 17 Politico 19 Février,archives/2026/fevrier/10085-mun-lyon-cluster-17-politico-fevrier.pdf,,archives/2026/fevrier/,http://www.commission-des-sondages.fr/notices/files/notices/2026/fevrier/10085-mun-lyon-cluster-17-politico-fevrier.pdf,/notices/medias/fichiers/add/2073,2026-02-20 07:04:49,2026-02-19 22:47:54+01:00
10086-mun-lyon-opinionway-jdd-20-fevrier.pdf,Mun,2026.0,10086 Mun Lyon OPINIONWAY JDD 20 février,archives/2026/fevrier/10086-mun-lyon-opinionway-jdd-20-fevrier.pdf,,archives/2026/fevrier/,http://www.commission-des-sondages.fr/notices/files/notices/2026/fevrier/10086-mun-lyon-opinionway-jdd-20-fevrier.pdf,/notices/medias/fichiers/add/2074,2026-02-20 08:52:51,2026-02-20 08:31:56+00:00
10087-mun-avignon-ifop-ici-vaucluse-la-provence-20-fevrier.pdf,Mun,2026.0,10087 Mun Avignon IFOP Ici Vaucluse La Provence 20 février,archives/2026/fevrier/10087-mun-avignon-ifop-ici-vaucluse-la-provence-20-fevrier.pdf,,archives/2026/fevrier/,http://www.commission-des-sondages.fr/notices/files/notices/2026/fevrier/10087-mun-avignon-ifop-ici-vaucluse-la-provence-20-fevrier.pdf,/notices/medias/fichiers/add/2076,2026-02-21 06:04:09,2026-02-20 18:39:50+01:00
10088-mun-paris-ifop-l-opinion-sud-radio-22-fevrier.pdf,,,10088 Mun Paris IFOP L'Opinion Sud Radio 22 février,archives/2026/fevrier/10088-mun-paris-ifop-l-opinion-sud-radio-22-fevrier.pdf,,archives/2026/fevrier/,http://www.commission-des-sondages.fr/notices/files/notices/2026/fevrier/10088-mun-paris-ifop-l-opinion-sud-radio-22-fevrier.pdf,,2026-02-22 19:23:05,2026-02-20 19:07:48+01:00
10090-mun-montpellier-opinionway-metropolitain-21-fevrier.pdf,Mun,2026.0,10090 Mun Montpellier OPINIONWAY Métropolitain 21 février,archives/2026/fevrier/10090-mun-montpellier-opinionway-metropolitain-21-fevrier.pdf,,archives/2026/fevrier/,http://www.commission-des-sondages.fr/notices/files/notices/2026/fevrier/10090-mun-montpellier-opinionway-metropolitain-21-fevrier.pdf,/notices/medias/fichiers/add/2078,2026-02-23 12:49:56,2026-02-23 08:00:33+00:00
10093-mun-lyon-elabe-bfmtv-le-figaro-23-fevrier.pdf,Mun,2026.0,10093 Mun Lyon ELABE BFMTV Le Figaro 23 février,archives/2026/fevrier/10093-mun-lyon-elabe-bfmtv-le-figaro-23-fevrier.pdf,,archives/2026/fevrier/,http://www.commission-des-sondages.fr/notices/files/notices/2026/fevrier/10093-mun-lyon-elabe-bfmtv-le-figaro-23-fevrier.pdf,/notices/medias/fichiers/add/2079,2026-02-24 06:52:52,2026-02-23 12:31:26+01:00
10092-mun-annecy-cluster-17-politico-23-fevrier.pdf,Mun,2026.0,10092 Mun Annecy Cluster 17 Politico 23  fevrier,archives/2026/fevrier/10092-mun-annecy-cluster-17-politico-23-fevrier.pdf,,archives/2026/fevrier/,http://www.commission-des-sondages.fr/notices/files/notices/2026/fevrier/10092-mun-annecy-cluster-17-politico-23-fevrier.pdf,/notices/medias/fichiers/add/2082,2026-02-24 08:37:21,2026-02-23 11:42:20+01:00
10094-mun-marseille-opinionway-cnews-europe-1-jdd-23-fevrier.pdf,Mun,2026.0,10094 Mun Marseille OPINIONWAY Cnews Europe 1 JDD 23 février,archives/2026/fevrier/10094-mun-marseille-opinionway-cnews-europe-1-jdd-23-fevrier.pdf,,archives/2026/fevrier/,http://www.commission-des-sondages.fr/notices/files/notices/2026/fevrier/10094-mun-marseille-opinionway-cnews-europe-1-jdd-23-fevrier.pdf,/notices/medias/fichiers/add/2080,2026-02-24 08:18:29,2026-02-23 21:39:12+00:00
10095-mun-toulon-opinionway-nice-matin-23-fevrier.pdf,Mun,2026.0,10095 Mun Toulon OPINIONWAY Nice Matin 23 fevrier,archives/2026/fevrier/10095-mun-toulon-opinionway-nice-matin-23-fevrier.pdf,,archives/2026/fevrier/,http://www.commission-des-sondages.fr/notices/files/notices/2026/fevrier/10095-mun-toulon-opinionway-nice-matin-23-fevrier.pdf,/notices/medias/fichiers/add/2083,2026-02-24 12:32:53,2026-02-23 17:43:50+00:00
10089-mun-lyon-opinionway-lyon-mag-24-fevrier.pdf,Mun,2026.0,10089 Mun Lyon OPINIONWAY Lyon Mag 24 février,archives/2026/fevrier/10089-mun-lyon-opinionway-lyon-mag-24-fevrier.pdf,,archives/2026/fevrier/,http://www.commission-des-sondages.fr/notices/files/notices/2026/fevrier/10089-mun-lyon-opinionway-lyon-mag-24-fevrier.pdf,/notices/medias/fichiers/add/2084,2026-02-25 13:28:31,2026-02-22 20:16:16+00:00
10091-mun-lyon-metropole-lyon-mag-25-fevrier.pdf,,,10091 Mun Lyon Métropole Lyon Mag 25 fevrier,archives/2026/fevrier/10091-mun-lyon-metropole-lyon-mag-25-fevrier.pdf,,archives/2026/fevrier/,http://www.commission-des-sondages.fr/notices/files/notices/2026/fevrier/10091-mun-lyon-metropole-lyon-mag-25-fevrier.pdf,,2026-02-25 13:29:13,2026-02-22 20:26:05+00:00
10097-mun-menton-elabe-bfmtv-nice-matin-25-fevrier.pdf,Mun,2026.0,10097 Mun Menton ELABE BFMTV Nice Matin 25 février,archives/2026/fevrier/10097-mun-menton-elabe-bfmtv-nice-matin-25-fevrier.pdf,,archives/2026/fevrier/,http://www.commission-des-sondages.fr/notices/files/notices/2026/fevrier/10097-mun-menton-elabe-bfmtv-nice-matin-25-fevrier.pdf,/notices/medias/fichiers/add/2086,2026-02-25 19:04:25,2026-02-25 15:35:43+01:00
10098-mun-le-havre-opnionway-25-fevrier.pdf,Mun,2026.0,10098 Mun Le Havre OPNIONWAY 25 février,archives/2026/fevrier/10098-mun-le-havre-opnionway-25-fevrier.pdf,,archives/2026/fevrier/,http://www.commission-des-sondages.fr/notices/files/notices/2026/fevrier/10098-mun-le-havre-opnionway-25-fevrier.pdf,/notices/medias/fichiers/add/2087,2026-02-25 19:05:11,2026-02-25 08:26:28+00:00
10099-mun-bordeaux-ifop-sud-ouest-25-fevrier.pdf,Mun,2026.0,10099 Mun Bordeaux IFOP Sud Ouest 25 fevrier,archives/2026/fevrier/10099-mun-bordeaux-ifop-sud-ouest-25-fevrier.pdf,,archives/2026/fevrier/,http://www.commission-des-sondages.fr/notices/files/notices/2026/fevrier/10099-mun-bordeaux-ifop-sud-ouest-25-fevrier.pdf,/notices/medias/fichiers/add/2089,2026-02-25 19:36:51,2026-02-25 17:53:53+01:00
10100-mun-les-francais-et-les-elections-municipales-elabe-25-fevrier.pdf,Mun,2026.0,10100 Mun Les Francais et les elections municipales  ELABE 25 février,archives/2026/fevrier/10100-mun-les-francais-et-les-elections-municipales-elabe-25-fevrier.pdf,,archives/2026/fevrier/,http://www.commission-des-sondages.fr/notices/files/notices/2026/fevrier/10100-mun-les-francais-et-les-elections-municipales-elabe-25-fevrier.pdf,/notices/medias/fichiers/add/2088,2026-02-25 19:35:51,2026-02-25 16:51:40+01:00
10101-mun-marseille-cluster-17-politico-26-fevrier.pdf,Mun,2026.0,10101 Mun Marseille CLUSTER 17 Politico 26 février,archives/2026/fevrier/10101-mun-marseille-cluster-17-politico-26-fevrier.pdf,,archives/2026/fevrier/,http://www.commission-des-sondages.fr/notices/files/notices/2026/fevrier/10101-mun-marseille-cluster-17-politico-26-fevrier.pdf,/notices/medias/fichiers/add/2091,2026-02-27 08:40:10,2026-02-25 19:20:40+01:00
10102-mun-colombes-cluster-17-fevrier.pdf,Mun,2026.0,10102 Mun Colombes CLUSTER 17 Facebook février,archives/2026/fevrier/10102-mun-colombes-cluster-17-fevrier.pdf,,archives/2026/fevrier/,http://www.commission-des-sondages.fr/notices/files/notices/2026/fevrier/10102-mun-colombes-cluster-17-fevrier.pdf,/notices/medias/fichiers/add/2090,2026-02-27 08:38:54,2026-02-25 20:03:04+01:00
10104-mun-nice-elabe-27-fevrier.pdf,Mun,2026.0,10104 Mun Nice ELABE 27 fevrier,archives/2026/fevrier/10104-mun-nice-elabe-27-fevrier.pdf,,archives/2026/fevrier/,http://www.commission-des-sondages.fr/notices/files/notices/2026/fevrier/10104-mun-nice-elabe-27-fevrier.pdf,/notices/medias/fichiers/add/2092,2026-02-27 17:14:22,2026-02-27 11:48:22+01:00
10105-mun-paris-opinion-way-jdd-1er-mars.pdf,Mun,2026.0,10105 Mun Paris OPINION WAY JDD 1er mars,archives/2026/mars/10105-mun-paris-opinion-way-jdd-1er-mars.pdf,,archives/2026/mars/,http://www.commission-des-sondages.fr/notices/files/notices/2026/mars/10105-mun-paris-opinion-way-jdd-1er-mars.pdf,/notices/medias/fichiers/add/2093,2026-03-01 08:55:14,2026-02-28 13:27:41+00:00
10106-mun-nice-opinionway-jdd-1er-mars.pdf,Mun,2026.0,10106 Mun Nice OPINIONWAY JDD 1er mars,archives/2026/mars/10106-mun-nice-opinionway-jdd-1er-mars.pdf,,archives/2026/mars/,http://www.commission-des-sondages.fr/notices/files/notices/2026/mars/10106-mun-nice-opinionway-jdd-1er-mars.pdf,/notices/medias/fichiers/add/2094,2026-03-01 08:55:43,2026-02-24 10:55:31+00:00
10109-mun-lyon-ifop-sud-radio-27-fevrier.pdf,Mun,2026.0,10109 Mun Lyon IFOP Sud Radio 27 février,archives/2026/fevrier/10109-mun-lyon-ifop-sud-radio-27-fevrier.pdf,,archives/2026/fevrier/,http://www.commission-des-sondages.fr/notices/files/notices/2026/fevrier/10109-mun-lyon-ifop-sud-radio-27-fevrier.pdf,/notices/medias/fichiers/add/2112,2026-03-02 08:37:20,2026-03-02 09:30:42+01:00
10107-mun-marseille-ifop-la-provence-1er-mars.pdf,Mun,2026.0,10107 Mun Marseille IFOP La Provence 1er mars,archives/2026/mars/10107-mun-marseille-ifop-la-provence-1er-mars.pdf,,archives/2026/mars/,http://www.commission-des-sondages.fr/notices/files/notices/2026/mars/10107-mun-marseille-ifop-la-provence-1er-mars.pdf,/notices/medias/fichiers/add/2095,2026-03-02 08:04:50,2026-03-01 17:50:02+01:00
10107-mun-nantes-odoxa-le-point-2-mars.pdf,Mun,2026.0,10108 Mun Nantes ODOXA Le Point 2 mars,archives/2026/mars/10107-mun-nantes-odoxa-le-point-2-mars.pdf,,archives/2026/mars/,http://www.commission-des-sondages.fr/notices/files/notices/2026/mars/10107-mun-nantes-odoxa-le-point-2-mars.pdf,/notices/medias/fichiers/add/2096,2026-03-02 08:23:15,2026-03-02 08:58:18+01:00
10110-mun-nice-ifop-nice-matin-1er-mars.pdf,Mun,2026.0,10110 Mun Nice IFOP Nice Matin 1er mars,archives/2026/mars/10110-mun-nice-ifop-nice-matin-1er-mars.pdf,,archives/2026/mars/,http://www.commission-des-sondages.fr/notices/files/notices/2026/mars/10110-mun-nice-ifop-nice-matin-1er-mars.pdf,/notices/medias/fichiers/add/2098,2026-03-02 10:08:55,2026-03-02 10:52:57+01:00
10111-mun-rennes-cluster17-politico-2-mars.pdf,Mun,2026.0,10111 Mun Rennes Cluster17 Politico 2 mars,archives/2026/mars/10111-mun-rennes-cluster17-politico-2-mars.pdf,,archives/2026/mars/,http://www.commission-des-sondages.fr/notices/files/notices/2026/mars/10111-mun-rennes-cluster17-politico-2-mars.pdf,/notices/medias/fichiers/add/2101,,
10112-mun-toulon-elabe-2-mars.pdf,Mun,2026.0,10112 Mun Toulon ELABE 2 mars,archives/2026/mars/10112-mun-toulon-elabe-2-mars.pdf,,archives/2026/mars/,http://www.commission-des-sondages.fr/notices/files/notices/2026/mars/10112-mun-toulon-elabe-2-mars.pdf,/notices/medias/fichiers/add/2099,2026-03-02 17:13:43,2026-03-02 11:10:34+01:00
10096-mun-mulhouse-ipsos-dna-8-fevrier.pdf,Mun,2026.0,10096 Mun Mulhouse IPSOS DNA 8 fevrier,archives/2026/fevrier/10096-mun-mulhouse-ipsos-dna-8-fevrier.pdf,,archives/2026/fevrier/,http://www.commission-des-sondages.fr/notices/files/notices/2026/fevrier/10096-mun-mulhouse-ipsos-dna-8-fevrier.pdf,/notices/medias/fichiers/add/2105,2026-03-03 13:53:21,2026-03-03 12:02:12+01:00
10113-mun-poitiers-ifop-la-nouvelle-republique-2-mars.pdf,Mun,2026.0,10113 Mun Poitiers IFOP La Nouvelle Republique 2 mars,archives/2026/mars/10113-mun-poitiers-ifop-la-nouvelle-republique-2-mars.pdf,,archives/2026/mars/,http://www.commission-des-sondages.fr/notices/files/notices/2026/mars/10113-mun-poitiers-ifop-la-nouvelle-republique-2-mars.pdf,/notices/medias/fichiers/add/2103,2026-03-03 07:48:18,2026-03-02 19:04:51+01:00
10114-mun-paris-cluster-17-l-opinion-2-mars.pdf,Mun,2026.0,10114 Mun Paris Cluster 17 L'Opinion 2 mars,archives/2026/mars/10114-mun-paris-cluster-17-l-opinion-2-mars.pdf,,archives/2026/mars/,http://www.commission-des-sondages.fr/notices/files/notices/2026/mars/10114-mun-paris-cluster-17-l-opinion-2-mars.pdf,/notices/medias/fichiers/add/2102,2026-03-03 07:41:46,2026-03-02 22:27:50+01:00
10116-mun-lille-ifop-la-voix-du-nord-4-mars.pdf,Mun,2026.0,10116 Mun Lille IFOP La Voix du Nord 4 mars,archives/2026/mars/10116-mun-lille-ifop-la-voix-du-nord-4-mars.pdf,,archives/2026/mars/,http://www.commission-des-sondages.fr/notices/files/notices/2026/mars/10116-mun-lille-ifop-la-voix-du-nord-4-mars.pdf,/notices/medias/fichiers/add/2106,2026-03-04 06:43:46,2026-03-03 17:36:08+01:00
10088-mun-paris-ifop-lopinion-sud-radio-22-fevrier.pdf,Mun,2026.0,10088 Mun Paris IFOP Lopinion Sud Radio 22 février,archives/2026/fevrier/10088-mun-paris-ifop-lopinion-sud-radio-22-fevrier.pdf,,archives/2026/fevrier/,http://www.commission-des-sondages.fr/notices/files/notices/2026/fevrier/10088-mun-paris-ifop-lopinion-sud-radio-22-fevrier.pdf,/notices/medias/fichiers/add/2108,2026-03-04 15:56:14,2026-03-04 16:33:18+01:00
10115-mun-paris-ipsos-bva-ici-paris-idf-3-mars.pdf,Mun,2026.0,10115 Mun Paris IPSOS BVA ICI Paris IDF 3 mars,archives/2026/mars/10115-mun-paris-ipsos-bva-ici-paris-idf-3-mars.pdf,,archives/2026/mars/,http://www.commission-des-sondages.fr/notices/files/notices/2026/mars/10115-mun-paris-ipsos-bva-ici-paris-idf-3-mars.pdf,/notices/medias/fichiers/add/2109,2026-03-04 19:07:02,2026-03-03 12:00:31+01:00
10117-mun-lille-ipsos-bva-x-3-mars.pdf,Mun,2026.0,10117 Mun Lille IPSOS BVA X 3 mars,archives/2026/mars/10117-mun-lille-ipsos-bva-x-3-mars.pdf,,archives/2026/mars/,http://www.commission-des-sondages.fr/notices/files/notices/2026/mars/10117-mun-lille-ipsos-bva-x-3-mars.pdf,/notices/medias/fichiers/add/2107,2026-03-04 14:03:58,2026-03-04 14:51:00+01:00
10118-pres-ifop-le-figaro-4-mars.pdf,Pres,2026.0,10118 Pres IFOP Le Figaro 4 mars,archives/2026/mars/10118-pres-ifop-le-figaro-4-mars.pdf,,archives/2026/mars/,http://www.commission-des-sondages.fr/notices/files/notices/2026/mars/10118-pres-ifop-le-figaro-4-mars.pdf,/notices/medias/fichiers/add/2110,2026-03-05 06:58:41,2026-03-04 18:33:21+01:00
10120-mun-nantes-ifop-sud-ouest-4-mars.pdf,Mun,2026.0,10120 Mun Nantes IFOP Sud-Ouest 4 mars,archives/2026/mars/10120-mun-nantes-ifop-sud-ouest-4-mars.pdf,,archives/2026/mars/,http://www.commission-des-sondages.fr/notices/files/notices/2026/mars/10120-mun-nantes-ifop-sud-ouest-4-mars.pdf,/notices/medias/fichiers/add/2111,2026-03-05 13:58:59,2026-03-05 12:37:45+01:00
10119-mun-nimes-ipsos-bva-la-marseillaise-6-mars.pdf,Mun,2026.0,10119 Mun Nîmes IPSOS BVA La Marseillaise 6 mars,archives/2026/mars/10119-mun-nimes-ipsos-bva-la-marseillaise-6-mars.pdf,,archives/2026/mars/,http://www.commission-des-sondages.fr/notices/files/notices/2026/mars/10119-mun-nimes-ipsos-bva-la-marseillaise-6-mars.pdf,/notices/medias/fichiers/add/2116,2026-03-06 09:01:23,2026-03-04 15:22:09+01:00
10121-mun-nantes-cluster-17-politico-5-mars.pdf,Mun,2026.0,10121 Mun Nantes Cluster 17 Politico 5 Mars,archives/2026/mars/10121-mun-nantes-cluster-17-politico-5-mars.pdf,,archives/2026/mars/,http://www.commission-des-sondages.fr/notices/files/notices/2026/mars/10121-mun-nantes-cluster-17-politico-5-mars.pdf,/notices/medias/fichiers/add/2115,2026-03-06 08:59:51,2026-03-05 11:15:26+01:00
10122-mun-beauvais-cluster-17-courrier-picard-5-mars.pdf,Mun,2026.0,10122 Mun Beauvais Cluster 17 Courrier Picard 5 mars,archives/2026/mars/10122-mun-beauvais-cluster-17-courrier-picard-5-mars.pdf,,archives/2026/mars/,http://www.commission-des-sondages.fr/notices/files/notices/2026/mars/10122-mun-beauvais-cluster-17-courrier-picard-5-mars.pdf,/notices/medias/fichiers/add/2114,2026-03-06 08:58:28,2026-03-05 16:27:56+01:00
10123-mun-calais-ifop-la-voix-du-nord-6-mars.pdf,Mun,2026.0,10123 Mun Calais IFOP La Voix du Nord 6 mars,archives/2026/mars/10123-mun-calais-ifop-la-voix-du-nord-6-mars.pdf,,archives/2026/mars/,http://www.commission-des-sondages.fr/notices/files/notices/2026/mars/10123-mun-calais-ifop-la-voix-du-nord-6-mars.pdf,/notices/medias/fichiers/add/2113,2026-03-06 08:57:24,2026-03-05 19:34:35+01:00
10124-mun-ajaccio-ifop-france3-regions-5-mars.pdf,Mun,2026.0,10124 Mun Ajaccio IFOP France3 Regions 5 mars,archives/2026/mars/10124-mun-ajaccio-ifop-france3-regions-5-mars.pdf,,archives/2026/mars/,http://www.commission-des-sondages.fr/notices/files/notices/2026/mars/10124-mun-ajaccio-ifop-france3-regions-5-mars.pdf,/notices/medias/fichiers/add/2117,2026-03-06 14:21:28,2026-03-06 14:14:06+01:00
10125-mun-beziers-cluster-17-x-5-mars.pdf,Mun,2026.0,10125 Mun Béziers Cluster 17 X 5 Mars,archives/2026/mars/10125-mun-beziers-cluster-17-x-5-mars.pdf,,archives/2026/mars/,http://www.commission-des-sondages.fr/notices/files/notices/2026/mars/10125-mun-beziers-cluster-17-x-5-mars.pdf,/notices/medias/fichiers/add/2168,2026-03-06 20:00:41,2026-03-06 15:58:00+01:00
10126-mun-rodez-ifop-centre-presse-aveyron-6-mars.pdf,Pres,2026.0,10126 Mun Rodez IFOP Centre presse Aveyron 6 mars,archives/2026/mars/10126-mun-rodez-ifop-centre-presse-aveyron-6-mars.pdf,,archives/2026/mars/,http://www.commission-des-sondages.fr/notices/files/notices/2026/mars/10126-mun-rodez-ifop-centre-presse-aveyron-6-mars.pdf,/notices/medias/fichiers/add/2120,2026-03-06 20:01:25,2026-03-06 19:07:58+01:00
10127-mun-dijon-ifop-le-bien-public-6-mars.pdf,Mun,2026.0,10127 Mun Dijon IFOP Le Bien public 6 mars,archives/2026/mars/10127-mun-dijon-ifop-le-bien-public-6-mars.pdf,,archives/2026/mars/,http://www.commission-des-sondages.fr/notices/files/notices/2026/mars/10127-mun-dijon-ifop-le-bien-public-6-mars.pdf,/notices/medias/fichiers/add/2121,2026-03-06 20:03:10,2026-03-06 18:56:43+01:00
10128-mun-paris-ifop-le-parisien-6-mars.pdf,Mun,2026.0,10128 Mun Paris IFOP Le Parisien 6 mars,archives/2026/mars/10128-mun-paris-ifop-le-parisien-6-mars.pdf,,archives/2026/mars/,http://www.commission-des-sondages.fr/notices/files/notices/2026/mars/10128-mun-paris-ifop-le-parisien-6-mars.pdf,/notices/medias/fichiers/add/2122,2026-03-06 20:04:31,2026-03-06 18:11:28+01:00
10129-mun-besancon-cluster-17-politico-6-mars.pdf,Mun,2026.0,10129 Mun Besançon CLUSTER 17 Politico 6 Mars,archives/2026/mars/10129-mun-besancon-cluster-17-politico-6-mars.pdf,,archives/2026/mars/,http://www.commission-des-sondages.fr/notices/files/notices/2026/mars/10129-mun-besancon-cluster-17-politico-6-mars.pdf,/notices/medias/fichiers/add/2123,2026-03-07 06:47:18,2026-03-06 18:21:39+01:00
10130-mun-roubaix-ifop-la-voix-du-nord-7-mars.pdf,Mun,2026.0,10130 Mun Roubaix IFOP La Voix du Nord 7 mars,archives/2026/mars/10130-mun-roubaix-ifop-la-voix-du-nord-7-mars.pdf,,archives/2026/mars/,http://www.commission-des-sondages.fr/notices/files/notices/2026/mars/10130-mun-roubaix-ifop-la-voix-du-nord-7-mars.pdf,/notices/medias/fichiers/add/2124,2026-03-07 06:51:59,2026-03-06 18:08:48+01:00
10132-mun-paris-elabe-le-figaro-7-mars.pdf,Mun,2026.0,10132 Mun Paris ELABE Le Figaro 7 mars,archives/2026/mars/10132-mun-paris-elabe-le-figaro-7-mars.pdf,,archives/2026/mars/,http://www.commission-des-sondages.fr/notices/files/notices/2026/mars/10132-mun-paris-elabe-le-figaro-7-mars.pdf,/notices/medias/fichiers/add/2125,2026-03-07 19:10:32,2026-03-07 10:15:57+01:00
10131-mun-barometre-vague-3-opinionway-les-echos-8-mars.pdf,Mun,2026.0,10131 Mun Barometre vague 3 OPINIONWAY Les Echos 8 mars,archives/2026/mars/10131-mun-barometre-vague-3-opinionway-les-echos-8-mars.pdf,,archives/2026/mars/,http://www.commission-des-sondages.fr/notices/files/notices/2026/mars/10131-mun-barometre-vague-3-opinionway-les-echos-8-mars.pdf,/notices/medias/fichiers/add/2126,2026-03-09 06:50:31,2026-03-06 16:23:32+00:00
10103-mun-la-reunion-pige-antenne-reunion-18-fevrier.pdf,Mun,2026.0,10103 Mun La Réunion Pigé! Antenne Réunion 18 février,archives/2026/fevrier/10103-mun-la-reunion-pige-antenne-reunion-18-fevrier.pdf,,archives/2026/fevrier/,http://www.commission-des-sondages.fr/notices/files/notices/2026/fevrier/10103-mun-la-reunion-pige-antenne-reunion-18-fevrier.pdf,/notices/medias/fichiers/add/2127,2026-03-09 12:06:03,2026-02-17 19:49:34+04:00
10133-mun-enquete-electorale-vague-1-ipsos-bva-le-monde-9-mars.pdf,Mun,2026.0,10133 Mun Enquete electorale Vague 1 IPSOS BVA Le Monde 9 Mars,archives/2026/mars/10133-mun-enquete-electorale-vague-1-ipsos-bva-le-monde-9-mars.pdf,,archives/2026/mars/,http://www.commission-des-sondages.fr/notices/files/notices/2026/mars/10133-mun-enquete-electorale-vague-1-ipsos-bva-le-monde-9-mars.pdf,/notices/medias/fichiers/add/2129,2026-03-09 15:17:01,2026-03-06 19:48:51+01:00
10134-mun-toulouse-cluster-17-la-depeche-9-mars.pdf,Mun,2026.0,10134 Mun Toulouse Cluster 17 La Dépêche 9 Mars,archives/2026/mars/10134-mun-toulouse-cluster-17-la-depeche-9-mars.pdf,,archives/2026/mars/,http://www.commission-des-sondages.fr/notices/files/notices/2026/mars/10134-mun-toulouse-cluster-17-la-depeche-9-mars.pdf,/notices/medias/fichiers/add/2128,2026-03-09 15:16:10,2026-03-09 10:27:31+01:00
10135-mun-montauban-ifop-la-depeche-9-mars.pdf,Mun,2026.0,10135 Mun Montauban IFOP La Depeche 9 mars,archives/2026/mars/10135-mun-montauban-ifop-la-depeche-9-mars.pdf,,archives/2026/mars/,http://www.commission-des-sondages.fr/notices/files/notices/2026/mars/10135-mun-montauban-ifop-la-depeche-9-mars.pdf,/notices/medias/fichiers/add/2130,2026-03-09 18:53:07,2026-03-09 16:31:02+01:00
10136-mun-agen-ifop-la-depeche-9-mars.pdf,Mun,2026.0,10136 Mun Agen IFOP La Depeche 9 mars,archives/2026/mars/10136-mun-agen-ifop-la-depeche-9-mars.pdf,,archives/2026/mars/,http://www.commission-des-sondages.fr/notices/files/notices/2026/mars/10136-mun-agen-ifop-la-depeche-9-mars.pdf,/notices/medias/fichiers/add/2131,2026-03-09 18:53:20,2026-03-09 17:21:53+01:00
10137-mun-bordeaux-cluster-17-politico-9-mars.pdf,Mun,2026.0,10137 Mun Bordeaux CLUSTER 17 Politico 9 mars,archives/2026/mars/10137-mun-bordeaux-cluster-17-politico-9-mars.pdf,,archives/2026/mars/,http://www.commission-des-sondages.fr/notices/files/notices/2026/mars/10137-mun-bordeaux-cluster-17-politico-9-mars.pdf,/notices/medias/fichiers/add/2134,2026-03-10 14:45:34,2026-03-10 15:07:07+01:00
10138-mun-lunel-ifop-objectif-gard-arles-10-mars.pdf,Mun,2026.0,10138 Mun Lunel IFOP Objectif Gard Arles 10 mars,archives/2026/mars/10138-mun-lunel-ifop-objectif-gard-arles-10-mars.pdf,,archives/2026/mars/,http://www.commission-des-sondages.fr/notices/files/notices/2026/mars/10138-mun-lunel-ifop-objectif-gard-arles-10-mars.pdf,/notices/medias/fichiers/add/2133,2026-03-10 08:18:29,2026-03-09 15:10:56+01:00
10139-mun-lille-cluster-17-politico-10-mars.pdf,Mun,2026.0,10139 Mun Lille CLUSTER 17 Politico 10 Mars,archives/2026/mars/10139-mun-lille-cluster-17-politico-10-mars.pdf,,archives/2026/mars/,http://www.commission-des-sondages.fr/notices/files/notices/2026/mars/10139-mun-lille-cluster-17-politico-10-mars.pdf,/notices/medias/fichiers/add/2135,2026-03-10 19:05:01,2026-03-10 17:31:25+01:00
10140-mun-nimes-ifop-sud-radio-12-mars.pdf,Mun,2026.0,10140 Mun Nîmes IFOP Sud Radio 12 mars,archives/2026/mars/10140-mun-nimes-ifop-sud-radio-12-mars.pdf,,archives/2026/mars/,http://www.commission-des-sondages.fr/notices/files/notices/2026/mars/10140-mun-nimes-ifop-sud-radio-12-mars.pdf,/notices/medias/fichiers/add/2139,2026-03-12 05:59:28,2026-03-10 17:24:05+01:00
10142-mun-amiens-ifop-courrier-picard-11-mars.pdf,Mun,2026.0,10142 Mun Amiens IFOP Courrier picard 11 mars,archives/2026/mars/10142-mun-amiens-ifop-courrier-picard-11-mars.pdf,,archives/2026/mars/,http://www.commission-des-sondages.fr/notices/files/notices/2026/mars/10142-mun-amiens-ifop-courrier-picard-11-mars.pdf,/notices/medias/fichiers/add/2137,2026-03-11 07:22:05,2026-03-10 18:27:49+01:00
10144-mun-marseille-opinionway-cnews-11-mars.pdf,Mun,2026.0,10144 Mun Marseille OPINIONWAY Cnews 11 mars,archives/2026/mars/10144-mun-marseille-opinionway-cnews-11-mars.pdf,,archives/2026/mars/,http://www.commission-des-sondages.fr/notices/files/notices/2026/mars/10144-mun-marseille-opinionway-cnews-11-mars.pdf,/notices/medias/fichiers/add/2138,2026-03-11 07:24:56,2026-03-10 17:48:13+00:00
10146-mun-lyon-opinionway-journal-du-dimanche-12-mars.pdf,Mun,2026.0,10146 Mun Lyon OPINIONWAY Journal du dimanche 12 mars,archives/2026/mars/10146-mun-lyon-opinionway-journal-du-dimanche-12-mars.pdf,,archives/2026/mars/,http://www.commission-des-sondages.fr/notices/files/notices/2026/mars/10146-mun-lyon-opinionway-journal-du-dimanche-12-mars.pdf,/notices/medias/fichiers/add/2140,2026-03-12 06:02:05,2026-03-11 17:10:32+00:00
10141-pres-vote-lgbt-ifop-tetu-9-mars.pdf,Pres,2026.0,10141 Pres vote LGBT IFOP Tetu 9 mars,archives/2026/mars/10141-pres-vote-lgbt-ifop-tetu-9-mars.pdf,,archives/2026/mars/,http://www.commission-des-sondages.fr/notices/files/notices/2026/mars/10141-pres-vote-lgbt-ifop-tetu-9-mars.pdf,/notices/medias/fichiers/add/2143,2026-03-12 12:54:00,2026-03-12 12:41:05+01:00
10143-mun-montpellier-opinionway-x-10-mars.pdf,Mun,2026.0,10143 Mun Montpellier OPINIONWAY X 10 mars,archives/2026/mars/10143-mun-montpellier-opinionway-x-10-mars.pdf,,archives/2026/mars/,http://www.commission-des-sondages.fr/notices/files/notices/2026/mars/10143-mun-montpellier-opinionway-x-10-mars.pdf,/notices/medias/fichiers/add/2142,2026-03-12 10:18:36,2026-03-11 06:56:34+00:00
10145-mun-rouen-cluster17-politico-mars.pdf,Mun,2026.0,10145 Mun Rouen CLUSTER17 Politico 12 Mars,archives/2026/mars/10145-mun-rouen-cluster17-politico-mars.pdf,,archives/2026/mars/,http://www.commission-des-sondages.fr/notices/files/notices/2026/mars/10145-mun-rouen-cluster17-politico-mars.pdf,/notices/medias/fichiers/add/2141,2026-03-12 08:54:07,2026-03-11 16:02:24+01:00
10147-mun-les-francais-et-les-elections-odoxa-12-mars.pdf,Mun,2026.0,10147 Mun Les Français et les élections ODOXA 12 mars,archives/2026/mars/10147-mun-les-francais-et-les-elections-odoxa-12-mars.pdf,,archives/2026/mars/,http://www.commission-des-sondages.fr/notices/files/notices/2026/mars/10147-mun-les-francais-et-les-elections-odoxa-12-mars.pdf,/notices/medias/fichiers/add/2144,2026-03-12 16:50:04,2026-03-12 16:57:45+01:00
10148-mun-limoges-ifop-mars-france-3-regions-12-mars.pdf,Mun,2026.0,10148 Mun Limoges IFOP Mars France 3 Régions 12 mars,archives/2026/mars/10148-mun-limoges-ifop-mars-france-3-regions-12-mars.pdf,,archives/2026/mars/,http://www.commission-des-sondages.fr/notices/files/notices/2026/mars/10148-mun-limoges-ifop-mars-france-3-regions-12-mars.pdf,/notices/medias/fichiers/add/2146,2026-03-12 18:15:13,2026-03-12 18:21:56+01:00
10149-mun-perpignan-cluster17-politico-12-mars.pdf,Mun,2026.0,10149 Mun Perpignan CLUSTER17 Politico 12 mars,archives/2026/mars/10149-mun-perpignan-cluster17-politico-12-mars.pdf,,archives/2026/mars/,http://www.commission-des-sondages.fr/notices/files/notices/2026/mars/10149-mun-perpignan-cluster17-politico-12-mars.pdf,/notices/medias/fichiers/add/2145,2026-03-12 18:15:04,2026-03-12 12:40:09+01:00
10150-mun-paris-opinionway-journal-du-dimanche-12-mars.pdf,Mun,2026.0,10150 Mun Paris OPINIONWAY Journal du dimanche 12 mars,archives/2026/mars/10150-mun-paris-opinionway-journal-du-dimanche-12-mars.pdf,,archives/2026/mars/,http://www.commission-des-sondages.fr/notices/files/notices/2026/mars/10150-mun-paris-opinionway-journal-du-dimanche-12-mars.pdf,/notices/medias/fichiers/add/2147,2026-03-13 06:59:30,2026-03-12 20:45:18+00:00
10151-mun-limoges-cluster-17-france-3-regions-12-mars.pdf,Mun,2026.0,10151 Mun Limoges CLUSTER 17 France 3 Régions 12 mars,archives/2026/mars/10151-mun-limoges-cluster-17-france-3-regions-12-mars.pdf,,archives/2026/mars/,http://www.commission-des-sondages.fr/notices/files/notices/2026/mars/10151-mun-limoges-cluster-17-france-3-regions-12-mars.pdf,/notices/medias/fichiers/add/2148,2026-03-13 14:30:10,2026-03-13 14:34:24+01:00
mun-lyon-cluster17-mag2lyon-13-mars.pdf,Mun,2026.0,10152 Mun Lyon CLUSTER17 Mag2Lyon 13 mars,archives/2026/mars/mun-lyon-cluster17-mag2lyon-13-mars.pdf,,archives/2026/mars/,http://www.commission-des-sondages.fr/notices/files/notices/2026/mars/mun-lyon-cluster17-mag2lyon-13-mars.pdf,/notices/medias/fichiers/add/2149,2026-03-13 18:31:19,2026-03-13 18:35:06+01:00
10153-a-mun-comprendre-le-vote-ipsos-bva-france-tv-15-mars.pdf,Mun,2026.0,10153 a Mun Comprendre le vote IPSOS BVA France TV 15 mars,archives/2026/mars/10153-a-mun-comprendre-le-vote-ipsos-bva-france-tv-15-mars.pdf,,archives/2026/mars/,http://www.commission-des-sondages.fr/notices/files/notices/2026/mars/10153-a-mun-comprendre-le-vote-ipsos-bva-france-tv-15-mars.pdf,/notices/medias/fichiers/add/2153,2026-03-16 12:10:08,2026-03-15 16:40:28+01:00
10153-b-mun-sociologie-des-absentionnistes-ipsos-bva-france-tv-15-mars.pdf,Mun,2026.0,10153 b Mun Sociologie des absentionnistes IPSOS BVA France TV 15 mars,archives/2026/mars/10153-b-mun-sociologie-des-absentionnistes-ipsos-bva-france-tv-15-mars.pdf,,archives/2026/mars/,http://www.commission-des-sondages.fr/notices/files/notices/2026/mars/10153-b-mun-sociologie-des-absentionnistes-ipsos-bva-france-tv-15-mars.pdf,/notices/medias/fichiers/add/2152,2026-03-16 12:10:08,2026-03-15 17:17:50+01:00
10154-mun-alliances-elabe-18-mars.pdf,Mun,2026.0,10154 Mun alliances ELABE 18 mars,archives/2026/mars/10154-mun-alliances-elabe-18-mars.pdf,,archives/2026/mars/,http://www.commission-des-sondages.fr/notices/files/notices/2026/mars/10154-mun-alliances-elabe-18-mars.pdf,/notices/medias/fichiers/add/2154,2026-03-18 16:56:39,2026-03-18 17:03:25+01:00
10155-mun-alliances-lfi-ps-odoxa-le-figaro-19-mars.pdf,Mun,2026.0,10155 Mun alliances LFI PS ODOXA Le Figaro 19 mars,archives/2026/mars/10155-mun-alliances-lfi-ps-odoxa-le-figaro-19-mars.pdf,,archives/2026/mars/,http://www.commission-des-sondages.fr/notices/files/notices/2026/mars/10155-mun-alliances-lfi-ps-odoxa-le-figaro-19-mars.pdf,/notices/medias/fichiers/add/2155,2026-03-19 16:56:18,2026-03-19 17:11:31+01:00
10156-mun-toulouse-ifop-sud-radio-19-mars.pdf,Mun,2026.0,10156 Mun Toulouse IFOP Sud Radio 19 mars,archives/2026/mars/10156-mun-toulouse-ifop-sud-radio-19-mars.pdf,,archives/2026/mars/,http://www.commission-des-sondages.fr/notices/files/notices/2026/mars/10156-mun-toulouse-ifop-sud-radio-19-mars.pdf,/notices/medias/fichiers/add/2156,2026-03-19 17:04:14,2026-03-19 17:53:26+01:00
10157-mun-paris-ifop-sud-radio-19-mars.pdf,Mun,2026.0,10157 Mun Paris IFOP Sud Radio 19 mars,archives/2026/mars/10157-mun-paris-ifop-sud-radio-19-mars.pdf,,archives/2026/mars/,http://www.commission-des-sondages.fr/notices/files/notices/2026/mars/10157-mun-paris-ifop-sud-radio-19-mars.pdf,/notices/medias/fichiers/add/2157,2026-03-19 18:19:54,2026-03-19 18:40:34+01:00
10158-mun-le-havre-2nd-tour-cluster17-politico-mars.pdf,Mun,2026.0,10158 Mun Le Havre 2nd tour CLUSTER17 Politico Mars,archives/2026/mars/10158-mun-le-havre-2nd-tour-cluster17-politico-mars.pdf,,archives/2026/mars/,http://www.commission-des-sondages.fr/notices/files/notices/2026/mars/10158-mun-le-havre-2nd-tour-cluster17-politico-mars.pdf,/notices/medias/fichiers/add/2158,2026-03-20 08:14:26,2026-03-19 18:35:09+01:00
10159-mun-paris-t2-cluster17-politico-20-mars.pdf,Mun,2026.0,10159 Mun Paris T2 CLUSTER17 Politico 20 Mars,archives/2026/mars/10159-mun-paris-t2-cluster17-politico-20-mars.pdf,,archives/2026/mars/,http://www.commission-des-sondages.fr/notices/files/notices/2026/mars/10159-mun-paris-t2-cluster17-politico-20-mars.pdf,/notices/medias/fichiers/add/2159,2026-03-20 08:29:44,2026-03-19 20:19:07+01:00
10160-mun-paris-t2-elabe-bfmtv-20-mars.pdf,Mun,2026.0,10160 Mun Paris T2 ELABE BFMTV 20 mars,archives/2026/mars/10160-mun-paris-t2-elabe-bfmtv-20-mars.pdf,,archives/2026/mars/,http://www.commission-des-sondages.fr/notices/files/notices/2026/mars/10160-mun-paris-t2-elabe-bfmtv-20-mars.pdf,/notices/medias/fichiers/add/2160,2026-03-20 10:18:53,2026-03-19 20:21:47+01:00
10161-mun-alliances-csa-jdd-18-mars.pdf,Mun,2026.0,10161 Mun alliances CSA JDD 18 mars,archives/2026/mars/10161-mun-alliances-csa-jdd-18-mars.pdf,,archives/2026/mars/,http://www.commission-des-sondages.fr/notices/files/notices/2026/mars/10161-mun-alliances-csa-jdd-18-mars.pdf,/notices/medias/fichiers/add/2161,2026-03-20 11:00:02,2026-03-20 11:20:30+01:00
10162-mun-lyon-t2-opinionway-lyonmag-20-mars.pdf,Mun,2026.0,10162 Mun Lyon T2 OPINIONWAY LyonMag 20 mars,archives/2026/mars/10162-mun-lyon-t2-opinionway-lyonmag-20-mars.pdf,,archives/2026/mars/,http://www.commission-des-sondages.fr/notices/files/notices/2026/mars/10162-mun-lyon-t2-opinionway-lyonmag-20-mars.pdf,/notices/medias/fichiers/add/2162,2026-03-20 14:44:01,2026-03-20 14:19:53+00:00
10163-mun-marseille-t2-cluster17-politico-20-mars.pdf,Mun,2026.0,10163 Mun Marseille T2 CLUSTER17 Politico 20 Mars,archives/2026/mars/10163-mun-marseille-t2-cluster17-politico-20-mars.pdf,,archives/2026/mars/,http://www.commission-des-sondages.fr/notices/files/notices/2026/mars/10163-mun-marseille-t2-cluster17-politico-20-mars.pdf,/notices/medias/fichiers/add/2163,2026-03-20 18:46:50,2026-03-20 17:39:18+01:00
10164-mun-alliances-toluna-harris-interactive-rtl-17-mars.pdf,Mun,2026.0,10164 Mun alliances TOLUNA HARRIS INTERACTIVE RTL 17 mars,archives/2026/mars/10164-mun-alliances-toluna-harris-interactive-rtl-17-mars.pdf,,archives/2026/mars/,http://www.commission-des-sondages.fr/notices/files/notices/2026/mars/10164-mun-alliances-toluna-harris-interactive-rtl-17-mars.pdf,/notices/medias/fichiers/add/2164,2026-03-20 18:57:59,2026-03-20 17:39:01+01:00
10165-pres-toluna-harris-interactive-22-mars.pdf,Pres,2026.0,10165 Pres TOLUNA HARRIS INTERACTIVE 22 mars,archives/2026/mars/10165-pres-toluna-harris-interactive-22-mars.pdf,,archives/2026/mars/,http://www.commission-des-sondages.fr/notices/files/notices/2026/mars/10165-pres-toluna-harris-interactive-22-mars.pdf,/notices/medias/fichiers/add/2165,2026-03-23 10:45:00,2026-03-23 11:14:25+01:00
10166-pres-elabe-28-mars.pdf,Pres,2026.0,10166 Pres ELABE 28 mars,archives/2026/mars/10166-pres-elabe-28-mars.pdf,,archives/2026/mars/,http://www.commission-des-sondages.fr/notices/files/notices/2026/mars/10166-pres-elabe-28-mars.pdf,/notices/medias/fichiers/add/2166,2026-03-29 21:13:20,2026-03-27 19:46:52+01:00
10167-pres-odoxa-31-mars.pdf,Pres,2026.0,10167 Pres ODOXA 31 mars,archives/2026/mars/10167-pres-odoxa-31-mars.pdf,,archives/2026/mars/,http://www.commission-des-sondages.fr/notices/files/notices/2026/mars/10167-pres-odoxa-31-mars.pdf,/notices/medias/fichiers/add/2167,2026-04-01 07:38:23,2026-03-30 16:44:54+02:00
10168-pres-enquete-electorale-ipsos-bva-le-monde-13-avril.pdf,Pres,2026.0,10168 Pres Enquete electorale IPSOS BVA Le Monde 13 avril,archives/2026/avril/10168-pres-enquete-electorale-ipsos-bva-le-monde-13-avril.pdf,,archives/2026/avril/,http://www.commission-des-sondages.fr/notices/files/notices/2026/avril/10168-pres-enquete-electorale-ipsos-bva-le-monde-13-avril.pdf,/notices/medias/fichiers/add/2169,2026-04-15 15:43:19,2026-04-15 16:46:53+02:00
10169-pres-les-francais-et-le-president-ideal-elabe-18-avril.pdf,Pres,2026.0,10169 Pres Les Français et le président ideal ELABE 18 avril,archives/2026/avril/10169-pres-les-francais-et-le-president-ideal-elabe-18-avril.pdf,,archives/2026/avril/,http://www.commission-des-sondages.fr/notices/files/notices/2026/avril/10169-pres-les-francais-et-le-president-ideal-elabe-18-avril.pdf,/notices/medias/fichiers/add/2170,2026-04-20 07:06:28,2026-04-17 19:26:58+02:00
10170-pres-popularite-e-macron-s-lecornu-ifop-lopinion-19-avril.pdf,Pres,2026.0,10170 Pres popularité E Macron S Lecornu IFOP Lopinion 19 avril,archives/2026/avril/10170-pres-popularite-e-macron-s-lecornu-ifop-lopinion-19-avril.pdf,,archives/2026/avril/,http://www.commission-des-sondages.fr/notices/files/notices/2026/avril/10170-pres-popularite-e-macron-s-lecornu-ifop-lopinion-19-avril.pdf,/notices/medias/fichiers/add/2171,2026-04-21 12:34:39,2026-04-20 11:28:19+02:00
10171-pres-tbd-personnalites-politiques-ifop-paris-match-21-avril.pdf,Pres,2026.0,10171 Pres Tbd personnalites politiques IFOP Paris Match 21 avril,archives/2026/avril/10171-pres-tbd-personnalites-politiques-ifop-paris-match-21-avril.pdf,,archives/2026/avril/,http://www.commission-des-sondages.fr/notices/files/notices/2026/avril/10171-pres-tbd-personnalites-politiques-ifop-paris-match-21-avril.pdf,/notices/medias/fichiers/add/2172,2026-04-21 12:35:12,2026-04-21 10:48:09+02:00
10173-pres-attal-retailleau-odoxa-le-figaro-23-avril.pdf,Pres,2026.0,10173 Pres Attal Retailleau ODOXA Le Figaro 23 avril,archives/2026/avril/10173-pres-attal-retailleau-odoxa-le-figaro-23-avril.pdf,,archives/2026/avril/,http://www.commission-des-sondages.fr/notices/files/notices/2026/avril/10173-pres-attal-retailleau-odoxa-le-figaro-23-avril.pdf,/notices/medias/fichiers/add/2173,2026-04-23 16:59:09,2026-04-23 16:25:21+02:00
10091-mun-lyon-metropole-lyon-mag-25-fevrier.pdf,Mun,2026.0,10091 Mun Lyon Métropole OPINIONWAY Lyon Mag 25 fevrier,archives/2026/fevrier/10091-mun-lyon-metropole-lyon-mag-25-fevrier.pdf,,archives/2026/fevrier/,http://www.commission-des-sondages.fr/notices/files/notices/2026/fevrier/10091-mun-lyon-metropole-lyon-mag-25-fevrier.pdf,/notices/medias/fichiers/add/2085,2026-02-25 13:29:13,
10172-pres-indices-popularite-pr-pm-csa-jdd-25-avril.pdf,Pres,2026.0,10172 Pres Indices popularite PR PM CSA JDD 25 avril,archives/2026/avril/10172-pres-indices-popularite-pr-pm-csa-jdd-25-avril.pdf,,archives/2026/avril/,http://www.commission-des-sondages.fr/notices/files/notices/2026/avril/10172-pres-indices-popularite-pr-pm-csa-jdd-25-avril.pdf,/notices/medias/fichiers/add/2174,2026-04-26 07:45:52,2026-04-26 09:45:54+02:00
10174-pres-barometre-confiance-toluna-harris-interactive-lci-24-avril.pdf,Pres,2026.0,10174 Pres Barometre confiance TOLUNA HARRIS INTERACTIVE LCI 24 avril,archives/2026/avril/10174-pres-barometre-confiance-toluna-harris-interactive-lci-24-avril.pdf,,archives/2026/avril/,http://www.commission-des-sondages.fr/notices/files/notices/2026/avril/10174-pres-barometre-confiance-toluna-harris-interactive-lci-24-avril.pdf,/notices/medias/fichiers/add/2176,2026-04-27 13:18:08,2026-04-24 17:21:21+02:00
10175-pres-femme-elysee-opinionway-challenges-22-avril.pdf,Pres,2026.0,10175 Pres Femme Elysee OPINIONWAY Challenges 22 avril,archives/2026/avril/10175-pres-femme-elysee-opinionway-challenges-22-avril.pdf,,archives/2026/avril/,http://www.commission-des-sondages.fr/notices/files/notices/2026/avril/10175-pres-femme-elysee-opinionway-challenges-22-avril.pdf,/notices/medias/fichiers/add/2175,2026-04-27 13:17:17,2026-04-27 12:15:41+00:00
10176-pres-barometre-odoxa-28-avril.pdf,Pres,2026.0,10176 Pres Barometre ODOXA 28 avril,archives/2026/avril/10176-pres-barometre-odoxa-28-avril.pdf,,archives/2026/avril/,http://www.commission-des-sondages.fr/notices/files/notices/2026/avril/10176-pres-barometre-odoxa-28-avril.pdf,/notices/medias/fichiers/add/2177,2026-04-28 08:09:19,2026-04-27 17:16:45+02:00
10177-pres-barometre-verian-figaro-mag-29-avril.pdf,Pres,2026.0,10177 Pres Barometre VERIAN Figaro Mag 29 avril,archives/2026/avril/10177-pres-barometre-verian-figaro-mag-29-avril.pdf,,archives/2026/avril/,http://www.commission-des-sondages.fr/notices/files/notices/2026/avril/10177-pres-barometre-verian-figaro-mag-29-avril.pdf,/notices/medias/fichiers/add/2178,2026-04-30 05:50:35,2026-04-28 18:58:12+02:00
10178-pres-observatoire-ipsos-bva-rtl-30-avril.pdf,Pres,2026.0,10178 Pres Observatoire IPSOS BVA RTL 30 avril,archives/2026/avril/10178-pres-observatoire-ipsos-bva-rtl-30-avril.pdf,,archives/2026/avril/,http://www.commission-des-sondages.fr/notices/files/notices/2026/avril/10178-pres-observatoire-ipsos-bva-rtl-30-avril.pdf,/notices/medias/fichiers/add/2179,2026-05-04 07:37:18,2026-04-29 19:38:41+02:00
10179-pres-barometre-ambition-vague-4-ifop-le-figaro-3-mai.pdf,Pres,2026.0,10179 Pres barometre ambition vague 4 IFOP Le Figaro 3 mai,archives/2026/mai/10179-pres-barometre-ambition-vague-4-ifop-le-figaro-3-mai.pdf,,archives/2026/mai/,http://www.commission-des-sondages.fr/notices/files/notices/2026/mai/10179-pres-barometre-ambition-vague-4-ifop-le-figaro-3-mai.pdf,/notices/medias/fichiers/add/2180,2026-05-04 07:52:56,2026-04-30 17:24:49+02:00
10180-pres-toluna-harris-interactive-rtl-4-mai.pdf,Pres,2026.0,10180 Pres TOLUNA HARRIS INTERACTIVE RTL 4 mai,archives/2026/mai/10180-pres-toluna-harris-interactive-rtl-4-mai.pdf,,archives/2026/mai/,http://www.commission-des-sondages.fr/notices/files/notices/2026/mai/10180-pres-toluna-harris-interactive-rtl-4-mai.pdf,/notices/medias/fichiers/add/2181,2026-05-04 14:11:04,2026-05-04 13:29:30+02:00
10181-pres-barometre-des-personnalites-cluster17-le-point-6-mai.pdf,Pres,2026.0,10181 Pres Barometre des personnalites CLUSTER17 Le Point 6 mai,archives/2026/mai/10181-pres-barometre-des-personnalites-cluster17-le-point-6-mai.pdf,,archives/2026/mai/,http://www.commission-des-sondages.fr/notices/files/notices/2026/mai/10181-pres-barometre-des-personnalites-cluster17-le-point-6-mai.pdf,/notices/medias/fichiers/add/2183,2026-05-07 06:54:33,2026-05-04 19:55:24+02:00
10182-pres-barometre-stature-verian-le-figaro-magazine-6-mai.pdf,Pres,2026.0,10182 Pres Baromètre stature VERIAN Le Figaro Magazine 6 mai,archives/2026/mai/10182-pres-barometre-stature-verian-le-figaro-magazine-6-mai.pdf,,archives/2026/mai/,http://www.commission-des-sondages.fr/notices/files/notices/2026/mai/10182-pres-barometre-stature-verian-le-figaro-magazine-6-mai.pdf,/notices/medias/fichiers/add/2182,2026-05-06 12:57:26,2026-05-04 18:09:39+02:00
10183-pres-observatoire-politique-elabe-6-mai.pdf,Pres,2026.0,10183 Pres Observatoire politique ELABE 6 mai,archives/2026/mai/10183-pres-observatoire-politique-elabe-6-mai.pdf,,archives/2026/mai/,http://www.commission-des-sondages.fr/notices/files/notices/2026/mai/10183-pres-observatoire-politique-elabe-6-mai.pdf,/notices/medias/fichiers/add/2184,2026-05-07 13:20:31,2026-05-07 13:32:04+02:00
10184-pres-prix-des-carburants-elabe-7-mai.pdf,Pres,2026.0,10184 Pres prix des carburants ELABE 7 mai,archives/2026/mai/10184-pres-prix-des-carburants-elabe-7-mai.pdf,,archives/2026/mai/,http://www.commission-des-sondages.fr/notices/files/notices/2026/mai/10184-pres-prix-des-carburants-elabe-7-mai.pdf,/notices/medias/fichiers/add/2185,2026-05-08 10:02:34,2026-05-07 14:27:09+02:00
10187-pres-barometre-politique-mai-yougov-huffpost-7-mai.pdf,Pres,2026.0,10185 Pres Barometre politique mai YOUGOV Huffpost 7 mai,archives/2026/mai/10187-pres-barometre-politique-mai-yougov-huffpost-7-mai.pdf,,archives/2026/mai/,http://www.commission-des-sondages.fr/notices/files/notices/2026/mai/10187-pres-barometre-politique-mai-yougov-huffpost-7-mai.pdf,/notices/medias/fichiers/add/2186,2026-05-08 10:08:46,2026-05-07 16:59:49+02:00
10186-pres-barometre-politique-ipsos-bva-la-tribune-dimanche-huffpost-9-mai.pdf,,,10186 Pres barometre politique IPSOS BVA La Tribune dimanche Huffpost 9 mai,archives/2026/mai/10186-pres-barometre-politique-ipsos-bva-la-tribune-dimanche-huffpost-9-mai.pdf,,archives/2026/mai/,http://www.commission-des-sondages.fr/notices/files/notices/2026/mai/10186-pres-barometre-politique-ipsos-bva-la-tribune-dimanche-huffpost-9-mai.pdf,,2026-05-08 10:11:57,2026-05-07 16:28:30+02:00
10187-pres-tbd-personnalites-ifop-paris-match-19-mai.pdf,Pres,2026.0,10187 Pres TBD personnalités IFOP Paris Match 19 mai,archives/2026/mai/10187-pres-tbd-personnalites-ifop-paris-match-19-mai.pdf,,archives/2026/mai/,http://www.commission-des-sondages.fr/notices/files/notices/2026/mai/10187-pres-tbd-personnalites-ifop-paris-match-19-mai.pdf,/notices/medias/fichiers/add/2189,2026-05-20 08:59:38,2026-05-19 16:00:36+02:00
10188-pres-popularite-s-lecornu-odoxa-le-figaro-21-mai.pdf,Pres,2026.0,10188 Pres Popularité S. Lecornu ODOXA Le Figaro 21 mai,archives/2026/mai/10188-pres-popularite-s-lecornu-odoxa-le-figaro-21-mai.pdf,,archives/2026/mai/,http://www.commission-des-sondages.fr/notices/files/notices/2026/mai/10188-pres-popularite-s-lecornu-odoxa-le-figaro-21-mai.pdf,/notices/medias/fichiers/add/2190,2026-05-22 07:35:30,2026-05-21 15:53:46+02:00
10186-pres-barometre-politique-ipsos-bva-la-tribune-dimanche-huffpost-9-mai.pdf,Pres,2026.0,10186 Pres barometre politique IPSOS BVA La Tribune dimanche 9 mai,archives/2026/mai/10186-pres-barometre-politique-ipsos-bva-la-tribune-dimanche-huffpost-9-mai.pdf,,archives/2026/mai/,http://www.commission-des-sondages.fr/notices/files/notices/2026/mai/10186-pres-barometre-politique-ipsos-bva-la-tribune-dimanche-huffpost-9-mai.pdf,/notices/medias/fichiers/add/2188,2026-05-08 10:11:57,
10189-pres-barometre-odoxa-26-mai.pdf,,2026.0,10189 Baromètre ODOXA 26 mai,archives/2026/mai/10189-pres-barometre-odoxa-26-mai.pdf,,archives/2026/mai/,http://www.commission-des-sondages.fr/notices/files/notices/2026/mai/10189-pres-barometre-odoxa-26-mai.pdf,/notices/medias/fichiers/add/2191,2026-05-26 07:26:26,2026-05-25 12:09:38+02:00
10190-pres-popularite-e-macron-s-lecornu-ifop-lopinion-26-mai.pdf,Pres,2026.0,10190 Pres popularite E Macron S Lecornu IFOP LOpinion 26 mai,archives/2026/mai/10190-pres-popularite-e-macron-s-lecornu-ifop-lopinion-26-mai.pdf,,archives/2026/mai/,http://www.commission-des-sondages.fr/notices/files/notices/2026/mai/10190-pres-popularite-e-macron-s-lecornu-ifop-lopinion-26-mai.pdf,/notices/medias/fichiers/add/2192,2026-05-27 08:00:53,2026-05-26 16:31:48+02:00
10192-pres-toluna-harris-interactive-29-mai.pdf,Pres,2026.0,10192 Pres TOLUNA HARRIS INTERACTIVE 29 mai,archives/2026/mai/10192-pres-toluna-harris-interactive-29-mai.pdf,,archives/2026/mai/,http://www.commission-des-sondages.fr/notices/files/notices/2026/mai/10192-pres-toluna-harris-interactive-29-mai.pdf,/notices/medias/fichiers/add/2193,2026-05-29 15:32:52,2026-05-29 16:18:05+02:00
10193-pres-ifop-le-figaro-29-mai.pdf,Pres,2026.0,10193 Pres IFOP Le Figaro 29 mai,archives/2026/mai/10193-pres-ifop-le-figaro-29-mai.pdf,,archives/2026/mai/,http://www.commission-des-sondages.fr/notices/files/notices/2026/mai/10193-pres-ifop-le-figaro-29-mai.pdf,/notices/medias/fichiers/add/2194,2026-05-30 07:01:14,2026-05-29 17:39:22+02:00
10194-pres-barometre-confiance-politique-thi-29-mai.pdf,Pres,2026.0,10194 Pres Barometre confiance politique THI 29 mai,archives/2026/mai/10194-pres-barometre-confiance-politique-thi-29-mai.pdf,,archives/2026/mai/,http://www.commission-des-sondages.fr/notices/files/notices/2026/mai/10194-pres-barometre-confiance-politique-thi-29-mai.pdf,/notices/medias/fichiers/add/2196,2026-06-01 12:58:02,2026-06-01 13:05:08+02:00
10195-pres-ipsos-bva-le-parisien-1er-juin.pdf,Pres,2026.0,10195 Pres IPSOS BVA Le Parisien 1er juin,archives/2026/juin/10195-pres-ipsos-bva-le-parisien-1er-juin.pdf,,archives/2026/juin/,http://www.commission-des-sondages.fr/notices/files/notices/2026/juin/10195-pres-ipsos-bva-le-parisien-1er-juin.pdf,/notices/medias/fichiers/add/2197,2026-06-01 18:44:17,2026-06-01 10:08:48+02:00
10196-pres-barometre-politique-verian-figaro-magazine-3-juin.pdf,Pres,2026.0,10196 Pres Barometre politique VERIAN Figaro Magazine 3 juin,archives/2026/juin/10196-pres-barometre-politique-verian-figaro-magazine-3-juin.pdf,,archives/2026/juin/,http://www.commission-des-sondages.fr/notices/files/notices/2026/juin/10196-pres-barometre-politique-verian-figaro-magazine-3-juin.pdf,/notices/medias/fichiers/add/2198,2026-06-03 15:23:02,2026-06-03 10:29:51+02:00
10197-pres-violences-post-victoire-psg-elabe-3-juin.pdf,Pres,2026.0,10197 Pres Violences post victoire PSG ELABE 3 juin,archives/2026/juin/10197-pres-violences-post-victoire-psg-elabe-3-juin.pdf,,archives/2026/juin/,http://www.commission-des-sondages.fr/notices/files/notices/2026/juin/10197-pres-violences-post-victoire-psg-elabe-3-juin.pdf,/notices/medias/fichiers/add/2199,2026-06-03 19:28:01,2026-06-03 15:15:45+02:00
10198-pres-observatoire-elabe-4-juin.pdf,Pres,2026.0,10198 Pres Observatoire ELABE 4 juin,archives/2026/juin/10198-pres-observatoire-elabe-4-juin.pdf,,archives/2026/juin/,http://www.commission-des-sondages.fr/notices/files/notices/2026/juin/10198-pres-observatoire-elabe-4-juin.pdf,/notices/medias/fichiers/add/2200,2026-06-04 15:20:34,2026-06-04 12:22:10+02:00
10199-pres-barometre-politique-yougov-huffpost-5-juin.pdf,Pres,2026.0,10199 Pres Barometre politique YOUGOV Huffpost 7 juin,archives/2026/juin/10199-pres-barometre-politique-yougov-huffpost-5-juin.pdf,,archives/2026/juin/,http://www.commission-des-sondages.fr/notices/files/notices/2026/juin/10199-pres-barometre-politique-yougov-huffpost-5-juin.pdf,/notices/medias/fichiers/add/2201,2026-06-08 07:03:21,2026-06-05 12:40:22+02:00
10200-pres-bon-president-en-cas-de-guerre-odoxa-11-juin.pdf,Pres,2026.0,10200 Pres Bon president en cas de guerre ODOXA 11 juin,archives/2026/juin/10200-pres-bon-president-en-cas-de-guerre-odoxa-11-juin.pdf,,archives/2026/juin/,http://www.commission-des-sondages.fr/notices/files/notices/2026/juin/10200-pres-bon-president-en-cas-de-guerre-odoxa-11-juin.pdf,/notices/medias/fichiers/add/2202,2026-06-11 12:00:56,2026-06-10 18:18:56+02:00
10202-pres-barometre-vague-3-verian-le-figaro-mag-12-juin.pdf,Pres,2026.0,10202 Pres Barometre vague 3 VERIAN Le Figaro Mag 12 juin,archives/2026/juin/10202-pres-barometre-vague-3-verian-le-figaro-mag-12-juin.pdf,,archives/2026/juin/,http://www.commission-des-sondages.fr/notices/files/notices/2026/juin/10202-pres-barometre-vague-3-verian-le-figaro-mag-12-juin.pdf,/notices/medias/fichiers/add/2203,2026-06-12 09:42:06,2026-06-11 17:29:04+02:00
10203-pres-barometre-cluster17-le-point-11-juin.pdf,Pres,2026.0,10203 Pres Baromètre  CLUSTER17 Le Point 11 Juin,archives/2026/juin/10203-pres-barometre-cluster17-le-point-11-juin.pdf,,archives/2026/juin/,http://www.commission-des-sondages.fr/notices/files/notices/2026/juin/10203-pres-barometre-cluster17-le-point-11-juin.pdf,/notices/medias/fichiers/add/2204,2026-06-12 09:57:09,2026-06-11 20:15:48+02:00
10204-pres-barometre-politique-ipsos-bva-la-tribune-dimanche-13-juin.pdf,Pres,2026.0,10204 Pres Barometre politique IPSOS BVA La Tribune dimanche 13 juin,archives/2026/juin/10204-pres-barometre-politique-ipsos-bva-la-tribune-dimanche-13-juin.pdf,,archives/2026/juin/,http://www.commission-des-sondages.fr/notices/files/notices/2026/juin/10204-pres-barometre-politique-ipsos-bva-la-tribune-dimanche-13-juin.pdf,/notices/medias/fichiers/add/2206,2026-06-14 05:50:11,2026-06-12 19:56:07+02:00
10191-pres-indices-popularite-pr-pm-csa-jdd-30-mai.pdf,Pres,2026.0,10191 Pres Indices popularite PR PM CSA JDD 30 mai,archives/2026/mai/10191-pres-indices-popularite-pr-pm-csa-jdd-30-mai.pdf,,archives/2026/mai/,http://www.commission-des-sondages.fr/notices/files/notices/2026/mai/10191-pres-indices-popularite-pr-pm-csa-jdd-30-mai.pdf,/notices/medias/fichiers/add/2209,2026-06-16 07:10:08,2026-06-16 09:09:01+02:00
10201-ref-csa-cnews-14-juin.pdf,,2026.0,10201 Ref CSA Cnews 14 juin,archives/2026/juin/10201-ref-csa-cnews-14-juin.pdf,,archives/2026/juin/,http://www.commission-des-sondages.fr/notices/files/notices/2026/juin/10201-ref-csa-cnews-14-juin.pdf,/notices/medias/fichiers/add/2208,2026-06-16 07:05:38,2026-06-16 09:03:48+02:00
10205-pres-iv-opinionway-jdd-13-juin.pdf,Pres,2026.0,10205 Pres IV OPINIONWAY JDD 13 juin,archives/2026/juin/10205-pres-iv-opinionway-jdd-13-juin.pdf,,archives/2026/juin/,http://www.commission-des-sondages.fr/notices/files/notices/2026/juin/10205-pres-iv-opinionway-jdd-13-juin.pdf,/notices/medias/fichiers/add/2210,2026-06-16 08:21:21,2026-06-13 12:25:51+00:00
10206-pres-vacances-verian-lhemicycle-18-juin.pdf,Pres,2026.0,10206 Pres Vacances VERIAN Lhemicycle 18 juin,archives/2026/juin/10206-pres-vacances-verian-lhemicycle-18-juin.pdf,,archives/2026/juin/,http://www.commission-des-sondages.fr/notices/files/notices/2026/juin/10206-pres-vacances-verian-lhemicycle-18-juin.pdf,/notices/medias/fichiers/add/2211,2026-06-19 07:37:53,2026-05-27 17:58:07+02:00
10207-pres-tableau-de-bord-ifop-18-juin.pdf,Pres,2026.0,10207 Pres Tableau de bord IFOP 18 juin,archives/2026/juin/10207-pres-tableau-de-bord-ifop-18-juin.pdf,,archives/2026/juin/,http://www.commission-des-sondages.fr/notices/files/notices/2026/juin/10207-pres-tableau-de-bord-ifop-18-juin.pdf,/notices/medias/fichiers/add/2212,2026-06-19 07:38:41,2026-06-18 14:28:05+02:00
10208-pres-b-retailleau-odoxa-19-juin.pdf,Pres,2026.0,10208 Pres B Retailleau ODOXA 19 juin,archives/2026/juin/10208-pres-b-retailleau-odoxa-19-juin.pdf,,archives/2026/juin/,http://www.commission-des-sondages.fr/notices/files/notices/2026/juin/10208-pres-b-retailleau-odoxa-19-juin.pdf,/notices/medias/fichiers/add/2213,2026-06-19 16:51:23,2026-06-19 15:41:43+02:00
10209-pres-indices-popularite-ifop-21-juin-lopinion.pdf,Pres,2026.0,10209 Pres Indices popularite IFOP 21 juin LOpinion,archives/2026/juin/10209-pres-indices-popularite-ifop-21-juin-lopinion.pdf,,archives/2026/juin/,http://www.commission-des-sondages.fr/notices/files/notices/2026/juin/10209-pres-indices-popularite-ifop-21-juin-lopinion.pdf,/notices/medias/fichiers/add/2214,2026-06-23 08:23:06,2026-06-23 10:00:02+02:00
10210-pres-seconds-tours-ifop-marianne-24-juin.pdf,Pres,2026.0,10210 Pres seconds tours IFOP Marianne 24 juin,archives/2026/juin/10210-pres-seconds-tours-ifop-marianne-24-juin.pdf,,archives/2026/juin/,http://www.commission-des-sondages.fr/notices/files/notices/2026/juin/10210-pres-seconds-tours-ifop-marianne-24-juin.pdf,/notices/medias/fichiers/add/2215,2026-06-24 16:06:13,2026-06-24 16:52:49+02:00
10211-pres-iv-ifop-le-figaro-25-juin.pdf,Pres,2026.0,10211 Pres IV IFOP Le Figaro 25 juin,archives/2026/juin/10211-pres-iv-ifop-le-figaro-25-juin.pdf,,archives/2026/juin/,http://www.commission-des-sondages.fr/notices/files/notices/2026/juin/10211-pres-iv-ifop-le-figaro-25-juin.pdf,/notices/medias/fichiers/add/2216,2026-06-25 17:42:18,2026-06-25 16:50:42+02:00
10213-pres-les-francais-et-les-elites-verian-lhemicycle-26-juin.pdf,Pres,2026.0,10213 Pres Les Français et les élites VERIAN Lhemicycle 26 juin,archives/2026/juin/10213-pres-les-francais-et-les-elites-verian-lhemicycle-26-juin.pdf,,archives/2026/juin/,http://www.commission-des-sondages.fr/notices/files/notices/2026/juin/10213-pres-les-francais-et-les-elites-verian-lhemicycle-26-juin.pdf,/notices/medias/fichiers/add/2217,2026-06-26 12:43:14,2026-06-25 09:34:44+02:00
10214-pres-barometre-confiance-politique-toluna-harris-interactive-lci-26-juin.pdf,Pres,2026.0,10214 Pres Barometre confiance politique TOLUNA HARRIS INTERACTIVE LCI 26 juin,archives/2026/juin/10214-pres-barometre-confiance-politique-toluna-harris-interactive-lci-26-juin.pdf,,archives/2026/juin/,http://www.commission-des-sondages.fr/notices/files/notices/2026/juin/10214-pres-barometre-confiance-politique-toluna-harris-interactive-lci-26-juin.pdf,/notices/medias/fichiers/add/2218,2026-06-26 16:32:58,2026-06-26 15:29:36+02:00
10212-pres-indices-popularite-csa-jdd-27-juin.pdf,Pres,2026.0,10212 Pres Indices popularite CSA JDD 27 juin,archives/2026/juin/10212-pres-indices-popularite-csa-jdd-27-juin.pdf,,archives/2026/juin/,http://www.commission-des-sondages.fr/notices/files/notices/2026/juin/10212-pres-indices-popularite-csa-jdd-27-juin.pdf,/notices/medias/fichiers/add/2219,2026-06-27 19:51:40,2026-06-26 08:42:23+02:00
10215-pres-barometre-odoxa-30-juin.pdf,Pres,2026.0,10215 Pres Barometre ODOXA 30 juin,archives/2026/juin/10215-pres-barometre-odoxa-30-juin.pdf,,archives/2026/juin/,http://www.commission-des-sondages.fr/notices/files/notices/2026/juin/10215-pres-barometre-odoxa-30-juin.pdf,/notices/medias/fichiers/add/2220,2026-06-30 04:40:08,2026-06-29 16:43:20+02:00
10216-pres-observatoire-politique-elabe-2-juillet.pdf,Pres,2026.0,10216 Pres Observatoire politique ELABE 2 juillet,archives/2026/juillet/10216-pres-observatoire-politique-elabe-2-juillet.pdf,,archives/2026/juillet/,http://www.commission-des-sondages.fr/notices/files/notices/2026/juillet/10216-pres-observatoire-politique-elabe-2-juillet.pdf,/notices/medias/fichiers/add/2221,2026-07-02 15:07:30,2026-07-02 16:16:10+02:00
10218-pres-election-2027-opinionway-le-figaro-3-juillet.pdf,Pres,2026.0,10218 Pres election 2027 OPINIONWAY Le Figaro 3 juillet,archives/2026/juillet/10218-pres-election-2027-opinionway-le-figaro-3-juillet.pdf,,archives/2026/juillet/,http://www.commission-des-sondages.fr/notices/files/notices/2026/juillet/10218-pres-election-2027-opinionway-le-figaro-3-juillet.pdf,/notices/medias/fichiers/add/2222,2026-07-06 10:40:39,2026-07-06 09:19:35+00:00
10217-pres-barometre-politique-yougov-huffpost-3-juillet.pdf,Pres,2026.0,10217 Pres Barometre politique YOUGOV Huffpost 3 juillet,archives/2026/juillet/10217-pres-barometre-politique-yougov-huffpost-3-juillet.pdf,,archives/2026/juillet/,http://www.commission-des-sondages.fr/notices/files/notices/2026/juillet/10217-pres-barometre-politique-yougov-huffpost-3-juillet.pdf,/notices/medias/fichiers/add/2224,2026-07-06 13:30:35,2026-07-03 16:53:13+02:00
10219-pres-les-francais-et-e-philippe-odoxa-3-juillet.pdf,Pres,2026.0,10219 Pres Les Français et E. Philippe ODOXA 3 juillet,archives/2026/juillet/10219-pres-les-francais-et-e-philippe-odoxa-3-juillet.pdf,,archives/2026/juillet/,http://www.commission-des-sondages.fr/notices/files/notices/2026/juillet/10219-pres-les-francais-et-e-philippe-odoxa-3-juillet.pdf,/notices/medias/fichiers/add/2223,2026-07-06 13:28:38,2026-07-02 15:17:15+02:00
10220-pres-candidature-mlp-odoxa-8-juillet.pdf,Pres,2026.0,10220 Pres candidature MLP ODOXA 8 juillet,archives/2026/juillet/10220-pres-candidature-mlp-odoxa-8-juillet.pdf,,archives/2026/juillet/,http://www.commission-des-sondages.fr/notices/files/notices/2026/juillet/10220-pres-candidature-mlp-odoxa-8-juillet.pdf,/notices/medias/fichiers/add/2225,2026-07-08 13:44:29,2026-07-08 12:52:37+02:00
10221-pres-les-francais-et-la-condamnation-mlp-en-appel-elabe-8-juillet.pdf,Pres,2026.0,10221 Pres Les Français et la condamnation MLP en appel ELABE 8 juillet,archives/2026/juillet/10221-pres-les-francais-et-la-condamnation-mlp-en-appel-elabe-8-juillet.pdf,,archives/2026/juillet/,http://www.commission-des-sondages.fr/notices/files/notices/2026/juillet/10221-pres-les-francais-et-la-condamnation-mlp-en-appel-elabe-8-juillet.pdf,/notices/medias/fichiers/add/2226,2026-07-08 16:29:27,2026-07-08 16:17:10+02:00
10222-pres-ifop-le-figaro-8-juillet.pdf,Pres,2026.0,10222 Pres IFOP Le Figaro 8 juillet,archives/2026/juillet/10222-pres-ifop-le-figaro-8-juillet.pdf,,archives/2026/juillet/,http://www.commission-des-sondages.fr/notices/files/notices/2026/juillet/10222-pres-ifop-le-figaro-8-juillet.pdf,/notices/medias/fichiers/add/2227,2026-07-09 07:46:33,2026-07-08 18:21:54+02:00
10223-pres-iv-toluna-harris-interactive-rtl-8-juillet.pdf,Pres,2026.0,10223 Pres IV TOLUNA HARRIS INTERACTIVE RTL 8 juillet,archives/2026/juillet/10223-pres-iv-toluna-harris-interactive-rtl-8-juillet.pdf,,archives/2026/juillet/,http://www.commission-des-sondages.fr/notices/files/notices/2026/juillet/10223-pres-iv-toluna-harris-interactive-rtl-8-juillet.pdf,/notices/medias/fichiers/add/2228,2026-07-09 09:37:48,2026-07-09 11:12:10+02:00
10224-pres-presitrack-opinionway-les-echos-9-juillet.pdf,Pres,2026.0,10224 Pres Presitrack OPINIONWAY Les Echos 9 juillet,archives/2026/juillet/10224-pres-presitrack-opinionway-les-echos-9-juillet.pdf,,archives/2026/juillet/,http://www.commission-des-sondages.fr/notices/files/notices/2026/juillet/10224-pres-presitrack-opinionway-les-echos-9-juillet.pdf,/notices/medias/fichiers/add/2229,2026-07-10 10:28:26,2026-07-10 09:57:28+00:00
10225-pres-iv-1er-tour-verian-lhemicycle-10-juillet.pdf,Pres,2026.0,10225 Pres IV 1er tour VERIAN LHemicycle 10 juillet,archives/2026/juillet/10225-pres-iv-1er-tour-verian-lhemicycle-10-juillet.pdf,,archives/2026/juillet/,http://www.commission-des-sondages.fr/notices/files/notices/2026/juillet/10225-pres-iv-1er-tour-verian-lhemicycle-10-juillet.pdf,/notices/medias/fichiers/add/2230,2026-07-11 18:14:04,2026-07-10 17:09:12+02:00
10226-pres-elabe-11-juillet.pdf,Pres,2026.0,10226 Pres ELABE 11 juillet,archives/2026/juillet/10226-pres-elabe-11-juillet.pdf,,archives/2026/juillet/,http://www.commission-des-sondages.fr/notices/files/notices/2026/juillet/10226-pres-elabe-11-juillet.pdf,/notices/medias/fichiers/add/2231,2026-07-11 18:40:00,2026-07-10 19:12:59+02:00
10227-pres-barometre-ifop-paris-match-14-juillet.pdf,Pres,2026.0,10227 Pres Tableau de bord IFOP Paris match 14 juillet,archives/2026/juillet/10227-pres-barometre-ifop-paris-match-14-juillet.pdf,,archives/2026/juillet/,http://www.commission-des-sondages.fr/notices/files/notices/2026/juillet/10227-pres-barometre-ifop-paris-match-14-juillet.pdf,/notices/medias/fichiers/add/2232,2026-07-15 14:30:06,2026-07-15 10:38:09+02:00
10228-pres-barometre-cluster17-le-point-14-juillet.pdf,Pres,2026.0,10228 Pres Baromètre Cluster17 Le Point 14 juillet,archives/2026/juillet/10228-pres-barometre-cluster17-le-point-14-juillet.pdf,,archives/2026/juillet/,http://www.commission-des-sondages.fr/notices/files/notices/2026/juillet/10228-pres-barometre-cluster17-le-point-14-juillet.pdf,/notices/medias/fichiers/add/2233,2026-07-16 07:10:08,2026-07-15 20:41:20+02:00
10229-pres-barometre-politique-verian-figaro-mag-16-juillet.pdf,Pres,2026.0,10229 Pres Barometre politique VERIAN Figaro mag 16 juillet,archives/2026/juillet/10229-pres-barometre-politique-verian-figaro-mag-16-juillet.pdf,,archives/2026/juillet/,http://www.commission-des-sondages.fr/notices/files/notices/2026/juillet/10229-pres-barometre-politique-verian-figaro-mag-16-juillet.pdf,/notices/medias/fichiers/add/2234,2026-07-17 14:05:35,2026-07-16 09:07:03+02:00
10230-pres-odoxa-16-juillet.pdf,Pres,2026.0,10230 Pres ODOXA  16 juillet,archives/2026/juillet/10230-pres-odoxa-16-juillet.pdf,,archives/2026/juillet/,http://www.commission-des-sondages.fr/notices/files/notices/2026/juillet/10230-pres-odoxa-16-juillet.pdf,/notices/medias/fichiers/add/2235,2026-07-17 14:28:13,2026-07-16 11:26:10+02:00
10231-pres-barometre-politique-ipsos-bva-la-tribune-dimanche-18-juillet.pdf,Pres,2026.0,10231 Pres Barometre politique IPSOS BVA La Tribune dimanche 18 juillet,archives/2026/juillet/10231-pres-barometre-politique-ipsos-bva-la-tribune-dimanche-18-juillet.pdf,,archives/2026/juillet/,http://www.commission-des-sondages.fr/notices/files/notices/2026/juillet/10231-pres-barometre-politique-ipsos-bva-la-tribune-dimanche-18-juillet.pdf,/notices/medias/fichiers/add/2236,2026-07-19 11:43:38,2026-07-17 20:22:49+02:00
9736-eur-bva-rtl-29-mars.pdf,,2024.0,9736 Eur BVA RTL - 29 Mars,archives/2024/mars/9736-eur-bva-rtl-29-mars.pdf,,archives/2024/mars/,http://www.commission-des-sondages.fr/notices/files/notices/2024/mars/9736-eur-bva-rtl-29-mars.pdf,/notices/medias/fichiers/add/2237,2026-07-20 12:19:24,2024-03-28 20:13:39+01:00
9757-eurotrack-opinionway-les-echos-25-avril-2024.pdf,,2024.0,9757 Eurotrack OpinionWay - les échos 25 avril 2024,archives/2024/avril/9757-eurotrack-opinionway-les-echos-25-avril-2024.pdf,,archives/2024/avril/,http://www.commission-des-sondages.fr/notices/files/notices/2024/avril/9757-eurotrack-opinionway-les-echos-25-avril-2024.pdf,/notices/medias/fichiers/add/2238,2026-07-20 12:20:09,2024-04-24 10:29:05+00:00
10232-pres-indices-popularite-ifop-lopinion-19-juillet.pdf,Pres,2026.0,10232 Pres Indices popularite IFOP LOpinion 19 juillet,archives/2026/juillet/10232-pres-indices-popularite-ifop-lopinion-19-juillet.pdf,,archives/2026/juillet/,http://www.commission-des-sondages.fr/notices/files/notices/2026/juillet/10232-pres-indices-popularite-ifop-lopinion-19-juillet.pdf,/notices/medias/fichiers/add/2240,2026-07-20 12:50:36,2026-07-20 11:20:57+02:00
10233-pres-barometre-stature-vague-4-verian-le-figaro-magazine-23-juillet.pdf,Pres,2026.0,10233 Pres Barometre stature vague 4 VERIAN Le Figaro Magazine 23 juillet,archives/2026/juillet/10233-pres-barometre-stature-vague-4-verian-le-figaro-magazine-23-juillet.pdf,,archives/2026/juillet/,http://www.commission-des-sondages.fr/notices/files/notices/2026/juillet/10233-pres-barometre-stature-vague-4-verian-le-figaro-magazine-23-juillet.pdf,/notices/medias/fichiers/add/2241,2026-07-23 12:34:25,2026-07-22 11:25:44+02:00
10234-indices-popularite-csa-jdd-25-juillet.pdf,,2026.0,10234 Indices popularité CSA JDD 25 juillet,archives/2026/juillet/10234-indices-popularite-csa-jdd-25-juillet.pdf,,archives/2026/juillet/,http://www.commission-des-sondages.fr/notices/files/notices/2026/juillet/10234-indices-popularite-csa-jdd-25-juillet.pdf,/notices/medias/fichiers/add/2242,2026-07-27 07:45:32,2026-07-27 09:45:39+02:00
10235-pres-observatoire-politique-elabe-30-juillet.pdf,Pres,2026.0,10235 Pres Observatoire politique ELABE 30 juillet,archives/2026/juillet/10235-pres-observatoire-politique-elabe-30-juillet.pdf,,archives/2026/juillet/,http://www.commission-des-sondages.fr/notices/files/notices/2026/juillet/10235-pres-observatoire-politique-elabe-30-juillet.pdf,/notices/medias/fichiers/add/2245,2026-07-31 19:07:36,2026-07-29 19:16:53+02:00
10236-pres-barometre-toluna-harris-interactive-lci-31-juillet.pdf,Pres,2026.0,10236 Pres Barometre TOLUNA HARRIS INTERACTIVE LCI 31 juillet,archives/2026/juillet/10236-pres-barometre-toluna-harris-interactive-lci-31-juillet.pdf,,archives/2026/juillet/,http://www.commission-des-sondages.fr/notices/files/notices/2026/juillet/10236-pres-barometre-toluna-harris-interactive-lci-31-juillet.pdf,/notices/medias/fichiers/add/2244,2026-07-31 19:07:31,2026-07-31 12:39:57+02:00
10237-pres-barometre-cluster17-le-point-aout.pdf,Pres,2026.0,10237 Pres Baromètre Cluster17 Le Point Août,archives/2026/aout/10237-pres-barometre-cluster17-le-point-aout.pdf,,archives/2026/aout/,http://www.commission-des-sondages.fr/notices/files/notices/2026/aout/10237-pres-barometre-cluster17-le-point-aout.pdf,/notices/medias/fichiers/add/2246,2026-08-05 15:39:09,2026-08-01 19:24:13+02:00
10238-pres-barometre-politique-yougov-huffpost-8-aout.pdf,Pres,2026.0,10238 Pres Barometre politique YOUGOV Huffpost 8 aout,archives/2026/aout/10238-pres-barometre-politique-yougov-huffpost-8-aout.pdf,,archives/2026/aout/,http://www.commission-des-sondages.fr/notices/files/notices/2026/aout/10238-pres-barometre-politique-yougov-huffpost-8-aout.pdf,/notices/medias/fichiers/add/2247,2026-08-13 07:29:38,2026-08-06 16:58:20+02:00
10239-pres-toluna-harris-interactive-rtl-24-aout.pdf,Pres,2026.0,10239 Pres TOLUNA HARRIS INTERACTIVE RTL 24 aout,archives/2026/aout/10239-pres-toluna-harris-interactive-rtl-24-aout.pdf,,archives/2026/aout/,http://www.commission-des-sondages.fr/notices/files/notices/2026/aout/10239-pres-toluna-harris-interactive-rtl-24-aout.pdf,/notices/medias/fichiers/add/2248,2026-08-24 09:12:55,2026-08-21 18:57:18+02:00
10240-pres-suivi-potentiel-electoral-v8-toluna-harris-interactive-26-aout.pdf,Pres,2026.0,10240 Pres Suivi potentiel electoral V8 TOLUNA HARRIS INTERACTIVE 26 aout,archives/2026/aout/10240-pres-suivi-potentiel-electoral-v8-toluna-harris-interactive-26-aout.pdf,,archives/2026/aout/,http://www.commission-des-sondages.fr/notices/files/notices/2026/aout/10240-pres-suivi-potentiel-electoral-v8-toluna-harris-interactive-26-aout.pdf,/notices/medias/fichiers/add/2249,2026-08-26 06:36:04,2026-08-25 18:10:27+02:00
10241-dep-finistere-ifop-le-telegramme-27-aout.pdf,Leg,2026.0,10241 Dep Finistere IFOP Le Telegramme 27 aout,archives/2026/aout/10241-dep-finistere-ifop-le-telegramme-27-aout.pdf,,archives/2026/aout/,http://www.commission-des-sondages.fr/notices/files/notices/2026/aout/10241-dep-finistere-ifop-le-telegramme-27-aout.pdf,/notices/medias/fichiers/add/2252,2026-08-27 14:44:14,2026-08-26 10:35:18+02:00
10242-pres-barometre-election-pres-iv-v5-ifop-26-aout.pdf,Pres,2026.0,10242 Pres Barometre election pres IV V5 IFOP 26 aout,archives/2026/aout/10242-pres-barometre-election-pres-iv-v5-ifop-26-aout.pdf,,archives/2026/aout/,http://www.commission-des-sondages.fr/notices/files/notices/2026/aout/10242-pres-barometre-election-pres-iv-v5-ifop-26-aout.pdf,/notices/medias/fichiers/add/2250,2026-08-26 17:55:28,2026-08-26 19:03:47+02:00
10243-pres-politique-economique-des-candidats-odoxa-27-aout.pdf,Pres,2026.0,10243 Pres politique economique des candidats ODOXA 27 aout,archives/2026/aout/10243-pres-politique-economique-des-candidats-odoxa-27-aout.pdf,,archives/2026/aout/,http://www.commission-des-sondages.fr/notices/files/notices/2026/aout/10243-pres-politique-economique-des-candidats-odoxa-27-aout.pdf,/notices/medias/fichiers/add/2251,2026-08-27 14:43:39,2026-08-27 16:11:51+02:00
10244-pres-indices-popularite-executif-csa-jdd-29-aout.pdf,Pres,2026.0,10244 Pres Indices popularité executif CSA JDD 29 aout,archives/2026/aout/10244-pres-indices-popularite-executif-csa-jdd-29-aout.pdf,,archives/2026/aout/,http://www.commission-des-sondages.fr/notices/files/notices/2026/aout/10244-pres-indices-popularite-executif-csa-jdd-29-aout.pdf,/notices/medias/fichiers/add/2254,2026-08-30 06:41:32,2026-08-28 19:37:43+02:00
10245-pres-iv-elabe-29-aout.pdf,Pres,2026.0,10245 Pres IV ELABE  29 aout,archives/2026/aout/10245-pres-iv-elabe-29-aout.pdf,,archives/2026/aout/,http://www.commission-des-sondages.fr/notices/files/notices/2026/aout/10245-pres-iv-elabe-29-aout.pdf,/notices/medias/fichiers/add/2253,2026-08-29 18:09:48,2026-08-28 21:04:59+02:00
10246-pres-cluster17-le-grand-continent-31-aout.pdf,Pres,2026.0,10246 Pres CLUSTER17 Le grand continent 31 août,archives/2026/aout/10246-pres-cluster17-le-grand-continent-31-aout.pdf,,archives/2026/aout/,http://www.commission-des-sondages.fr/notices/files/notices/2026/aout/10246-pres-cluster17-le-grand-continent-31-aout.pdf,/notices/medias/fichiers/add/2256,2026-09-01 16:03:35,2026-09-01 17:16:00+02:00
9889a-pres-iv-opinionway-challenges-18-septembre.pdf,Pres,2024.0,9889A Pres IV OPINIONWAY Challenges 18 septembre,archives/2024/septembre/9889a-pres-iv-opinionway-challenges-18-septembre.pdf,,archives/2024/septembre/,http://www.commission-des-sondages.fr/notices/files/notices/2024/septembre/9889a-pres-iv-opinionway-challenges-18-septembre.pdf,/notices/medias/fichiers/add/2258,2026-09-02 13:40:40,2026-09-02 13:17:51+02:00
10166a-pres-iv-opinionway-lopinion-30-mars.pdf,Pres,2026.0,10166A Pres IV OPINIONWAY LOpinion 30 mars,archives/2026/mars/10166a-pres-iv-opinionway-lopinion-30-mars.pdf,,archives/2026/mars/,http://www.commission-des-sondages.fr/notices/files/notices/2026/mars/10166a-pres-iv-opinionway-lopinion-30-mars.pdf,/notices/medias/fichiers/add/2257,2026-09-02 13:18:02,2026-09-02 13:16:14+02:00
10247-pres-observatoire-politique-elabe-3-septembre.pdf,Pres,2026.0,10247 Pres Observatoire politique ELABE 3 septembre,archives/2026/septembre/10247-pres-observatoire-politique-elabe-3-septembre.pdf,,archives/2026/septembre/,http://www.commission-des-sondages.fr/notices/files/notices/2026/septembre/10247-pres-observatoire-politique-elabe-3-septembre.pdf,/notices/medias/fichiers/add/2260,2026-09-05 06:57:45,2026-09-03 14:21:33+02:00
10248-pres-barometre-politique-verian-3-septembre.pdf,Pres,2026.0,10248 Pres Barometre politique VERIAN 3 septembre,archives/2026/septembre/10248-pres-barometre-politique-verian-3-septembre.pdf,,archives/2026/septembre/,http://www.commission-des-sondages.fr/notices/files/notices/2026/septembre/10248-pres-barometre-politique-verian-3-septembre.pdf,/notices/medias/fichiers/add/2261,2026-09-05 06:57:51,2026-09-03 17:14:40+02:00
10249-pres-barometre-politique-yougov-le-huffpost-4-septembre.pdf,Pres,2026.0,10249 Pres Barometre politique YOUGOV Le Huffpost 4 septembre,archives/2026/septembre/10249-pres-barometre-politique-yougov-le-huffpost-4-septembre.pdf,,archives/2026/septembre/,http://www.commission-des-sondages.fr/notices/files/notices/2026/septembre/10249-pres-barometre-politique-yougov-le-huffpost-4-septembre.pdf,/notices/medias/fichiers/add/2259,2026-09-05 06:57:19,2026-09-05 08:57:07+02:00
10250-pres-iv-ipsos-bva-le-parisien-5-septembre.pdf,Pres,2026.0,10250 Pres IV IPSOS BVA Le Parisien 5 septembre,archives/2026/septembre/10250-pres-iv-ipsos-bva-le-parisien-5-septembre.pdf,,archives/2026/septembre/,http://www.commission-des-sondages.fr/notices/files/notices/2026/septembre/10250-pres-iv-ipsos-bva-le-parisien-5-septembre.pdf,/notices/medias/fichiers/add/2262,2026-09-05 16:23:50,2026-09-04 18:26:26+02:00
10251-pres-iv-cluster-17-le-point-5-septembre.pdf,Pres,2026.0,10251 Pres IV CLUSTER 17 Le Point 5 septembre,archives/2026/septembre/10251-pres-iv-cluster-17-le-point-5-septembre.pdf,,archives/2026/septembre/,http://www.commission-des-sondages.fr/notices/files/notices/2026/septembre/10251-pres-iv-cluster-17-le-point-5-septembre.pdf,/notices/medias/fichiers/add/2263,2026-09-05 16:46:30,2026-09-05 12:44:42+02:00
10252-pres-iv-opinionway-jdd-7-septembre.pdf,Pres,2026.0,10252 Pres IV OPINIONWAY JDD 7 septembre,archives/2026/septembre/10252-pres-iv-opinionway-jdd-7-septembre.pdf,,archives/2026/septembre/,http://www.commission-des-sondages.fr/notices/files/notices/2026/septembre/10252-pres-iv-opinionway-jdd-7-septembre.pdf,/notices/medias/fichiers/add/2264,2026-09-07 08:03:55,2026-09-05 17:13:45+00:00
10253-pres-port-du-voile-amende-csa-jdd-2-septembre.pdf,Pres,2026.0,10253 Pres port du voile amende CSA JDD 2 septembre,archives/2026/septembre/10253-pres-port-du-voile-amende-csa-jdd-2-septembre.pdf,,archives/2026/septembre/,http://www.commission-des-sondages.fr/notices/files/notices/2026/septembre/10253-pres-port-du-voile-amende-csa-jdd-2-septembre.pdf,/notices/medias/fichiers/add/2265,2026-09-07 11:43:58,2026-09-07 13:17:06+02:00
10254-pres-port-du-voile-interdiction-csa-jdd-2-septembre.pdf,Pres,2026.0,10254 Pres port du voile interdiction CSA JDD 2 septembre,archives/2026/septembre/10254-pres-port-du-voile-interdiction-csa-jdd-2-septembre.pdf,,archives/2026/septembre/,http://www.commission-des-sondages.fr/notices/files/notices/2026/septembre/10254-pres-port-du-voile-interdiction-csa-jdd-2-septembre.pdf,/notices/medias/fichiers/add/2266,2026-09-07 11:44:33,2026-09-07 13:17:22+02:00
10255-pres-csa-cnews-8-septembre.pdf,Pres,2026.0,10255 Pres CSA Cnews 8 septembre,archives/2026/septembre/10255-pres-csa-cnews-8-septembre.pdf,,archives/2026/septembre/,http://www.commission-des-sondages.fr/notices/files/notices/2026/septembre/10255-pres-csa-cnews-8-septembre.pdf,/notices/medias/fichiers/add/2267,2026-09-09 07:46:19,2026-09-08 13:03:45+02:00
10251a-pres-barometre-cluster17-le-point-10-septembre.pdf,,,10251A Pres Barometre CLUSTER17 Le Point 10 septembre,archives/2026/septembre/10251a-pres-barometre-cluster17-le-point-10-septembre.pdf,,archives/2026/septembre/,http://www.commission-des-sondages.fr/notices/files/notices/2026/septembre/10251a-pres-barometre-cluster17-le-point-10-septembre.pdf,,,
10256-tbd-personnalites-politique-ifop-sud-radio-8-septembre.pdf,,2026.0,10256 TBD Personnalites politique IFOP Sud Radio 8 septembre,archives/2026/septembre/10256-tbd-personnalites-politique-ifop-sud-radio-8-septembre.pdf,,archives/2026/septembre/,http://www.commission-des-sondages.fr/notices/files/notices/2026/septembre/10256-tbd-personnalites-politique-ifop-sud-radio-8-septembre.pdf,/notices/medias/fichiers/add/2268,2026-09-09 14:56:19,2026-09-08 19:09:41+02:00
10251a-pres-barometre-cluster17-le-point-10-septembre.pdf,Pres,2026.0,10251 A Pres Barometre CLUSTER17 Le Point 10 septembre,archives/2026/septembre/10251a-pres-barometre-cluster17-le-point-10-septembre.pdf,,archives/2026/septembre/,http://www.commission-des-sondages.fr/notices/files/notices/2026/septembre/10251a-pres-barometre-cluster17-le-point-10-septembre.pdf,/notices/medias/fichiers/add/2269,,
10257-pres-primaire-droite-centre-odoxa-9-septembre.pdf,Prim,2026.0,10257 Pres primaire droite centre ODOXA 9 septembre,archives/2026/septembre/10257-pres-primaire-droite-centre-odoxa-9-septembre.pdf,,archives/2026/septembre/,http://www.commission-des-sondages.fr/notices/files/notices/2026/septembre/10257-pres-primaire-droite-centre-odoxa-9-septembre.pdf,/notices/medias/fichiers/add/2272,2026-09-11 07:13:22,2026-09-09 16:38:28+02:00
10258-pres-barometre-stature-presidentielle-verian-le-figaro-magazine-10-septembre.pdf,Pres,2026.0,10258 Pres Barometre stature presidentielle VERIAN Le Figaro magazine 10 septembre,archives/2026/septembre/10258-pres-barometre-stature-presidentielle-verian-le-figaro-magazine-10-septembre.pdf,,archives/2026/septembre/,http://www.commission-des-sondages.fr/notices/files/notices/2026/septembre/10258-pres-barometre-stature-presidentielle-verian-le-figaro-magazine-10-septembre.pdf,/notices/medias/fichiers/add/2271,2026-09-11 07:12:59,2026-09-09 17:05:52+02:00
10259-pres-presitrack-v2-opinionway-les-echos-10-septembre.pdf,Pres,2026.0,10259 Pres Presitrack V2 OPINIONWAY Les Echos 10 septembre,archives/2026/septembre/10259-pres-presitrack-v2-opinionway-les-echos-10-septembre.pdf,,archives/2026/septembre/,http://www.commission-des-sondages.fr/notices/files/notices/2026/septembre/10259-pres-presitrack-v2-opinionway-les-echos-10-septembre.pdf,/notices/medias/fichiers/add/2270,2026-09-11 07:12:27,2026-09-10 22:04:20+00:00
10260-pres-iv-opinionway-cnews-11-septembre.pdf,Pres,2026.0,10260 Pres IV OPINIONWAY Cnews 11 septembre,archives/2026/septembre/10260-pres-iv-opinionway-cnews-11-septembre.pdf,archives_txt/2026/septembre/10260-pres-iv-opinionway-cnews-11-septembre.txt,archives/2026/septembre/,http://www.commission-des-sondages.fr/notices/files/notices/2026/septembre/10260-pres-iv-opinionway-cnews-11-septembre.pdf,/notices/medias/fichiers/add/2273,2026-09-11 13:27:43,2026-09-11 09:48:39+00:00
10261-pres-barometre-politique-ipsos-bva-la-tribune-12-septembre.pdf,Pres,2026.0,10261 Pres Barometre politique IPSOS BVA La Tribune 12 septembre,archives/2026/septembre/10261-pres-barometre-politique-ipsos-bva-la-tribune-12-septembre.pdf,archives_txt/2026/septembre/10261-pres-barometre-politique-ipsos-bva-la-tribune-12-septembre.txt,archives/2026/septembre/,http://www.commission-des-sondages.fr/notices/files/notices/2026/septembre/10261-pres-barometre-politique-ipsos-bva-la-tribune-12-septembre.pdf,/notices/medias/fichiers/add/2278,2026-09-13 09:22:30,2026-09-11 18:20:51+02:00
10262-pres-enquete-electorale-ipsos-bva-le-monde-13-septembre.pdf,Pres,2026.0,10262 Pres Enquete electorale IPSOS BVA Le Monde 13 septembre,archives/2026/septembre/10262-pres-enquete-electorale-ipsos-bva-le-monde-13-septembre.pdf,archives_txt/2026/septembre/10262-pres-enquete-electorale-ipsos-bva-le-monde-13-septembre.txt,archives/2026/septembre/,http://www.commission-des-sondages.fr/notices/files/notices/2026/septembre/10262-pres-enquete-electorale-ipsos-bva-le-monde-13-septembre.pdf,/notices/medias/fichiers/add/2275,2026-09-13 19:35:44,2026-09-11 19:16:23+02:00
10263-pres-iv-toluna-harris-interactive-rtl-14-septembre.pdf,Pres,2026.0,10263 Pres IV TOLUNA HARRIS INTERACTIVE RTL 14 septembre,archives/2026/septembre/10263-pres-iv-toluna-harris-interactive-rtl-14-septembre.pdf,archives_txt/2026/septembre/10263-pres-iv-toluna-harris-interactive-rtl-14-septembre.txt,archives/2026/septembre/,http://www.commission-des-sondages.fr/notices/files/notices/2026/septembre/10263-pres-iv-toluna-harris-interactive-rtl-14-septembre.pdf,/notices/medias/fichiers/add/2276,2026-09-14 06:12:17,2026-09-11 16:42:32+02:00
10264-pres-opinionway-facebook-15-septembre.pdf,Pres,2026.0,10264 Pres OPINIONWAY Facebook 15 septembre,archives/2026/septembre/10264-pres-opinionway-facebook-15-septembre.pdf,archives_txt/2026/septembre/10264-pres-opinionway-facebook-15-septembre.txt,archives/2026/septembre/,http://www.commission-des-sondages.fr/notices/files/notices/2026/septembre/10264-pres-opinionway-facebook-15-septembre.pdf,/notices/medias/fichiers/add/2277,2026-09-15 08:57:30,2026-09-14 19:07:12+00:00
10265-pres-taxe-carburants-csa-17-septembre.pdf,Pres,2026.0,10265 Pres Taxe carburants CSA 17 septembre,archives/2026/septembre/10265-pres-taxe-carburants-csa-17-septembre.pdf,archives_txt/2026/septembre/10265-pres-taxe-carburants-csa-17-septembre.txt,archives/2026/septembre/,http://www.commission-des-sondages.fr/notices/files/notices/2026/septembre/10265-pres-taxe-carburants-csa-17-septembre.pdf,/notices/medias/fichiers/add/2281,2026-09-17 08:09:33,2026-09-16 11:39:42+02:00
10266-pres-le-pouvoir-dachat-elabe-16-septembre.pdf,Pres,2026.0,10266 Pres Le pouvoir dachat ELABE 16 septembre,archives/2026/septembre/10266-pres-le-pouvoir-dachat-elabe-16-septembre.pdf,archives_txt/2026/septembre/10266-pres-le-pouvoir-dachat-elabe-16-septembre.txt,archives/2026/septembre/,http://www.commission-des-sondages.fr/notices/files/notices/2026/septembre/10266-pres-le-pouvoir-dachat-elabe-16-septembre.pdf,/notices/medias/fichiers/add/2279,2026-09-16 15:03:45,2026-09-16 16:29:07+02:00
10267-pres-odoxa-le-figaro-16-septembre.pdf,Pres,2026.0,10267 Pres ODOXA Le Figaro 16 septembre,archives/2026/septembre/10267-pres-odoxa-le-figaro-16-septembre.pdf,archives_txt/2026/septembre/10267-pres-odoxa-le-figaro-16-septembre.txt,archives/2026/septembre/,http://www.commission-des-sondages.fr/notices/files/notices/2026/septembre/10267-pres-odoxa-le-figaro-16-septembre.pdf,/notices/medias/fichiers/add/2280,2026-09-17 07:52:38,2026-09-16 16:08:02+02:00
10268-pres-question-csa-cnews-18-septembre.pdf,Pres,2026.0,10268 Pres Question CSA Cnews 18 septembre,archives/2026/septembre/10268-pres-question-csa-cnews-18-septembre.pdf,archives_txt/2026/septembre/10268-pres-question-csa-cnews-18-septembre.txt,archives/2026/septembre/,http://www.commission-des-sondages.fr/notices/files/notices/2026/septembre/10268-pres-question-csa-cnews-18-septembre.pdf,/notices/medias/fichiers/add/2282,2026-09-19 13:14:59,2026-09-16 11:41:02+02:00
